duration,src_bytes,dst_bytes,src_port,dst_port,protocol_num,count_10s,srv_count_10s,failed_logins,is_privileged,outbound_bytes_rate,label,attack_category
0.724540693562996,1527,2354,65083,443,1,0,1,0,0,117.84246493091345,NORMAL,NORMAL
2.3807823608790373,643,380,54291,80,1,2,1,0,0,199.70697521867788,NORMAL,NORMAL
0.2943939148065655,397,4382,61430,8080,1,1,2,0,0,149.298459228645,NORMAL,NORMAL
0.9587371478790461,444,1751,52723,8080,1,2,1,0,0,166.18839474358887,NORMAL,NORMAL
0.04949798667276796,304,5369,62850,80,2,0,3,0,0,155.72400830572397,NORMAL,NORMAL
1.756798137702387,568,1885,60303,80,1,3,1,0,0,184.6126760808152,NORMAL,NORMAL
0.46419308769507095,305,1522,59734,80,1,1,4,0,0,167.54393785537226,NORMAL,NORMAL
0.8385480064607651,1204,4225,62544,80,1,1,5,0,0,211.94648707014167,NORMAL,NORMAL
0.45943935017122817,96,2638,54752,53,1,1,1,0,0,146.890373886748,NORMAL,NORMAL
2.439935822662205,598,7257,49211,443,2,4,1,0,0,169.28451646844604,NORMAL,NORMAL
0.20253655488209932,418,4321,56356,80,1,3,3,0,0,126.97419841076723,NORMAL,NORMAL
5.554049784896203,644,5147,50698,53,1,1,0,0,0,199.27937885078543,NORMAL,NORMAL
0.7716242836938737,632,1074,58581,443,1,4,1,0,0,158.97680153529,NORMAL,NORMAL
2.094165610559728,277,5756,50090,443,1,0,3,0,0,104.19609811225232,NORMAL,NORMAL
0.7886660324499405,134,78,63146,3389,1,24,57,5,0,129.39432061010632,MALICIOUS,BRUTE_FORCE
0.014985284669654073,61,0,61816,441,1,46,1,0,0,837.2583622968923,MALICIOUS,PORT_SCAN
1.5117666288702138,551,5897,56065,443,1,3,3,0,0,172.298240018907,NORMAL,NORMAL
0.46021622884462143,148,148,58190,3389,1,54,32,24,0,174.80699492019573,MALICIOUS,BRUTE_FORCE
0.011047017017718687,517,4137,62272,443,1,4,1,0,0,137.06264263911845,NORMAL,NORMAL
0.24329417384599203,686,8401,62694,80,1,1,1,0,0,81.85671358908168,NORMAL,NORMAL
1.3518720781250708,80,1092,50613,80,1,1,2,0,0,86.18596430965417,NORMAL,NORMAL
0.7781563926605459,175,144,62893,22,1,25,50,8,0,150.43110156017008,MALICIOUS,BRUTE_FORCE
3.5086088878796935,839,7556,58553,80,1,2,1,0,0,174.3494758436749,NORMAL,NORMAL
0.4471142882157567,395,3925,59939,80,1,1,2,0,0,5.956595821619288,NORMAL,NORMAL
2.5807619134286286,197,471,52413,22,1,3,7,1,1,251.6611650333303,MALICIOUS,PRIVILEGE_ESCALATION
0.29044936228103757,1045,5817,62694,80,1,1,1,0,0,139.85919417035691,NORMAL,NORMAL
2.472113030334708,5382,566,65144,80,1,16,20,0,0,2381.6647868864366,MALICIOUS,WEB_ATTACK
1.934820391354467,249,3519,58813,80,1,2,3,0,0,182.45449269618842,NORMAL,NORMAL
3.681260571609035,562,1421,56322,3389,1,2,5,2,0,124.26143171228017,SUSPICIOUS,SUSPICIOUS_LOGIN
1.1239760868790307,1378,1529,53863,53,1,2,1,0,0,202.0937889358262,NORMAL,NORMAL
0.6065601420836888,372,8986,50843,443,1,8,2,0,0,64.22473004681731,NORMAL,NORMAL
2.7886374332968984,525,2268,50192,3306,1,3,4,0,0,155.0565131773447,NORMAL,NORMAL
2.506221866332846,325,430,50371,445,1,4,7,1,1,310.727958092344,MALICIOUS,PRIVILEGE_ESCALATION
110.29381974310671,5996788,5303,54470,8443,1,3,1,0,0,58342.643649871694,MALICIOUS,DATA_EXFILTRATION
1.727822210722954,273,6586,55920,443,1,3,0,0,0,172.74614786581495,NORMAL,NORMAL
0.6178594915898872,492,5953,62166,80,1,5,3,0,0,116.26512501761985,NORMAL,NORMAL
0.022759390741867194,69,0,45918,827,1,98,2,0,0,648.5216234190349,MALICIOUS,PORT_SCAN
2.227115734518918,4996,770,61080,80,1,14,21,0,0,2693.943436208722,MALICIOUS,WEB_ATTACK
114.41853810727113,13521290,4800,61598,8443,1,1,1,0,0,322562.9863568562,MALICIOUS,DATA_EXFILTRATION
3.7837987795239987,113,1649,65245,80,1,3,0,0,0,135.1829498179144,NORMAL,NORMAL
0.024136039427479394,55,0,51519,354,1,77,1,0,0,914.9971245440536,MALICIOUS,PORT_SCAN
2.0171025668987026,3039,696,53575,8080,1,16,10,0,0,780.7360977249376,MALICIOUS,WEB_ATTACK
2.0036046793024327,673,4610,54445,53,1,2,0,0,0,153.30921743201915,NORMAL,NORMAL
4.909158194281322,303,4918,61007,8080,1,4,1,0,0,227.83485139310736,NORMAL,NORMAL
0.7418643331265872,988,2613,53152,53,1,2,2,0,0,169.24686230316908,NORMAL,NORMAL
0.0598338583971042,65,0,48080,194,1,106,1,0,0,770.1944050540687,MALICIOUS,PORT_SCAN
0.06710658590589309,52,0,42136,880,1,103,1,0,0,735.7416642634398,MALICIOUS,PORT_SCAN
4.1600189208150535,287,970,52810,22,1,2,5,2,1,216.12277342073475,SUSPICIOUS,SUSPICIOUS_LOGIN
0.5427971230783171,93,113,64350,3389,1,49,25,12,0,148.66599350311245,MALICIOUS,BRUTE_FORCE
4.186754675438129,542,8323,50607,443,1,1,1,0,0,146.01069117318872,NORMAL,NORMAL
1.7107692207477023,304,786,64167,3389,1,2,5,1,0,323.26950499178156,SUSPICIOUS,SUSPICIOUS_LOGIN
2.311763264281505,527,827,63056,22,1,5,5,1,0,134.88542985843247,SUSPICIOUS,SUSPICIOUS_LOGIN
0.9839885325801856,163,3275,62326,80,2,2,1,0,0,149.43106416772505,NORMAL,NORMAL
0.5328079387620575,1206,4028,55864,443,1,2,3,0,0,98.82810008841662,NORMAL,NORMAL
0.8619509377035168,413,3682,50673,80,1,3,0,0,0,85.2752331842585,NORMAL,NORMAL
0.7545848613776377,128,109,60931,445,1,48,43,13,0,198.9780330218066,MALICIOUS,BRUTE_FORCE
0.17673651361498982,534,5622,59898,53,1,1,2,0,0,129.87214446330523,NORMAL,NORMAL
1.3875927387151439,509,2713,56342,8080,1,4,1,0,0,163.4014850104987,NORMAL,NORMAL
0.4990480345901176,49,8355,49712,443,1,0,4,0,0,119.22675382598382,NORMAL,NORMAL
1.2747440585882055,740,5546,53473,443,1,2,3,0,0,200.8589916912151,NORMAL,NORMAL
0.5826025756080186,349,1771,65373,443,1,1,4,0,0,121.96843589975185,NORMAL,NORMAL
1.5910194029000075,4860,292,60937,8080,1,17,9,0,0,1314.8327815076054,MALICIOUS,WEB_ATTACK
1.1605807042262661,1379,748,49153,80,1,9,16,0,0,1433.1842046374575,MALICIOUS,WEB_ATTACK
0.05055980032901233,66,0,43013,888,2,62,2,0,0,1102.9590952779877,MALICIOUS,PORT_SCAN
0.14833389628174903,822,5927,53604,443,1,1,2,0,0,166.199020350821,NORMAL,NORMAL
1.3631214859956806,812,1536,64153,443,1,1,3,0,0,112.89665540455067,NORMAL,NORMAL
0.11719001038037803,105,45,65531,3389,1,22,46,9,0,88.10915369895478,MALICIOUS,BRUTE_FORCE
0.39544599597349017,585,3929,53935,53,1,2,0,0,0,183.88524614092574,NORMAL,NORMAL
0.02034124674081781,58,0,49050,584,1,79,1,0,0,1037.2748002722346,MALICIOUS,PORT_SCAN
1.4243859886252384,376,329,52169,445,1,4,6,0,1,360.62282625641603,MALICIOUS,PRIVILEGE_ESCALATION
1.1298289729411306,194,3092,53377,80,1,5,2,0,0,139.13486467283926,NORMAL,NORMAL
0.5928147539967902,231,4487,63603,443,1,3,0,0,0,164.07564271625745,NORMAL,NORMAL
1.7254290076723198,500,4994,61618,80,2,4,1,0,0,157.73492695301826,NORMAL,NORMAL
1.4739740115967144,41,7755,55267,443,1,0,2,0,0,167.68316147204033,NORMAL,NORMAL
2.3134783278678563,241,7332,51407,443,1,2,2,0,0,168.09748154763773,NORMAL,NORMAL
0.22062724906514092,120,4238,63212,80,1,3,4,0,0,125.79042347216436,NORMAL,NORMAL
1.8888458702204491,1090,3117,61642,443,1,2,3,0,0,154.98379235663907,NORMAL,NORMAL
4.675922282973612,287,4031,53826,53,1,2,4,0,0,175.42691822805145,NORMAL,NORMAL
2.247339779082188,1945,3013,50812,80,1,3,1,0,0,112.26208882409082,NORMAL,NORMAL
0.06112988667719778,64,0,50532,207,1,73,2,0,0,699.3057001020022,MALICIOUS,PORT_SCAN
0.2646187031800762,80,136,55462,445,1,50,39,11,0,124.97540153364451,MALICIOUS,BRUTE_FORCE
0.5372094331887051,145,61,58740,22,1,15,43,23,0,225.6749799934502,MALICIOUS,BRUTE_FORCE
0.8299226364588359,2750,475,49685,443,1,16,17,0,0,2141.2051381075244,MALICIOUS,WEB_ATTACK
0.5008293860855408,684,4862,50924,53,1,3,1,0,0,149.3755824654027,NORMAL,NORMAL
0.6767540038527173,130,142,54825,22,1,42,40,8,0,166.214173189691,MALICIOUS,BRUTE_FORCE
0.2483284506437815,269,2111,57496,53,2,5,1,0,0,190.66844890024012,NORMAL,NORMAL
3.057663247859452,321,3140,59883,80,2,3,0,0,0,181.8536007899533,NORMAL,NORMAL
0.9566826029719767,321,6344,63692,8080,1,2,5,0,0,140.28306215294077,NORMAL,NORMAL
1.0899664375730644,317,265,60338,445,1,4,6,1,1,384.04800079502763,MALICIOUS,PRIVILEGE_ESCALATION
0.06677209720921048,63,0,52720,959,2,77,2,0,0,1036.886893605823,MALICIOUS,PORT_SCAN
1.2366779609659948,5312,351,57804,80,1,9,21,0,0,2374.468530085596,MALICIOUS,WEB_ATTACK
0.6617701763245802,1097,5176,55024,5432,1,3,4,0,0,140.2440734620686,NORMAL,NORMAL
2.8173442061752465,1138,4660,50206,443,1,1,3,0,0,146.4654816317866,NORMAL,NORMAL
1.016154588442323,404,5955,61080,53,1,2,1,0,0,92.25525770931603,NORMAL,NORMAL
2.6647216673701495,342,5190,52968,80,1,3,3,0,0,167.94689860768597,NORMAL,NORMAL
0.8737727782001397,314,425,57183,445,1,3,4,0,1,343.0370811312421,MALICIOUS,PRIVILEGE_ESCALATION
3.9654450478569876,1514,5417,57388,443,1,2,2,0,0,207.69763149750122,NORMAL,NORMAL
0.4140465024010225,104,65,64381,22,1,57,44,24,0,239.2761791961467,MALICIOUS,BRUTE_FORCE
0.029030959847917565,337,4242,57090,53,1,1,2,0,0,150.1552246672163,NORMAL,NORMAL
0.1617012690879973,481,8109,50975,80,1,3,3,0,0,154.3071947890642,NORMAL,NORMAL
4.792983293482216,448,2835,60089,443,1,1,2,0,0,121.04752808491835,NORMAL,NORMAL
1.0595431250890401,1213,2008,61586,443,1,0,1,0,0,151.20935210869342,NORMAL,NORMAL
0.513151086872969,249,2904,51353,53,2,1,2,0,0,106.50232092669036,NORMAL,NORMAL
1.9896961640395054,336,1147,52331,22,1,2,2,1,0,132.9807902934487,SUSPICIOUS,SUSPICIOUS_LOGIN
0.9341768414884556,409,11523,64856,3306,1,2,1,0,0,80.2139903880539,NORMAL,NORMAL
1.766538062936556,112,3884,60606,443,2,1,2,0,0,153.22826505546965,NORMAL,NORMAL
0.4302282895041435,653,7648,55312,80,1,0,1,0,0,187.88313507911533,NORMAL,NORMAL
4.576808464873646,807,5034,65000,53,1,2,2,0,0,95.35162477595739,NORMAL,NORMAL
3.816940671555532,266,603,64518,3389,1,3,4,2,0,147.54803409616227,SUSPICIOUS,SUSPICIOUS_LOGIN
0.14333340071204065,511,2207,63939,80,1,4,3,0,0,199.96463301657386,NORMAL,NORMAL
0.20917518593234222,323,6304,64930,443,1,1,0,0,0,156.88581634649074,NORMAL,NORMAL
1.12211804834135,537,7752,49830,443,1,4,2,0,0,181.2589847544503,NORMAL,NORMAL
2.2830853903015043,2430,457,49927,80,1,23,20,0,0,1927.9546481859393,MALICIOUS,WEB_ATTACK
0.0519562777531179,575,8123,56355,8080,1,2,1,0,0,110.93518736545775,NORMAL,NORMAL
1.453079435613163,504,2997,52016,53,1,3,2,0,0,161.54929386854778,NORMAL,NORMAL
0.03734937893993012,69,0,47842,301,1,76,2,0,0,516.8386066712864,MALICIOUS,PORT_SCAN
0.0653419058298367,1518,3145,65043,80,1,3,2,0,0,187.8265225826803,NORMAL,NORMAL
1.79728365982776,710,4339,57831,443,1,2,2,0,0,160.7018160362627,NORMAL,NORMAL
4.885346543770397,722,4865,60562,80,1,3,3,0,0,67.57205941344344,NORMAL,NORMAL
1.499433466620843,375,5153,50108,443,1,3,1,0,0,83.84742490713066,NORMAL,NORMAL
1.536500579874788,758,6271,55126,443,1,5,0,0,0,100.65513925251591,NORMAL,NORMAL
3.0083487918268403,1350,3349,53126,443,1,0,1,0,0,169.49302350342901,NORMAL,NORMAL
2.0164649732740187,151,311,50372,445,1,4,4,1,1,183.49268160365767,MALICIOUS,PRIVILEGE_ESCALATION
2.021541734597297,2179,10254,64950,80,1,2,3,0,0,169.57023667997777,NORMAL,NORMAL
0.7647616622061837,240,3297,64140,443,1,4,1,0,0,135.55241104708355,NORMAL,NORMAL
2.724433119578265,287,158,64002,445,1,5,7,1,1,368.95174721283524,MALICIOUS,PRIVILEGE_ESCALATION
1.5604464610561148,497,3626,64335,443,1,3,2,0,0,101.8924172319044,NORMAL,NORMAL
1.0852010865749138,447,273,52294,22,1,4,3,0,1,233.64885342254388,MALICIOUS,PRIVILEGE_ESCALATION
0.24813975333497368,564,4958,62503,53,1,5,1,0,0,91.91013529659378,NORMAL,NORMAL
0.2828615743655484,161,119,63569,22,1,27,18,17,0,200.37969358881614,MALICIOUS,BRUTE_FORCE
1.1206694849912104,2915,719,55538,8080,1,22,21,0,0,1310.2203880034933,MALICIOUS,WEB_ATTACK
0.24246245194568486,72,73,61757,22,1,33,37,13,0,155.61024000208647,MALICIOUS,BRUTE_FORCE
1.5646634812514018,297,4843,53295,80,1,2,1,0,0,145.2823412356304,NORMAL,NORMAL
0.5449275739206209,578,5331,60692,80,1,3,3,0,0,151.48773114482677,NORMAL,NORMAL
0.06920922350751511,47,0,60610,401,1,53,2,0,0,1074.6519602594221,MALICIOUS,PORT_SCAN
2.04932261215446,4415,467,59755,8080,1,15,18,0,0,960.0062228632607,MALICIOUS,WEB_ATTACK
2.088740118201824,337,1050,58001,22,1,4,3,3,0,115.63902900685169,SUSPICIOUS,SUSPICIOUS_LOGIN
0.046119354516543434,53,0,40334,887,1,73,1,0,0,1146.9204341707298,MALICIOUS,PORT_SCAN
5.65367169561115,876,1531,63218,443,1,1,1,0,0,161.60151212215607,NORMAL,NORMAL
1.1348889858503663,1185,8284,58896,80,1,1,2,0,0,169.9288699398714,NORMAL,NORMAL
0.059633340512190665,48,0,49649,200,1,60,1,0,0,1022.8506577663297,MALICIOUS,PORT_SCAN
0.01777304804766647,40,0,47624,152,1,111,2,0,0,688.2747412987985,MALICIOUS,PORT_SCAN
25.950646818151725,8680392,7133,57885,443,1,3,1,0,0,277509.8324675714,MALICIOUS,DATA_EXFILTRATION
0.022856169297050477,61,0,62504,551,1,44,1,0,0,996.4930657171643,MALICIOUS,PORT_SCAN
3.8558928322895243,292,634,63962,443,1,2,5,1,0,241.69626688692549,SUSPICIOUS,SUSPICIOUS_LOGIN
0.21496549394636394,211,110,57893,445,1,57,39,21,0,90.85494306500507,MALICIOUS,BRUTE_FORCE
0.4749497624461958,761,4925,49252,443,1,0,3,0,0,154.55673409010592,NORMAL,NORMAL
0.01802758776694061,53,0,53805,674,1,101,1,0,0,1184.914612493365,MALICIOUS,PORT_SCAN
0.6217651997824161,214,2507,51311,53,1,3,2,0,0,131.2750496397931,NORMAL,NORMAL
1.5247920330679055,226,5891,56291,3306,1,4,2,0,0,169.51610951101532,NORMAL,NORMAL
1.7102590036693348,1537,3020,53141,53,2,3,2,0,0,179.20144053947024,NORMAL,NORMAL
0.05295022089163499,63,0,60781,584,1,47,2,0,0,503.15983354951214,MALICIOUS,PORT_SCAN
1.7873878644767398,726,1246,52910,3389,1,2,2,3,1,106.3767506761657,SUSPICIOUS,SUSPICIOUS_LOGIN
95.36662739474316,3266710,1623,56768,8443,1,3,1,0,0,363988.14933733945,MALICIOUS,DATA_EXFILTRATION
0.6030943381596572,367,2819,53469,443,1,1,1,0,0,142.77601220955486,NORMAL,NORMAL
3.982425128820937,329,6856,52779,443,2,1,2,0,0,163.15004438638738,NORMAL,NORMAL
1.4955817502994053,836,4238,59381,80,1,4,7,0,0,228.03428379987935,NORMAL,NORMAL
1.4197502323235964,292,4968,54885,443,1,0,0,0,0,180.89896048108196,NORMAL,NORMAL
0.07099449466499198,63,0,59667,280,1,54,2,0,0,1124.3955432745488,MALICIOUS,PORT_SCAN
0.49283387237102905,577,5687,57032,53,2,3,2,0,0,139.61813289664332,NORMAL,NORMAL
0.9076665374509106,89,4327,57355,443,1,3,1,0,0,144.7122570600334,NORMAL,NORMAL
0.6475725012176334,208,125,55692,22,1,38,31,9,0,138.900671789193,MALICIOUS,BRUTE_FORCE
3.849357837083864,124,6764,58937,443,1,1,1,0,0,221.26739145867407,NORMAL,NORMAL
0.05542119453444287,536,5879,61991,53,1,3,6,0,0,129.33291571864123,NORMAL,NORMAL
1.6878358192910667,475,3178,60583,443,1,3,3,0,0,130.6775579326624,NORMAL,NORMAL
0.02616791720854346,46,0,64754,221,1,68,2,0,0,954.0178239472701,MALICIOUS,PORT_SCAN
0.3423639263742329,273,4935,50081,443,1,2,3,0,0,167.31372524159013,NORMAL,NORMAL
0.2844381214165791,1569,3418,59995,443,2,3,3,0,0,166.20118417776771,NORMAL,NORMAL
0.692482859093744,208,63,53779,22,1,51,51,18,0,90.5110692919155,MALICIOUS,BRUTE_FORCE
1.789664400850645,1362,3528,51162,80,1,2,0,0,0,181.8007939561822,NORMAL,NORMAL
0.2746081553897907,151,85,64857,22,1,25,41,16,0,225.3607815998814,MALICIOUS,BRUTE_FORCE
0.48248522643110314,1344,2217,63056,443,1,1,0,0,0,218.0843173640656,NORMAL,NORMAL
0.709856936396266,1268,2292,59555,443,1,6,0,0,0,197.04018925633,NORMAL,NORMAL
0.6381646869123411,114,144,64431,445,1,54,43,20,0,96.77039021345689,MALICIOUS,BRUTE_FORCE
0.9293056256968955,856,1487,49755,443,1,2,4,0,0,128.95856881157627,NORMAL,NORMAL
0.6465938214112072,75,90,61747,3389,1,20,58,19,0,163.4851524326043,MALICIOUS,BRUTE_FORCE
1.7265043932242092,5770,736,63077,443,1,19,16,0,0,2536.3740005862305,MALICIOUS,WEB_ATTACK
0.4475712719517526,142,113,56174,3389,1,18,54,5,0,187.9040438411468,MALICIOUS,BRUTE_FORCE
1.1174769937963178,240,3341,49795,80,1,4,2,0,0,184.46544497991778,NORMAL,NORMAL
0.27264516565629465,478,3496,62082,443,2,2,2,0,0,129.15080490519563,NORMAL,NORMAL
1.2380121095356404,281,694,63053,3389,1,5,3,1,1,142.876205313805,SUSPICIOUS,SUSPICIOUS_LOGIN
0.3581765393791741,1671,5230,55853,5432,1,0,1,0,0,147.13303368343685,NORMAL,NORMAL
3.9894497293613167,435,4172,49943,3306,1,5,1,0,0,140.59057027193353,NORMAL,NORMAL
0.8004995009386532,449,4044,56204,80,1,2,1,0,0,131.53481638974156,NORMAL,NORMAL
0.6638913478299188,88,2771,63841,80,1,4,2,0,0,148.5588873025374,NORMAL,NORMAL
0.04166246418546716,59,0,52565,411,1,50,1,0,0,775.8817627199066,MALICIOUS,PORT_SCAN
0.036103398557608836,65,0,62508,334,1,89,1,0,0,1059.0986080683392,MALICIOUS,PORT_SCAN
0.0770639038332221,68,0,60177,384,1,57,2,0,0,925.7283294653591,MALICIOUS,PORT_SCAN
0.6542208601826391,544,3458,49645,53,1,2,3,0,0,138.45699531383596,NORMAL,NORMAL
0.5161428184253641,92,2852,65514,5432,1,2,4,0,0,228.9749262035718,NORMAL,NORMAL
0.1256217529596027,370,8394,53583,80,1,1,1,0,0,165.5369157725146,NORMAL,NORMAL
0.04488323771395077,55,0,54543,344,1,112,2,0,0,933.560260521338,MALICIOUS,PORT_SCAN
0.04616516823243353,57,0,43869,97,1,38,2,0,0,694.0566588481419,MALICIOUS,PORT_SCAN
4.079171117211798,782,417,63649,3389,1,4,3,1,0,119.042463697025,SUSPICIOUS,SUSPICIOUS_LOGIN
1.572021415764713,972,5669,57336,80,1,2,4,0,0,142.18142534733772,NORMAL,NORMAL
0.38875937333346805,451,4314,58421,53,1,3,5,0,0,133.4587496476268,NORMAL,NORMAL
0.20921960067100953,287,4265,61534,80,1,0,1,0,0,151.88137456034013,NORMAL,NORMAL
5.502933768641092,677,5788,50893,80,1,0,1,0,0,36.05687350187006,NORMAL,NORMAL
0.07938846499910056,51,0,45933,97,1,82,1,0,0,901.7876303815924,MALICIOUS,PORT_SCAN
1.1070919958917473,4780,253,60796,443,1,19,11,0,0,1919.4765904639444,MALICIOUS,WEB_ATTACK
0.01923923164885568,55,0,54998,672,1,68,2,0,0,623.7903481679797,MALICIOUS,PORT_SCAN
3.520320410769666,81,6071,58457,8080,1,3,4,0,0,178.0804244611763,NORMAL,NORMAL
5.009806772063866,457,4128,58317,80,1,2,1,0,0,94.757701514647,NORMAL,NORMAL
0.5324168473490958,3212,441,50479,443,1,22,15,0,0,1429.4894577306457,MALICIOUS,WEB_ATTACK
0.23608295338263474,176,56,60100,3389,1,54,59,11,0,213.34939606596566,MALICIOUS,BRUTE_FORCE
0.24275129346275523,593,6075,57198,53,1,3,0,0,0,169.0849268251827,NORMAL,NORMAL
1.7742448017129167,913,2843,49914,80,1,1,3,0,0,92.77759885779963,NORMAL,NORMAL
0.4181376092075165,112,110,53242,3389,1,50,29,5,0,157.81402056106623,MALICIOUS,BRUTE_FORCE
0.05317439475950804,46,0,61125,190,1,97,1,0,0,677.9950273573063,MALICIOUS,PORT_SCAN
0.44962885204670944,744,2746,55304,443,2,1,1,0,0,163.46405710248666,NORMAL,NORMAL
0.6520575622863852,120,84,58553,22,1,41,48,17,0,192.51947728800886,MALICIOUS,BRUTE_FORCE
5.9938756509999696,914,2982,52389,80,1,0,3,0,0,39.1432336574056,NORMAL,NORMAL
0.06021628623232988,56,0,50948,935,1,30,1,0,0,643.4944568314966,MALICIOUS,PORT_SCAN
2.736764318525318,1044,5331,52536,53,1,0,0,0,0,71.56870744510776,NORMAL,NORMAL
0.23662178798188518,1937,247,63770,80,1,24,13,0,0,2873.9007932870377,MALICIOUS,WEB_ATTACK
0.8213810138244774,390,4219,59062,80,1,1,2,0,0,130.43839340237983,NORMAL,NORMAL
2.6901084594544504,448,262,53064,445,1,3,4,1,1,254.48830805628808,MALICIOUS,PRIVILEGE_ESCALATION
0.6134419648510844,414,2165,49691,80,2,3,2,0,0,213.56576528810206,NORMAL,NORMAL
0.042244105220366854,48,0,50145,872,1,82,2,0,0,581.5181105746725,MALICIOUS,PORT_SCAN
0.735260265287266,882,2662,61046,53,1,2,2,0,0,149.03363561678833,NORMAL,NORMAL
0.5992607446204251,167,2652,62370,3306,1,2,3,0,0,116.2151413959584,NORMAL,NORMAL
0.5098310191824953,734,6085,53505,443,1,2,0,0,0,224.25574793299543,NORMAL,NORMAL
2.540745160618512,432,916,65177,443,1,4,4,3,0,233.19680876682335,SUSPICIOUS,SUSPICIOUS_LOGIN
0.44183394920701624,198,47,58189,3389,1,36,48,5,0,112.02731081950321,MALICIOUS,BRUTE_FORCE
1.3428211910974703,133,1712,64509,80,1,4,0,0,0,84.99932801483345,NORMAL,NORMAL
0.5908895774810522,71,88,52219,22,1,18,49,17,0,91.58655273269302,MALICIOUS,BRUTE_FORCE
1.1942118027914312,407,5259,59402,443,2,1,1,0,0,117.90188998717663,NORMAL,NORMAL
1.5585530041494684,610,3764,53565,443,1,4,1,0,0,80.88502965496266,NORMAL,NORMAL
0.5259276168565626,1137,2567,64359,80,1,3,0,0,0,130.56549246382784,NORMAL,NORMAL
2.856230860407639,295,2545,53346,80,1,0,1,0,0,180.36546489370238,NORMAL,NORMAL
0.49060388358466855,1276,1832,65463,53,1,1,3,0,0,160.73698219663765,NORMAL,NORMAL
0.047581754710680525,42,0,44379,1020,1,86,1,0,0,1146.8174470526174,MALICIOUS,PORT_SCAN
2.332065819722585,735,7007,49608,3306,1,2,3,0,0,91.62020415894614,NORMAL,NORMAL
1.8638755858282519,701,1106,62635,3389,1,4,5,1,0,248.04075318026204,SUSPICIOUS,SUSPICIOUS_LOGIN
0.3545463529122623,366,5207,61310,443,1,3,2,0,0,154.65752962653573,NORMAL,NORMAL
0.7767310853795812,153,77,62027,22,1,33,16,23,0,120.26730565118689,MALICIOUS,BRUTE_FORCE
0.43718898391723393,142,55,58877,22,1,47,56,6,0,199.51550654236877,MALICIOUS,BRUTE_FORCE
4.775456131600487,934,6656,57412,80,1,0,3,0,0,162.44060297512766,NORMAL,NORMAL
1.2519514575179544,488,5802,56170,443,1,5,3,0,0,160.15090746690498,NORMAL,NORMAL
76.72810466313335,13087478,1678,50046,443,1,2,1,0,0,336667.190553114,MALICIOUS,DATA_EXFILTRATION
4.626234125109984,269,3472,51138,53,1,1,0,0,0,168.57282243306662,NORMAL,NORMAL
4.58355191034294,87,2489,53049,53,1,2,1,0,0,124.39382172661553,NORMAL,NORMAL
1.2996859287025466,2381,752,57248,80,1,14,17,0,0,1748.353765862555,MALICIOUS,WEB_ATTACK
1.5945650503874151,5202,732,60974,443,1,24,16,0,0,2489.9363004637366,MALICIOUS,WEB_ATTACK
0.3815066806658437,539,6798,49683,5432,1,1,2,0,0,155.30738476532306,NORMAL,NORMAL
3.342376972573245,1520,1924,64700,3306,1,3,3,0,0,177.38499985247566,NORMAL,NORMAL
2.3833177534869616,1250,4934,50288,80,1,2,2,0,0,152.1090851297408,NORMAL,NORMAL
0.18437512798339858,750,2670,57020,443,2,2,6,0,0,75.42788068152126,NORMAL,NORMAL
1.3928428765857812,1277,3571,55491,53,1,3,2,0,0,145.33684618881054,NORMAL,NORMAL
2.3711532614452473,286,379,64349,22,1,6,3,1,1,267.6060975556519,MALICIOUS,PRIVILEGE_ESCALATION
2.569229346923226,187,282,64060,22,1,7,6,0,1,211.5795331032905,MALICIOUS,PRIVILEGE_ESCALATION
1.0893977759971083,4335,343,60177,443,1,15,8,0,0,912.450658334659,MALICIOUS,WEB_ATTACK
0.926698395669149,1672,6260,64412,80,1,1,3,0,0,116.72768825535394,NORMAL,NORMAL
1.3331500363999336,1011,4991,58133,80,1,0,1,0,0,222.32734761584157,NORMAL,NORMAL
0.9358650967692729,1037,2692,54404,443,1,3,3,0,0,73.67397795917748,NORMAL,NORMAL
0.572052649645235,849,2950,52218,443,1,4,5,0,0,219.5596724130741,NORMAL,NORMAL
0.01266065335938234,59,0,40845,147,1,61,2,0,0,502.84388138390113,MALICIOUS,PORT_SCAN
5.218767560739753,476,4016,61852,443,1,0,1,0,0,182.30177314735775,NORMAL,NORMAL
1.7379789516028907,242,6525,52331,443,1,3,4,0,0,125.97955927259343,NORMAL,NORMAL
0.5163221683557326,1142,5546,52688,80,1,2,1,0,0,160.52161805382133,NORMAL,NORMAL
0.5558222642713798,764,4671,56112,443,1,4,3,0,0,181.44482190392984,NORMAL,NORMAL
0.39831630370950444,768,2108,55433,443,1,2,2,0,0,116.02119943158019,NORMAL,NORMAL
0.7770014158856473,717,3156,54273,80,1,1,2,0,0,191.75980765322743,NORMAL,NORMAL
3.0838698360112673,726,975,62171,22,1,3,5,3,1,138.60821926568158,SUSPICIOUS,SUSPICIOUS_LOGIN
0.9311473341575656,547,5221,58316,8080,1,2,0,0,0,67.78513464286554,NORMAL,NORMAL
0.712904829187099,457,3009,51513,443,1,2,0,0,0,194.94514232372296,NORMAL,NORMAL
4.5109924595834965,245,4256,60871,5432,1,2,4,0,0,113.19690187524333,NORMAL,NORMAL
1.8253603638400824,471,6000,54523,80,1,1,1,0,0,159.64319996796883,NORMAL,NORMAL
0.46935176930972244,1126,7748,62802,53,1,2,0,0,0,101.31045400441829,NORMAL,NORMAL
3.3312314027404986,881,4890,61880,443,1,1,1,0,0,141.8025984874702,NORMAL,NORMAL
2.2248036600007914,1215,3293,60316,443,1,2,1,0,0,181.10384247169088,NORMAL,NORMAL
0.6796008470018298,691,5904,52128,443,1,2,3,0,0,104.64214656128783,NORMAL,NORMAL
92.1406381222809,12384346,5055,51714,8443,1,1,1,0,0,270381.1632774831,MALICIOUS,DATA_EXFILTRATION
0.025090421337705927,920,6066,52128,443,1,3,2,0,0,101.08505853298773,NORMAL,NORMAL
5.116157756259872,582,4431,49460,80,1,1,2,0,0,190.10554129184834,NORMAL,NORMAL
0.1905387929929409,181,55,64415,22,1,45,26,5,0,222.13812782342333,MALICIOUS,BRUTE_FORCE
0.1526055498641391,483,2166,62569,443,1,1,2,0,0,155.60768671200745,NORMAL,NORMAL
0.19492905692620044,538,4527,63815,8080,1,3,2,0,0,158.2749697621537,NORMAL,NORMAL
0.04552875405814782,63,0,40872,502,1,39,1,0,0,726.5671243075947,MALICIOUS,PORT_SCAN
0.37266414524193314,346,2982,56019,443,1,2,0,0,0,104.4420717320013,NORMAL,NORMAL
4.224516983437472,535,454,60147,22,1,4,5,3,0,169.53457663795206,SUSPICIOUS,SUSPICIOUS_LOGIN
2.7108174735766575,584,435,62270,22,1,5,5,1,1,290.4249862164901,SUSPICIOUS,SUSPICIOUS_LOGIN
1.9714914070607383,739,5981,65336,5432,1,2,5,0,0,134.97964077442003,NORMAL,NORMAL
2.921973305350802,599,3433,54463,80,1,2,3,0,0,163.2807997521674,NORMAL,NORMAL
0.8135617867343627,337,5130,61979,80,1,1,0,0,0,79.22554394653426,NORMAL,NORMAL
0.03992103277739839,43,0,54130,58,1,88,2,0,0,556.6598931262313,MALICIOUS,PORT_SCAN
5.124347225447663,752,3379,63248,53,1,4,0,0,0,114.3197771850941,NORMAL,NORMAL
0.2629484999100629,143,84,60304,22,1,27,31,23,0,231.1913963749272,MALICIOUS,BRUTE_FORCE
0.8197333340830566,290,6745,64655,53,1,3,3,0,0,210.86891598034265,NORMAL,NORMAL
0.9533693832574828,69,7177,50500,443,2,3,0,0,0,152.44114334225284,NORMAL,NORMAL
0.14805894196172933,1777,5244,63531,443,1,3,1,0,0,193.11484223309893,NORMAL,NORMAL
1.0355927189699843,179,715,63579,443,1,2,3,0,0,137.01035275567358,NORMAL,NORMAL
0.9642311047312128,437,4950,62796,80,1,4,2,0,0,123.81498343151823,NORMAL,NORMAL
1.7968471617099921,730,8406,51117,443,2,0,1,0,0,118.77449510250962,NORMAL,NORMAL
0.7434215257715981,134,46,54740,22,1,19,57,21,0,183.23616984147753,MALICIOUS,BRUTE_FORCE
0.21718811248349482,237,2345,62233,443,1,3,2,0,0,264.6084809234385,NORMAL,NORMAL
0.058565197575182554,1339,4301,60760,53,1,5,4,0,0,139.33723954514616,NORMAL,NORMAL
0.09641432301941576,91,6279,50894,80,1,3,4,0,0,143.2481835364001,NORMAL,NORMAL
1.870834994705533,1353,293,52420,80,1,16,22,0,0,601.582713463412,MALICIOUS,WEB_ATTACK
5.314098153273195,677,3573,63738,443,1,3,2,0,0,134.96369991310013,NORMAL,NORMAL
1.9685678446097106,321,6489,64471,443,1,3,2,0,0,99.82842307323003,NORMAL,NORMAL
0.9570319308946775,1109,4707,64607,80,1,2,4,0,0,130.88013871653365,NORMAL,NORMAL
0.5923522210976544,182,141,56673,22,1,27,59,18,0,199.31967124130293,MALICIOUS,BRUTE_FORCE
4.148471015865801,818,5486,61565,443,1,4,3,0,0,88.60134948231942,NORMAL,NORMAL
4.83530559320104,797,4104,50033,80,2,2,5,0,0,117.2151176870083,NORMAL,NORMAL
1.4287636068660108,358,1239,60960,3389,1,2,4,3,0,128.69816193471843,SUSPICIOUS,SUSPICIOUS_LOGIN
3.5662749699188003,421,777,59568,22,1,2,2,1,0,282.955818439497,SUSPICIOUS,SUSPICIOUS_LOGIN
1.1897324401014853,2021,1820,56350,80,1,3,1,0,0,132.969095451825,NORMAL,NORMAL
7.827039767339608,2501,3319,58182,80,1,2,3,0,0,137.1056579661903,NORMAL,NORMAL
1.6102477651970597,844,2070,52856,53,1,1,3,0,0,166.9173772738081,NORMAL,NORMAL
0.7481080836207389,163,75,53830,22,1,38,42,21,0,195.21476601230546,MALICIOUS,BRUTE_FORCE
0.023003910095704065,59,0,54036,463,1,86,1,0,0,831.9006292222496,MALICIOUS,PORT_SCAN
0.23250078399299165,792,1706,58780,80,1,4,2,0,0,219.81214093683926,NORMAL,NORMAL
16.10963527262045,14731022,4921,63371,8443,1,1,1,0,0,499754.7858197394,MALICIOUS,DATA_EXFILTRATION
0.8862325243016795,298,8000,50772,53,1,1,1,0,0,164.91169107113248,NORMAL,NORMAL
1.719997399355226,163,3068,60049,80,1,2,0,0,0,134.50045346921237,NORMAL,NORMAL
3.990467988803194,414,11622,63819,8080,1,2,6,0,0,151.15615661876072,NORMAL,NORMAL
0.7561612395999602,165,2822,56362,8080,1,4,1,0,0,128.35548347124046,NORMAL,NORMAL
1.3301776079687508,330,319,54500,445,1,5,7,1,1,369.8618579823774,MALICIOUS,PRIVILEGE_ESCALATION
0.04599997755582961,66,0,59215,398,1,36,1,0,0,731.0779366827255,MALICIOUS,PORT_SCAN
1.1594108800254461,434,275,51967,22,1,3,5,1,1,337.70528414812867,MALICIOUS,PRIVILEGE_ESCALATION
0.060391464129250456,65,0,59087,756,1,56,2,0,0,625.7381918965225,MALICIOUS,PORT_SCAN
1.5553486976513562,1003,5196,57713,443,2,3,2,0,0,183.11833216985755,NORMAL,NORMAL
0.6943011227160008,78,110,62391,22,1,15,53,9,0,195.6884816348474,MALICIOUS,BRUTE_FORCE
1.1196528850185994,327,7576,64463,443,1,1,1,0,0,195.74702957619303,NORMAL,NORMAL
0.5143640804258434,261,4179,61601,5432,1,3,5,0,0,82.66471467828697,NORMAL,NORMAL
0.2970738876355276,948,2803,62062,80,1,1,2,0,0,218.69777711190312,NORMAL,NORMAL
2.5062450028545022,964,4184,55336,443,1,3,2,0,0,146.97059268886957,NORMAL,NORMAL
1.6489380473077888,3852,261,62598,80,1,10,12,0,0,1052.429051549621,MALICIOUS,WEB_ATTACK
1.0681581211467428,6389,206,58368,80,1,23,9,0,0,1553.1373386533592,MALICIOUS,WEB_ATTACK
0.06869822920132582,57,0,51934,760,1,78,2,0,0,1026.9661539724516,MALICIOUS,PORT_SCAN
0.6801715826671164,365,5475,63642,80,1,1,0,0,0,115.89831027763898,NORMAL,NORMAL
1.2775544490336548,6121,299,59295,443,1,9,8,0,0,2876.790429806355,MALICIOUS,WEB_ATTACK
0.9069951695398699,699,6423,59407,443,1,3,1,0,0,160.8971873457436,NORMAL,NORMAL
2.9032057222885586,708,5170,49223,80,1,0,0,0,0,124.21692681313289,NORMAL,NORMAL
0.9261240784925757,277,1945,59185,80,1,0,4,0,0,118.2815821965429,NORMAL,NORMAL
0.5591900349610606,1237,3903,64729,5432,1,1,7,0,0,166.50978492887828,NORMAL,NORMAL
1.7958522876476648,13,4186,63230,443,1,1,2,0,0,174.91729079247855,NORMAL,NORMAL
0.02988630514933631,66,0,40658,313,1,44,1,0,0,1187.2419244223097,MALICIOUS,PORT_SCAN
1.1988836231154354,276,6856,61597,80,1,0,1,0,0,112.79827083697964,NORMAL,NORMAL
1.8691094394318108,5529,808,49681,443,1,8,21,0,0,2848.6257621071463,MALICIOUS,WEB_ATTACK
1.7779250888659879,2463,472,60461,80,1,9,10,0,0,2495.213720922241,MALICIOUS,WEB_ATTACK
0.40512678431617843,87,6006,49536,53,1,2,6,0,0,154.30413744891803,NORMAL,NORMAL
1.8036669833208678,215,4616,64430,443,2,3,2,0,0,169.1973124319578,NORMAL,NORMAL
0.019773076737363678,57,0,42987,742,1,47,1,0,0,759.1377887847807,MALICIOUS,PORT_SCAN
0.013174583476228659,65,0,56330,208,2,78,2,0,0,1199.5795862948385,MALICIOUS,PORT_SCAN
1.8177868603839804,312,281,61355,22,1,6,5,0,1,304.85186977066917,MALICIOUS,PRIVILEGE_ESCALATION
0.10842437072695922,75,147,58087,22,1,51,24,18,0,200.0356410864242,MALICIOUS,BRUTE_FORCE
1.7252405145078877,2205,5261,50613,53,1,2,2,0,0,116.88487162719471,NORMAL,NORMAL
1.1876737923904557,354,3781,52638,443,1,0,2,0,0,171.55467296676915,NORMAL,NORMAL
0.6264465107503426,87,57,64774,22,1,53,23,16,0,183.06144988328992,MALICIOUS,BRUTE_FORCE
0.03957536259580936,57,0,60457,884,1,34,2,0,0,816.155465520231,MALICIOUS,PORT_SCAN
0.2029148168875851,1225,5519,50202,443,1,2,1,0,0,152.90957940160314,NORMAL,NORMAL
0.29590605828575295,781,7249,59198,53,1,3,5,0,0,143.18796137957494,NORMAL,NORMAL
2.5528399890514866,354,387,55175,22,1,7,3,0,1,304.31413620306637,MALICIOUS,PRIVILEGE_ESCALATION
0.25584925392585156,164,3762,49909,443,2,1,1,0,0,59.754707700282225,NORMAL,NORMAL
0.34019333425043197,172,63,51176,22,1,52,20,14,0,147.03989566752261,MALICIOUS,BRUTE_FORCE
0.9044793674936211,600,2340,50559,53,1,3,1,0,0,146.7219285974762,NORMAL,NORMAL
0.046853604352105845,710,5544,58087,80,1,2,1,0,0,189.4370326835115,NORMAL,NORMAL
0.5560739823498114,303,3331,55502,80,1,2,2,0,0,209.37777276999407,NORMAL,NORMAL
2.9168429510198033,838,5257,54416,443,1,0,1,0,0,118.52979491591087,NORMAL,NORMAL
0.7441063595452103,147,7642,61740,80,1,2,2,0,0,237.59001151236748,NORMAL,NORMAL
0.013542180788084966,46,0,62342,958,1,67,2,0,0,1042.3186205928139,MALICIOUS,PORT_SCAN
0.6848861172282874,509,3238,53929,53,1,1,2,0,0,159.30053425544273,NORMAL,NORMAL
1.0987057055342924,806,6782,49957,443,1,2,1,0,0,140.03443015041753,NORMAL,NORMAL
0.32807878078755437,159,94,49715,22,1,27,40,14,0,198.70058331580088,MALICIOUS,BRUTE_FORCE
3.14912372113042,1299,3105,51656,443,1,1,2,0,0,185.07018599809302,NORMAL,NORMAL
0.49139253485633494,778,3913,54561,53,1,4,1,0,0,127.03597298865607,NORMAL,NORMAL
0.012096439583267088,3056,2788,54221,53,1,0,2,0,0,185.04852297089386,NORMAL,NORMAL
1.852048015958927,751,1486,49490,22,1,5,5,1,1,212.40417568199004,SUSPICIOUS,SUSPICIOUS_LOGIN
0.021237122892185295,46,0,50562,209,1,69,2,0,0,625.5982735665294,MALICIOUS,PORT_SCAN
0.05011228202556831,61,0,50274,868,1,41,2,0,0,733.0783758736811,MALICIOUS,PORT_SCAN
0.0519638485454048,318,9642,58386,443,1,4,4,0,0,142.57871756861212,NORMAL,NORMAL
0.020320737280394765,97,6278,53641,5432,1,1,1,0,0,163.2330718173947,NORMAL,NORMAL
0.6270825760771992,244,2120,55032,443,1,0,1,0,0,79.06032584645524,NORMAL,NORMAL
1.0645775286776804,1378,213,52986,443,1,9,13,0,0,643.2849428160432,MALICIOUS,WEB_ATTACK
0.6923270856033874,96,80,54068,3389,1,39,47,11,0,229.0590498547897,MALICIOUS,BRUTE_FORCE
3.6987281671070384,798,3399,50916,3306,1,5,1,0,0,160.83370309411978,NORMAL,NORMAL
1.9959915278173592,240,2024,61858,443,1,2,4,0,0,195.8539560773562,NORMAL,NORMAL
1.0795889384573816,5465,430,58305,80,1,15,10,0,0,827.373532359158,MALICIOUS,WEB_ATTACK
0.04919313512872647,60,0,46663,34,1,47,2,0,0,527.4823927736583,MALICIOUS,PORT_SCAN
1.6607691525096138,6370,775,56894,80,1,18,13,0,0,2160.8813979683046,MALICIOUS,WEB_ATTACK
0.29656878014249205,1985,3535,56204,5432,1,2,2,0,0,180.73749989586403,NORMAL,NORMAL
0.5931519039600723,802,1650,61229,5432,1,4,2,0,0,77.21677136684295,NORMAL,NORMAL
1.387616189669153,403,3205,58623,443,1,3,4,0,0,160.37915292345906,NORMAL,NORMAL
0.3059131494098351,556,6221,55430,80,1,3,3,0,0,131.82266082922206,NORMAL,NORMAL
1.7714503332752596,492,1376,59470,22,1,3,3,3,0,152.3098505036986,SUSPICIOUS,SUSPICIOUS_LOGIN
0.8661093434641673,155,5963,55232,5432,1,1,1,0,0,181.77751631995443,NORMAL,NORMAL
0.4325266380626382,1189,2819,57128,443,1,2,6,0,0,182.41188823106575,NORMAL,NORMAL
1.0961311954206636,382,11346,57120,443,1,1,6,0,0,134.94954367775478,NORMAL,NORMAL
0.7117624812643681,460,4630,59015,8080,1,3,1,0,0,140.96067186591006,NORMAL,NORMAL
1.6916566578881649,583,1325,56032,3389,1,4,2,1,1,122.40203279801817,SUSPICIOUS,SUSPICIOUS_LOGIN
0.4733144559485888,113,130,65015,22,1,26,19,12,0,197.50490612278932,MALICIOUS,BRUTE_FORCE
0.05748264219894572,2331,3068,56221,443,1,2,1,0,0,109.83436932991728,NORMAL,NORMAL
0.17526719287910358,765,4050,55884,443,1,3,3,0,0,170.45416642903996,NORMAL,NORMAL
3.541581254271695,340,4215,52366,53,1,1,3,0,0,71.28167545958463,NORMAL,NORMAL
3.8512736557201617,224,4747,55290,3306,1,2,0,0,0,125.11826102231785,NORMAL,NORMAL
4.963966668503364,1874,2675,62996,443,2,2,0,0,0,184.74916051392796,NORMAL,NORMAL
0.04172774278637674,51,0,52662,125,1,68,1,0,0,613.178327284536,MALICIOUS,PORT_SCAN
0.22410772927787428,189,53,61801,3389,1,15,15,19,0,88.49835150882417,MALICIOUS,BRUTE_FORCE
3.5064434778701568,409,3526,51686,443,1,1,2,0,0,134.9039525979492,NORMAL,NORMAL
1.4159313474334696,4691,202,64437,443,1,10,16,0,0,2523.352870848755,MALICIOUS,WEB_ATTACK
0.40912060324587946,360,2836,62077,443,1,4,1,0,0,154.8527692902623,NORMAL,NORMAL
0.34299544279494765,1065,6491,58693,53,1,1,1,0,0,196.73461102845204,NORMAL,NORMAL
0.020893146316581818,63,0,61516,918,1,68,1,0,0,810.6575556787045,MALICIOUS,PORT_SCAN
3.0031029831879232,566,5594,62213,3306,1,1,2,0,0,58.50772155572062,NORMAL,NORMAL
0.5405921530755785,263,19475,61439,80,1,0,1,0,0,157.28643817778482,NORMAL,NORMAL
0.8364842137047065,566,4331,56537,53,1,2,1,0,0,139.11080462520567,NORMAL,NORMAL
1.29490138491192,1339,5970,55136,443,1,3,4,0,0,175.4929873209229,NORMAL,NORMAL
0.7231649402569085,868,1954,63842,443,1,2,2,0,0,214.55891584466198,NORMAL,NORMAL
0.24741761905697005,414,3367,54524,443,1,0,0,0,0,134.304478341008,NORMAL,NORMAL
0.5292716641259333,63,60,64837,3389,1,44,34,13,0,109.20353847787236,MALICIOUS,BRUTE_FORCE
3.86644687429246,209,5144,60989,80,2,3,0,0,0,75.26134953289777,NORMAL,NORMAL
1.10645269715453,228,5852,59426,53,1,1,1,0,0,176.9152648522033,NORMAL,NORMAL
2.4026027700748696,225,5937,58829,80,2,0,2,0,0,150.01671855112568,NORMAL,NORMAL
1.2396585175172392,3072,334,63547,8080,1,24,8,0,0,858.5373114991742,MALICIOUS,WEB_ATTACK
1.1404735518647753,1048,3620,61838,443,1,4,0,0,0,131.99595465239105,NORMAL,NORMAL
62.63358550133765,5990621,5971,56092,9001,2,1,1,0,0,102516.93304914926,MALICIOUS,DATA_EXFILTRATION
0.29517497868857706,80,103,53654,3389,1,21,56,7,0,155.88486219206501,MALICIOUS,BRUTE_FORCE
0.014038740495327115,349,8925,54288,80,1,2,1,0,0,111.65255458507261,NORMAL,NORMAL
1.8688853093174629,140,8304,53371,443,1,1,2,0,0,192.14132268544483,NORMAL,NORMAL
1.9996208594083789,95,7667,60187,443,1,1,2,0,0,152.01392201179237,NORMAL,NORMAL
0.9240549774609859,547,3575,63812,443,1,2,1,0,0,102.94167371471384,NORMAL,NORMAL
0.4464955611344102,404,427,50294,443,1,5,3,0,0,163.56094441435692,NORMAL,NORMAL
1.9827813152391915,820,7075,61961,8080,1,3,2,0,0,217.94271719403838,NORMAL,NORMAL
52.61204853782079,12499977,6701,50575,53,1,1,1,0,0,80883.04669820663,MALICIOUS,DATA_EXFILTRATION
3.1050903797904987,235,6698,62613,443,1,3,1,0,0,145.88594303643845,NORMAL,NORMAL
1.4931083181611473,356,4287,58552,80,1,1,0,0,0,170.30600394202892,NORMAL,NORMAL
99.69557345356849,13000671,6678,61627,443,1,2,1,0,0,249076.31994785919,MALICIOUS,DATA_EXFILTRATION
2.6042182454609573,94,5850,51370,443,1,4,0,0,0,115.57720842309752,NORMAL,NORMAL
0.030732653477621774,1346,7595,53936,3306,1,3,2,0,0,197.18990425661775,NORMAL,NORMAL
3.512372018460122,564,1180,58130,3389,1,5,3,1,0,133.11478435195258,SUSPICIOUS,SUSPICIOUS_LOGIN
2.738261975764424,635,3416,50158,80,1,1,0,0,0,212.81567361351262,NORMAL,NORMAL
0.9237514466823302,81,6534,54720,443,1,3,4,0,0,106.52218702733089,NORMAL,NORMAL
0.8149678301108765,543,3154,59888,443,1,1,1,0,0,246.30365686190234,NORMAL,NORMAL
1.3091568945539298,997,8783,53305,3306,1,0,1,0,0,173.79937136636727,NORMAL,NORMAL
0.18393307974870898,736,1929,57091,443,1,1,1,0,0,117.310993441114,NORMAL,NORMAL
0.0745159830809443,50,0,64261,601,1,66,2,0,0,1087.7266384447785,MALICIOUS,PORT_SCAN
2.9187256085715854,258,4719,62884,443,1,2,1,0,0,156.59043364946066,NORMAL,NORMAL
0.059843297280295416,541,4623,58229,80,1,2,2,0,0,125.40819654446464,NORMAL,NORMAL
0.04884457624722461,52,0,63952,115,1,67,2,0,0,705.9048120479465,MALICIOUS,PORT_SCAN
0.7602364545137095,934,3942,59199,8080,1,3,1,0,0,143.65378016525653,NORMAL,NORMAL
0.33497325820396767,670,1833,59483,3306,1,1,1,0,0,100.47489444416183,NORMAL,NORMAL
1.1643788353402114,669,9552,54039,443,1,1,3,0,0,127.1111536690282,NORMAL,NORMAL
1.6652360447170262,281,3528,61372,443,1,2,1,0,0,169.0315236515849,NORMAL,NORMAL
2.0561115169691386,466,4349,57904,3306,1,2,3,0,0,178.73573033389383,NORMAL,NORMAL
0.3198046273179239,656,2228,54050,443,1,0,3,0,0,110.15467377256323,NORMAL,NORMAL
3.2447583724925226,631,555,60543,443,1,2,2,3,0,226.49654553481537,SUSPICIOUS,SUSPICIOUS_LOGIN
1.840544144685251,765,12769,51980,80,1,3,2,0,0,102.94786972306925,NORMAL,NORMAL
0.7597001771445755,862,1719,58262,443,1,0,2,0,0,170.1371633040751,NORMAL,NORMAL
2.993777175958736,1537,2763,59121,80,1,1,3,0,0,157.3228044045439,NORMAL,NORMAL
0.6972419005419529,148,140,59098,22,1,24,39,7,0,216.5328406558849,MALICIOUS,BRUTE_FORCE
3.0511670061388725,665,530,62162,22,1,2,3,1,0,343.85932301646386,SUSPICIOUS,SUSPICIOUS_LOGIN
1.0934687963639087,450,5197,51577,443,1,2,0,0,0,179.8928694886811,NORMAL,NORMAL
2.082051521124958,287,680,50773,3389,1,4,3,3,1,298.88281683325994,SUSPICIOUS,SUSPICIOUS_LOGIN
0.03688895785907242,419,1471,53730,8080,1,2,3,0,0,162.44156261472313,NORMAL,NORMAL
1.859851672601949,854,3934,63527,443,1,0,2,0,0,132.92229530913306,NORMAL,NORMAL
0.10721647619037192,505,8594,59618,443,1,0,2,0,0,157.56180284788033,NORMAL,NORMAL
0.06235216592680008,67,0,52019,481,1,88,1,0,0,1059.6178830810177,MALICIOUS,PORT_SCAN
6.789432218373177,73,2792,52601,443,1,1,2,0,0,77.90870575979096,NORMAL,NORMAL
3.483999481328939,893,1996,64458,443,1,3,4,0,0,142.62922107815572,NORMAL,NORMAL
0.8763609421755291,630,2302,58135,443,1,2,1,0,0,112.31384579241593,NORMAL,NORMAL
1.8869960624407471,290,5655,56312,53,1,4,0,0,0,199.63862394954128,NORMAL,NORMAL
0.5890551786553849,178,90,64440,445,1,24,59,11,0,179.05756040564444,MALICIOUS,BRUTE_FORCE
2.274954033515859,1106,1893,54604,443,2,1,0,0,0,126.10490164826345,NORMAL,NORMAL
0.03995704008293026,67,0,56361,626,1,60,2,0,0,1096.8195252358519,MALICIOUS,PORT_SCAN
2.0082273638199997,323,1540,65036,443,1,2,1,0,0,189.32707225062697,NORMAL,NORMAL
2.7524432811784,569,1347,52898,22,1,3,3,1,0,316.1285635486969,SUSPICIOUS,SUSPICIOUS_LOGIN
2.245998356139571,258,248,58922,445,1,3,5,1,1,325.9782161122365,MALICIOUS,PRIVILEGE_ESCALATION
4.570662973866041,432,1494,59574,22,1,3,4,2,1,222.84616813855502,SUSPICIOUS,SUSPICIOUS_LOGIN
0.1267809599352135,444,3663,60292,443,1,5,0,0,0,117.3310813033855,NORMAL,NORMAL
1.1543352966542957,1146,3537,62060,80,2,3,3,0,0,131.5751397335634,NORMAL,NORMAL
0.9907065624720035,250,2016,53366,80,1,1,5,0,0,207.37238677408305,NORMAL,NORMAL
4.122660975745981,2149,4231,59364,443,1,4,0,0,0,146.22934634984537,NORMAL,NORMAL
5.080546450293279,520,2626,54056,80,1,2,2,0,0,155.53046100469575,NORMAL,NORMAL
2.7215709117870635,713,3352,58192,80,2,1,1,0,0,160.4833783876175,NORMAL,NORMAL
1.1719121531783983,872,2722,49720,80,2,5,4,0,0,159.83602205873282,NORMAL,NORMAL
2.4356788335949324,745,6810,59703,80,1,2,1,0,0,39.864962648764674,NORMAL,NORMAL
2.424484212612665,697,2601,62214,443,2,2,1,0,0,171.46586313883714,NORMAL,NORMAL
0.09783260039491727,718,4050,63447,80,1,2,1,0,0,202.33263323565743,NORMAL,NORMAL
2.3483535354355243,4975,391,59313,443,1,20,21,0,0,2727.6781091957814,MALICIOUS,WEB_ATTACK
0.06268426531918163,42,0,57347,777,1,90,1,0,0,851.8109712211503,MALICIOUS,PORT_SCAN
1.185472257213048,280,3775,63423,80,2,0,0,0,0,105.34839318795443,NORMAL,NORMAL
0.1974706546703306,135,41,59374,22,1,26,40,16,0,101.89078370299103,MALICIOUS,BRUTE_FORCE
0.04143028417252561,46,0,52139,575,1,109,2,0,0,958.9950731508646,MALICIOUS,PORT_SCAN
1.3421984170208967,240,212,61454,445,1,3,3,1,1,308.60639589145126,MALICIOUS,PRIVILEGE_ESCALATION
0.6580000286602035,47,13357,62062,53,1,0,1,0,0,125.03933084445686,NORMAL,NORMAL
0.22850694364730997,68,59,65171,22,1,15,44,23,0,90.5098244118581,MALICIOUS,BRUTE_FORCE
0.3772398969925246,2151,5471,64245,443,1,4,4,0,0,171.20765229371648,NORMAL,NORMAL
2.7399845286547437,426,5616,64865,3306,1,3,5,0,0,54.15670846678336,NORMAL,NORMAL
2.490929006593629,259,2942,51002,80,1,2,3,0,0,181.15642720848228,NORMAL,NORMAL
0.12467633807631115,378,2525,64800,8080,1,2,4,0,0,89.52058837727037,NORMAL,NORMAL
2.6147875143006933,517,2167,55344,443,1,1,4,0,0,192.7566407370125,NORMAL,NORMAL
0.6738960812632633,565,5349,59651,443,1,3,1,0,0,141.11002433696297,NORMAL,NORMAL
2.459936227625178,238,2754,62116,80,1,1,2,0,0,122.53844987384925,NORMAL,NORMAL
0.06204085068378606,55,0,60456,102,1,49,1,0,0,886.7502448568887,MALICIOUS,PORT_SCAN
0.03709525246459163,1111,7865,57828,80,1,3,2,0,0,101.5935798807646,NORMAL,NORMAL
3.1719747757214733,297,1589,56362,443,1,3,0,0,0,160.58455376272855,NORMAL,NORMAL
1.350113941232315,305,3695,64903,443,1,4,4,0,0,183.0670640488092,NORMAL,NORMAL
0.04410754365989424,46,0,60813,419,1,65,2,0,0,853.3983242174329,MALICIOUS,PORT_SCAN
0.03274064319364105,61,0,64276,581,1,85,2,0,0,909.5029863326068,MALICIOUS,PORT_SCAN
0.019979055066001734,53,0,57966,962,1,81,1,0,0,1009.006744945583,MALICIOUS,PORT_SCAN
0.20244797222980568,209,5542,55975,5432,1,0,0,0,0,185.32439108588636,NORMAL,NORMAL
1.892253844377882,669,1091,53764,443,1,5,3,3,0,189.44232787411636,SUSPICIOUS,SUSPICIOUS_LOGIN
0.9199827596994707,48,4502,53358,443,1,3,3,0,0,127.25842780443998,NORMAL,NORMAL
1.7307350983241416,2114,3152,50756,53,2,0,2,0,0,153.463591498916,NORMAL,NORMAL
3.075262647835217,108,7018,49361,80,2,3,2,0,0,10.408797229225229,NORMAL,NORMAL
0.3430925160785672,586,2925,62962,8080,2,0,2,0,0,129.4364478252841,NORMAL,NORMAL
0.3440398660381052,55,6899,49408,443,2,2,4,0,0,237.32419380237147,NORMAL,NORMAL
1.1933477892220794,494,9822,65282,3306,2,1,2,0,0,181.31386803555264,NORMAL,NORMAL
0.024803502061993943,40,0,41092,713,1,71,1,0,0,586.6299542268049,MALICIOUS,PORT_SCAN
1.5220354374302465,1032,1866,65266,443,1,4,0,0,0,109.22426724305556,NORMAL,NORMAL
1.6562946693038088,922,3610,65227,443,1,0,3,0,0,143.60979890531982,NORMAL,NORMAL
7.535605781503901,175,3670,60700,80,1,1,3,0,0,172.97545404535504,NORMAL,NORMAL
0.9947371737700554,1490,4604,56520,80,1,2,1,0,0,84.81628056094691,NORMAL,NORMAL
0.19451223475908758,404,5629,51173,53,1,2,8,0,0,106.73395614943757,NORMAL,NORMAL
1.08830000666299,921,5214,51806,443,1,2,4,0,0,201.6354358596442,NORMAL,NORMAL
3.7640043000036227,406,6623,53185,5432,1,5,2,0,0,222.61490739307624,NORMAL,NORMAL
1.2055752384923395,350,9662,53877,443,1,1,0,0,0,70.4809733276958,NORMAL,NORMAL
1.99984768427594,2789,745,54007,443,1,15,13,0,0,1390.1804054075956,MALICIOUS,WEB_ATTACK
0.7777139379875815,3557,408,56244,80,1,19,11,0,0,2104.2835499439852,MALICIOUS,WEB_ATTACK
0.06407971370370334,58,0,55763,986,1,96,2,0,0,900.5020661254885,MALICIOUS,PORT_SCAN
4.673647358385701,494,2696,50127,53,1,2,2,0,0,119.2697871843292,NORMAL,NORMAL
0.2368295083421742,908,10679,50539,443,1,0,0,0,0,176.12489464911837,NORMAL,NORMAL
0.14889018861817388,1463,11616,54144,80,1,2,3,0,0,129.9602401503777,NORMAL,NORMAL
3.2271665638329656,1188,2314,50144,8080,1,1,1,0,0,158.59230091508064,NORMAL,NORMAL
2.0863324941805423,6298,417,59794,80,1,11,24,0,0,2055.7050798361934,MALICIOUS,WEB_ATTACK
0.732806449189024,119,67,62060,22,1,42,15,6,0,214.32270680057937,MALICIOUS,BRUTE_FORCE
0.044458106591146206,40,0,46223,684,1,79,2,0,0,556.2157834374028,MALICIOUS,PORT_SCAN
27.46943312646628,6771990,5318,54797,8443,1,2,1,0,0,303325.4739513922,MALICIOUS,DATA_EXFILTRATION
0.30215312539375333,1022,3161,65471,80,1,1,4,0,0,77.89205284766578,NORMAL,NORMAL
0.8219046666185559,263,3002,55916,443,1,1,3,0,0,193.92943214093705,NORMAL,NORMAL
0.05175684293956303,46,0,55023,1014,1,110,1,0,0,947.1351994678857,MALICIOUS,PORT_SCAN
0.32494750771179304,515,6927,63003,53,2,0,1,0,0,113.15019554228374,NORMAL,NORMAL
0.05162965797449959,66,0,51755,928,1,75,1,0,0,747.697660687275,MALICIOUS,PORT_SCAN
0.06314169993158643,51,0,63014,370,1,38,1,0,0,695.0038164252611,MALICIOUS,PORT_SCAN
0.6034239465861286,690,1495,63529,443,1,1,0,0,0,194.75578391722678,NORMAL,NORMAL
0.04146201207579536,46,0,58514,54,1,44,1,0,0,694.5615463437892,MALICIOUS,PORT_SCAN
0.019576584968646005,120,3615,54973,443,1,2,4,0,0,182.31661334422287,NORMAL,NORMAL
2.8535505269014605,340,187,62206,22,1,7,7,1,1,161.77813159889885,MALICIOUS,PRIVILEGE_ESCALATION
1.1730098839265963,534,5680,57358,53,1,3,0,0,0,171.5840225047811,NORMAL,NORMAL
0.4066019990784955,454,1671,62698,443,1,1,1,0,0,210.52900367448416,NORMAL,NORMAL
8.34065512975284,662,6560,50850,443,1,1,1,0,0,168.4504079299836,NORMAL,NORMAL
4.845511785736963,684,647,52130,22,1,5,3,1,0,142.2457160883107,SUSPICIOUS,SUSPICIOUS_LOGIN
1.4818365734880377,1684,535,62792,443,1,8,24,0,0,689.4593307637548,MALICIOUS,WEB_ATTACK
0.7531522667878803,209,57,50197,22,1,30,17,16,0,248.0028062623547,MALICIOUS,BRUTE_FORCE
0.060357518499335225,65,0,47624,916,1,38,1,0,0,1044.4712598667215,MALICIOUS,PORT_SCAN
1.5936222926355559,5254,744,61248,80,1,16,20,0,0,1708.1417030482048,MALICIOUS,WEB_ATTACK
0.03414786290980326,54,0,62410,613,1,47,2,0,0,618.6806115787248,MALICIOUS,PORT_SCAN
1.4783961724197825,1223,8620,58625,80,1,1,1,0,0,152.89129720928588,NORMAL,NORMAL
0.4357165019593702,123,82,64299,22,1,53,39,7,0,226.05120380275523,MALICIOUS,BRUTE_FORCE
0.3850318948174276,260,4603,52603,443,1,3,1,0,0,69.48276308521628,NORMAL,NORMAL
0.0300779430936454,54,0,64758,376,1,52,2,0,0,736.4617747066525,MALICIOUS,PORT_SCAN
0.6467205066093266,400,3029,51312,3306,2,3,0,0,0,72.7000909982523,NORMAL,NORMAL
0.9012223208106453,1563,2752,55360,443,1,1,1,0,0,95.87776275804208,NORMAL,NORMAL
1.8075699141405366,688,10044,56539,80,1,1,1,0,0,181.01638137615893,NORMAL,NORMAL
2.9249898509252104,393,685,50892,22,1,4,2,3,1,324.9563359817554,SUSPICIOUS,SUSPICIOUS_LOGIN
35.652893855519224,14352146,7503,50035,8443,1,1,1,0,0,308768.34344716684,MALICIOUS,DATA_EXFILTRATION
1.8359713242406346,271,383,60353,22,1,5,4,0,1,323.91305393535123,MALICIOUS,PRIVILEGE_ESCALATION
0.570194024697403,129,143,61982,22,1,57,59,5,0,233.3743949383587,MALICIOUS,BRUTE_FORCE
1.2149777617253643,1568,457,61940,443,1,24,11,0,0,2664.5731596157584,MALICIOUS,WEB_ATTACK
0.2565776738265375,120,101,50913,22,1,18,35,19,0,244.30075330695502,MALICIOUS,BRUTE_FORCE
0.35424129519764913,119,129,62229,22,1,25,35,20,0,207.7454227849774,MALICIOUS,BRUTE_FORCE
4.040197725285975,665,7570,63913,443,1,3,1,0,0,100.31170897117146,NORMAL,NORMAL
3.1579496321125857,1243,4003,49628,80,2,3,2,0,0,88.38515916270525,NORMAL,NORMAL
64.17649951123057,5404093,1516,55788,9001,1,1,1,0,0,149462.04895340803,MALICIOUS,DATA_EXFILTRATION
0.04757369937850415,47,0,50583,835,2,115,2,0,0,1036.7527437974159,MALICIOUS,PORT_SCAN
1.3545926071885646,176,8622,61954,5432,1,2,3,0,0,168.97564260624227,NORMAL,NORMAL
2.2228063833524905,426,2681,64402,3306,1,1,0,0,0,209.31124340725677,NORMAL,NORMAL
0.04154509154580127,68,0,44476,200,1,58,1,0,0,712.0911837407571,MALICIOUS,PORT_SCAN
38.392480989152205,6729974,5063,60395,53,1,1,1,0,0,197985.79233591162,MALICIOUS,DATA_EXFILTRATION
0.02146511269905623,40,0,48209,872,1,106,1,0,0,829.587015608877,MALICIOUS,PORT_SCAN
0.034743731068057504,46,0,54459,178,1,64,2,0,0,756.9347714112093,MALICIOUS,PORT_SCAN
1.9150078524627707,297,4208,56340,3306,1,1,0,0,0,214.93644209916374,NORMAL,NORMAL
0.06450717140602098,257,4320,56663,80,2,2,6,0,0,159.36858930146082,NORMAL,NORMAL
102.87150629493098,3294203,6920,49985,443,2,1,1,0,0,245942.53853135958,MALICIOUS,DATA_EXFILTRATION
0.19177214070996687,249,6281,61797,443,1,1,3,0,0,153.3434946153791,NORMAL,NORMAL
0.688499753919374,2753,259,55667,80,1,15,21,0,0,1275.3699735692787,MALICIOUS,WEB_ATTACK
0.2756509591044967,150,54,61842,3389,1,59,24,6,0,111.86716175654772,MALICIOUS,BRUTE_FORCE
0.06735880262901406,58,0,47569,494,1,34,2,0,0,657.665042020181,MALICIOUS,PORT_SCAN
0.3012319634111493,888,8013,57675,443,1,1,2,0,0,163.1050486931366,NORMAL,NORMAL
3.3053682809801717,696,1042,55966,3389,1,4,5,2,0,147.64799951889313,SUSPICIOUS,SUSPICIOUS_LOGIN
0.598507411009336,139,3843,52587,443,1,1,5,0,0,165.66113864776352,NORMAL,NORMAL
0.019828104303637357,59,0,61038,498,1,78,2,0,0,1168.5463371500841,MALICIOUS,PORT_SCAN
1.6240088310989305,678,5664,62802,443,1,2,1,0,0,82.13056228995825,NORMAL,NORMAL
0.6544030153721049,180,44,53788,22,1,19,43,17,0,158.45023250210835,MALICIOUS,BRUTE_FORCE
3.818058110866169,756,769,64134,22,1,3,2,1,1,170.72898913773508,SUSPICIOUS,SUSPICIOUS_LOGIN
1.423059120495327,1319,6332,59738,443,1,2,3,0,0,124.47189657093318,NORMAL,NORMAL
1.1987469452045207,841,1822,55733,80,1,4,1,0,0,116.9822442062306,NORMAL,NORMAL
2.2796850509959765,160,484,53326,22,1,6,6,1,1,164.97397006510167,MALICIOUS,PRIVILEGE_ESCALATION
0.07539891242104785,69,0,53052,740,1,97,2,0,0,665.2174409796345,MALICIOUS,PORT_SCAN
3.887134399354505,2106,4943,57972,443,1,0,0,0,0,85.43815499777543,NORMAL,NORMAL
1.1317364443305324,580,8013,60410,80,2,5,0,0,0,148.34895000211242,NORMAL,NORMAL
1.030002201722065,690,613,53375,3389,1,2,2,2,0,128.063836966699,SUSPICIOUS,SUSPICIOUS_LOGIN
0.8923568163031408,190,153,59249,445,1,7,6,1,1,234.83164742846697,MALICIOUS,PRIVILEGE_ESCALATION
2.4809893369854397,61,4197,54336,53,1,3,2,0,0,156.039829650904,NORMAL,NORMAL
0.19221871824962317,163,79,58325,22,1,39,24,8,0,219.9330158689878,MALICIOUS,BRUTE_FORCE
1.5973158482170453,238,2047,59868,443,1,1,2,0,0,118.39587124106782,NORMAL,NORMAL
0.35446138460994386,921,3729,58652,443,1,1,0,0,0,128.61872967909662,NORMAL,NORMAL
0.29471233702162875,126,6271,57386,53,1,0,1,0,0,181.21990082751438,NORMAL,NORMAL
1.7063815973990946,427,8688,61903,443,1,3,0,0,0,56.71045939214709,NORMAL,NORMAL
1.2952749884765837,5963,791,58481,80,1,16,20,0,0,2791.855663405841,MALICIOUS,WEB_ATTACK
1.322443956699782,687,2642,59719,53,2,3,2,0,0,181.6303904335039,NORMAL,NORMAL
1.9600060930622178,643,1144,57941,22,1,5,5,1,1,250.26812339236307,SUSPICIOUS,SUSPICIOUS_LOGIN
4.952938445458297,375,913,55774,22,1,4,3,2,1,242.5839734539941,SUSPICIOUS,SUSPICIOUS_LOGIN
0.07150043956516083,50,0,49412,243,1,108,2,0,0,968.2294191714789,MALICIOUS,PORT_SCAN
0.7175255449135991,656,6619,62868,443,1,1,3,0,0,195.7705266446844,NORMAL,NORMAL
0.30103774216283996,618,6605,65269,3306,1,0,0,0,0,170.0415485657009,NORMAL,NORMAL
0.8089674080455138,4470,299,56749,443,1,19,11,0,0,1132.9561895979314,MALICIOUS,WEB_ATTACK
34.98943999958669,2945907,5560,56691,53,1,3,1,0,0,250115.33271118114,MALICIOUS,DATA_EXFILTRATION
1.0789196898998377,529,5368,60236,443,1,1,1,0,0,146.74244876228883,NORMAL,NORMAL
2.719276623846887,777,421,62536,22,1,2,3,3,1,282.207012699147,SUSPICIOUS,SUSPICIOUS_LOGIN
2.027275294852517,321,1501,61939,443,1,2,2,0,0,79.9556557651072,NORMAL,NORMAL
0.5413368038677654,528,7153,65505,443,1,3,2,0,0,101.57268056772492,NORMAL,NORMAL
1.0072167635646936,4541,856,49243,443,1,22,24,0,0,2597.2008072403205,MALICIOUS,WEB_ATTACK
2.7994988591379224,973,8622,62606,5432,2,2,1,0,0,87.34938531617041,NORMAL,NORMAL
0.4023475702955769,503,10504,58558,80,1,2,0,0,0,117.01925786131707,NORMAL,NORMAL
0.23069956212371595,721,6319,65370,3306,1,1,0,0,0,144.18602310744458,NORMAL,NORMAL
0.6994641727381454,1056,3673,62065,443,2,1,4,0,0,186.20487839826237,NORMAL,NORMAL
0.3566537174624613,565,4868,60182,443,2,3,2,0,0,130.09637021423217,NORMAL,NORMAL
0.7135295176426608,197,6268,50389,443,2,1,2,0,0,133.6754861724423,NORMAL,NORMAL
0.7843627164734015,62,114,59010,445,1,42,23,14,0,152.21942721668188,MALICIOUS,BRUTE_FORCE
0.04572008843562731,1220,1284,50313,443,1,3,3,0,0,184.9588933391235,NORMAL,NORMAL
0.4449540317600619,170,114,57740,445,1,15,16,15,0,207.96799481559515,MALICIOUS,BRUTE_FORCE
1.9746069144767766,770,1339,65148,3389,1,3,3,3,0,296.6762048718076,SUSPICIOUS,SUSPICIOUS_LOGIN
0.7800736746353041,397,161,60982,445,1,5,4,1,1,241.4679228402238,MALICIOUS,PRIVILEGE_ESCALATION
0.19220289036419042,119,3993,55801,3306,1,2,1,0,0,200.7081232281055,NORMAL,NORMAL
2.7265352821744453,1233,4298,61388,8080,1,2,0,0,0,151.43199671158555,NORMAL,NORMAL
0.6696895336526567,732,1118,50017,443,1,0,1,0,0,96.056920235855,NORMAL,NORMAL
0.3400747125313073,525,5231,50716,53,1,3,1,0,0,165.32328628179275,NORMAL,NORMAL
2.927159979210233,1158,4262,60731,53,2,3,2,0,0,126.55034950921231,NORMAL,NORMAL
0.6186665632410111,53,3618,60804,443,2,1,1,0,0,158.76618726185373,NORMAL,NORMAL
0.03793311586698059,107,3742,56269,3306,1,3,0,0,0,226.49637639667193,NORMAL,NORMAL
0.63065337659688,139,55,55127,22,1,48,32,20,0,153.5864611476133,MALICIOUS,BRUTE_FORCE
0.9921728813932134,500,3197,63994,3306,1,2,3,0,0,126.01959774128463,NORMAL,NORMAL
4.349684594768205,1108,6226,50139,443,1,2,0,0,0,114.98216576583613,NORMAL,NORMAL
0.34395556779114234,341,1838,51750,5432,1,2,1,0,0,75.93652662837654,NORMAL,NORMAL
1.9452523627896683,3711,361,51116,443,1,21,8,0,0,1923.2346382715984,MALICIOUS,WEB_ATTACK
2.7586785308290707,196,331,57066,445,1,4,5,1,1,191.75653135220267,MALICIOUS,PRIVILEGE_ESCALATION
0.024804443102717177,68,0,60093,993,1,88,1,0,0,656.4757053813796,MALICIOUS,PORT_SCAN
0.6377325184752385,94,96,49358,3389,1,44,19,21,0,237.28616013845567,MALICIOUS,BRUTE_FORCE
0.23597869226376458,204,51,56899,22,1,18,48,22,0,218.9103446800458,MALICIOUS,BRUTE_FORCE
0.03753824908884849,359,2762,61993,443,2,0,0,0,0,159.35842279297765,NORMAL,NORMAL
2.526474437520506,1671,5446,57412,80,1,1,2,0,0,236.2478123038053,NORMAL,NORMAL
2.016259859642032,6496,286,58030,443,1,19,8,0,0,1742.4006872616524,MALICIOUS,WEB_ATTACK
0.019474273392135227,69,0,40659,186,1,30,1,0,0,1054.1915831293031,MALICIOUS,PORT_SCAN
0.7969873447395873,158,140,63931,22,1,37,24,17,0,116.24303119400506,MALICIOUS,BRUTE_FORCE
0.2323705360536987,3417,415,49268,80,1,23,19,0,0,1287.690312853816,MALICIOUS,WEB_ATTACK
1.4279981066704897,675,5874,49189,80,1,2,2,0,0,159.30984114277786,NORMAL,NORMAL
2.1976898040487085,5514,784,57540,80,1,22,17,0,0,1392.0144750732559,MALICIOUS,WEB_ATTACK
0.0328845664815627,48,0,64274,652,1,43,1,0,0,1171.9140651257323,MALICIOUS,PORT_SCAN
2.5517741151367854,490,4108,49246,5432,1,1,2,0,0,149.01156539724303,NORMAL,NORMAL
4.9098275098577115,365,1434,60290,22,1,3,3,3,0,131.20090488586635,SUSPICIOUS,SUSPICIOUS_LOGIN
0.7708944255651291,1204,7688,64893,80,1,3,2,0,0,129.8159364089206,NORMAL,NORMAL
1.3618535158127425,455,3851,54918,443,1,2,4,0,0,154.49808613154474,NORMAL,NORMAL
0.7006286957857758,877,12884,52584,443,1,2,5,0,0,112.4925188937506,NORMAL,NORMAL
0.023520046150959005,60,0,59254,427,1,106,1,0,0,642.9231947952284,MALICIOUS,PORT_SCAN
1.597983303514924,43,6266,54763,443,1,0,1,0,0,167.04185948979983,NORMAL,NORMAL
0.7391365287377576,872,6605,51174,80,1,2,3,0,0,140.5339237854675,NORMAL,NORMAL
0.40607555646120486,715,2969,63034,8080,1,0,2,0,0,180.2656986042775,NORMAL,NORMAL
0.37918962581154375,501,3300,49820,443,1,1,1,0,0,231.41587732812843,NORMAL,NORMAL
1.1533629909958554,254,1036,52871,80,1,4,1,0,0,78.85119004382885,NORMAL,NORMAL
0.05405542471117446,48,0,52460,2,1,51,1,0,0,1171.3476346951152,MALICIOUS,PORT_SCAN
1.500824221006813,636,9376,55277,3306,1,1,3,0,0,145.62010804073824,NORMAL,NORMAL
0.6322301654929969,290,5547,60531,443,1,3,1,0,0,125.53428447180357,NORMAL,NORMAL
9.349507924715091,213,1318,58711,443,1,1,0,0,0,102.816728655067,NORMAL,NORMAL
4.511900763684697,1173,4017,50437,80,1,3,3,0,0,193.93939504207276,NORMAL,NORMAL
0.6391378132345182,116,59,61096,22,1,21,52,13,0,196.66740727435143,MALICIOUS,BRUTE_FORCE
0.05834913101639198,56,0,49037,717,1,77,2,0,0,902.0187774809606,MALICIOUS,PORT_SCAN
0.01898637414887654,707,2803,49935,53,1,3,1,0,0,89.59835152058992,NORMAL,NORMAL
0.014878847744347029,48,0,51447,687,1,33,2,0,0,878.5738198516146,MALICIOUS,PORT_SCAN
0.5540637989758131,1226,5438,56414,443,1,3,4,0,0,137.8817784806273,NORMAL,NORMAL
0.30946072693359095,36,3903,54854,8080,1,2,2,0,0,124.90155334097193,NORMAL,NORMAL
2.3917327316914507,364,3700,53263,80,1,0,4,0,0,133.2981573498165,NORMAL,NORMAL
0.25219952030401216,364,4214,51392,443,1,3,1,0,0,144.5728225836635,NORMAL,NORMAL
0.7148045514025707,61,75,53398,445,1,46,27,5,0,241.30714553867662,MALICIOUS,BRUTE_FORCE
0.209215055144872,69,112,55472,445,1,53,32,14,0,107.58806385949921,MALICIOUS,BRUTE_FORCE
0.0004606832864216666,644,2949,61650,443,1,2,2,0,0,176.41034826826197,NORMAL,NORMAL
0.8148529589204079,5639,676,64314,8080,1,17,21,0,0,2864.528186582148,MALICIOUS,WEB_ATTACK
0.2024149757757008,94,72,60038,445,1,17,57,22,0,170.81185419363914,MALICIOUS,BRUTE_FORCE
0.21912368778912197,140,2877,62848,3306,1,0,1,0,0,176.02365670408273,NORMAL,NORMAL
0.014083337266263037,128,5503,54569,443,1,4,3,0,0,184.02877577842588,NORMAL,NORMAL
0.32690764882259643,374,3485,64339,80,1,2,1,0,0,209.05007099397992,NORMAL,NORMAL
0.07594078320476008,56,0,64039,247,1,82,1,0,0,904.2468824494574,MALICIOUS,PORT_SCAN
1.4681561893841388,3873,468,54528,8080,1,17,22,0,0,1513.0705823009832,MALICIOUS,WEB_ATTACK
1.3333742324659719,729,682,54366,443,1,3,2,2,0,290.33786762228806,SUSPICIOUS,SUSPICIOUS_LOGIN
0.6193408384732624,194,1251,60181,443,2,2,4,0,0,235.157862229824,NORMAL,NORMAL
1.3442071520271919,525,2670,51853,53,1,3,5,0,0,119.50890534544867,NORMAL,NORMAL
2.004198308889408,6245,315,51313,443,1,23,18,0,0,1834.9996380884972,MALICIOUS,WEB_ATTACK
51.2926354215828,13370519,1268,56774,443,1,1,1,0,0,440881.1163195934,MALICIOUS,DATA_EXFILTRATION
0.26904059722048024,3102,840,62881,443,1,11,13,0,0,2502.513712435321,MALICIOUS,WEB_ATTACK
3.152797560545078,583,1058,58741,22,1,5,5,2,0,182.22768105235747,SUSPICIOUS,SUSPICIOUS_LOGIN
0.795944507635266,1752,2960,63419,443,2,2,4,0,0,152.95080431547544,NORMAL,NORMAL
0.6294899227459609,140,2281,56838,80,1,2,2,0,0,145.08193488137152,NORMAL,NORMAL
0.23535820370982458,265,4304,53277,80,1,2,1,0,0,202.7347381866463,NORMAL,NORMAL
0.3661976234180261,953,1341,57457,80,2,5,1,0,0,140.31793736001669,NORMAL,NORMAL
0.2663588156977644,1107,4385,55369,53,1,2,2,0,0,212.49020527801687,NORMAL,NORMAL
2.8038939061707406,1368,4905,55378,80,1,1,2,0,0,164.35314130581082,NORMAL,NORMAL
0.20068445254916378,1083,3252,49637,80,1,6,2,0,0,105.30672948995658,NORMAL,NORMAL
2.4587458666839166,667,2571,50364,443,1,1,0,0,0,66.4171905132075,NORMAL,NORMAL
2.9345945372010034,301,477,58192,445,1,7,3,0,1,151.37187357066585,MALICIOUS,PRIVILEGE_ESCALATION
1.440327406927776,3409,873,60382,443,1,22,11,0,0,1175.766965358369,MALICIOUS,WEB_ATTACK
0.6343310470179792,217,106,60278,22,1,30,18,18,0,206.234510747818,MALICIOUS,BRUTE_FORCE
2.9262703595942834,245,2920,60771,443,1,5,3,0,0,128.83177424886384,NORMAL,NORMAL
0.5943147200563919,373,380,55145,22,1,3,4,1,1,386.8568728159325,MALICIOUS,PRIVILEGE_ESCALATION
37.778705663384926,9373036,5524,64515,9001,1,2,1,0,0,54862.98995650305,MALICIOUS,DATA_EXFILTRATION
0.007379059209912069,478,2957,56213,80,1,3,1,0,0,112.10251392302868,NORMAL,NORMAL
0.39493322463126923,1223,3092,50225,80,1,3,1,0,0,75.69120554569155,NORMAL,NORMAL
0.033709578322376546,48,0,48333,104,1,82,2,0,0,962.4357241851183,MALICIOUS,PORT_SCAN
0.03257661463615561,63,0,44764,493,1,106,2,0,0,733.2194202525448,MALICIOUS,PORT_SCAN
0.8112063045666307,3634,856,56976,443,1,11,18,0,0,2543.6001794080357,MALICIOUS,WEB_ATTACK
0.2135392229872287,888,6285,60269,443,1,4,1,0,0,165.73738865026186,NORMAL,NORMAL
1.9418307810905804,321,5889,57804,443,1,2,1,0,0,190.07809071167065,NORMAL,NORMAL
1.4201059059225722,3134,861,56479,443,1,17,12,0,0,2531.5426730345357,MALICIOUS,WEB_ATTACK
0.6182114759838292,137,89,62350,445,1,34,42,8,0,247.88845451690094,MALICIOUS,BRUTE_FORCE
4.360565363003892,1385,3777,55113,443,1,0,4,0,0,188.0111713395312,NORMAL,NORMAL
0.01331908671211518,64,0,63553,501,1,117,1,0,0,656.396793030054,MALICIOUS,PORT_SCAN
0.69220371003227,247,1413,61901,5432,2,0,0,0,0,150.42545073394726,NORMAL,NORMAL
1.6073438367262085,888,2706,64660,80,2,3,4,0,0,141.10198755836586,NORMAL,NORMAL
0.30958664500723465,172,129,51352,22,1,42,22,14,0,103.01675141349823,MALICIOUS,BRUTE_FORCE
0.0589794499565376,43,0,55633,231,1,75,1,0,0,1092.3984351636122,MALICIOUS,PORT_SCAN
0.057225813812054584,1059,3919,61061,53,1,2,2,0,0,114.44446931901962,NORMAL,NORMAL
0.1927125747996205,70,5680,65358,80,1,2,1,0,0,216.15870163112166,NORMAL,NORMAL
0.012241346632715009,57,0,43267,987,1,99,1,0,0,996.9519656029745,MALICIOUS,PORT_SCAN
0.4310349326708911,944,1344,49415,443,1,1,5,0,0,87.10041903410668,NORMAL,NORMAL
1.5336353938944698,364,310,51200,22,1,4,5,0,1,391.31204478525893,MALICIOUS,PRIVILEGE_ESCALATION
2.5439291374676674,646,6849,63761,80,1,0,0,0,0,138.69666467532068,NORMAL,NORMAL
0.16927248583806676,309,3159,54739,443,1,2,2,0,0,177.13094801558972,NORMAL,NORMAL
0.09621779406666083,1002,7001,52213,443,1,4,6,0,0,172.35672589036784,NORMAL,NORMAL
3.377000886274513,841,4609,50914,80,1,0,2,0,0,108.52845662493382,NORMAL,NORMAL
68.10500029444721,5605391,5907,52960,9001,1,2,1,0,0,93409.64603077373,MALICIOUS,DATA_EXFILTRATION
0.9845690710514858,133,9576,51569,80,1,2,2,0,0,194.81051682202246,NORMAL,NORMAL
0.028483271327712133,67,0,47425,357,1,77,1,0,0,686.2911169367126,MALICIOUS,PORT_SCAN
1.5732902958180712,371,2064,61994,3306,1,2,2,0,0,163.19972111274618,NORMAL,NORMAL
1.0762298027062833,184,247,61074,445,1,5,4,0,1,173.96533839611828,MALICIOUS,PRIVILEGE_ESCALATION
2.8908433732882988,220,470,61206,22,1,6,4,0,1,349.8604034835089,MALICIOUS,PRIVILEGE_ESCALATION
0.7496323722086946,161,4776,57468,443,1,3,2,0,0,122.82780922537057,NORMAL,NORMAL
0.02974131663302267,313,9125,64467,443,1,5,4,0,0,154.82618588763546,NORMAL,NORMAL
0.798842746972036,176,124,58715,22,1,17,59,14,0,95.54884261869198,MALICIOUS,BRUTE_FORCE
1.4399954180614678,83,3754,52975,443,1,3,2,0,0,140.39388750770036,NORMAL,NORMAL
0.2857051351870372,697,8657,58342,443,2,1,0,0,0,164.67870652116142,NORMAL,NORMAL
0.2828844045955754,321,2396,54644,53,1,5,4,0,0,209.0044945723942,NORMAL,NORMAL
0.01815354049006504,60,0,48628,998,1,89,2,0,0,1121.3325777867587,MALICIOUS,PORT_SCAN
0.8569950290759554,6443,895,50339,8080,1,14,19,0,0,972.6958496131078,MALICIOUS,WEB_ATTACK
93.14039973796781,11816683,1698,57530,443,1,3,1,0,0,475877.30303030397,MALICIOUS,DATA_EXFILTRATION
3.5909140301224367,303,2470,61306,443,2,1,1,0,0,149.204462916583,NORMAL,NORMAL
0.2998629878558795,353,4947,53160,5432,1,1,3,0,0,149.2454041678446,NORMAL,NORMAL
1.3971449068458264,281,4788,63879,443,1,0,1,0,0,129.1723066183016,NORMAL,NORMAL
0.5300357855042482,230,5352,56074,443,1,1,2,0,0,188.35265225870688,NORMAL,NORMAL
3.213308795934676,591,1071,64257,3389,1,5,3,2,0,171.48986747174627,SUSPICIOUS,SUSPICIOUS_LOGIN
1.3445109172480545,775,10824,52007,443,1,3,3,0,0,117.2643898109205,NORMAL,NORMAL
0.532885436761423,95,123,56171,22,1,50,32,10,0,145.79616895347976,MALICIOUS,BRUTE_FORCE
39.09450482557357,10622802,4207,60052,8443,1,2,1,0,0,122475.5929863421,MALICIOUS,DATA_EXFILTRATION
0.6699337620585093,338,426,65273,445,1,7,6,1,1,322.5126741308978,MALICIOUS,PRIVILEGE_ESCALATION
0.06133739402732762,50,0,41355,171,1,103,1,0,0,943.4055108144328,MALICIOUS,PORT_SCAN
0.13782467947952257,528,2046,59123,443,1,2,1,0,0,176.4846916592811,NORMAL,NORMAL
1.0748892256983553,534,7314,59881,443,1,0,3,0,0,138.50529779112543,NORMAL,NORMAL
0.6102662740762159,332,10300,51660,80,1,1,2,0,0,122.65327184226327,NORMAL,NORMAL
1.4149080007127275,2515,311,58412,80,1,8,15,0,0,2015.4665501319337,MALICIOUS,WEB_ATTACK
0.5220957957678567,155,57,58548,22,1,31,39,9,0,198.15482517103956,MALICIOUS,BRUTE_FORCE
0.07224459403958783,49,0,59184,310,1,83,1,0,0,1073.1279620789257,MALICIOUS,PORT_SCAN
4.592250426454705,357,5900,59807,443,1,3,3,0,0,145.9093459912963,NORMAL,NORMAL
0.45824707047247343,440,5333,49242,80,1,1,2,0,0,168.31296085002663,NORMAL,NORMAL
0.19600851866114327,166,48,51823,22,1,41,32,21,0,207.04267481975222,MALICIOUS,BRUTE_FORCE
1.8990511313729956,5520,540,61273,80,1,18,11,0,0,2547.095060904321,MALICIOUS,WEB_ATTACK
0.9517757033190195,180,4852,64031,443,1,0,0,0,0,108.74101824357024,NORMAL,NORMAL
0.5115882072015241,624,4207,60827,53,1,0,2,0,0,136.57424062850473,NORMAL,NORMAL
1.1485544466680295,147,6827,63405,80,1,3,1,0,0,202.51103194434816,NORMAL,NORMAL
3.32805058921904,410,5300,64360,443,1,1,4,0,0,199.59337437176356,NORMAL,NORMAL
0.04848631582662688,1335,3121,53239,80,1,2,4,0,0,183.96617216320826,NORMAL,NORMAL
1.3330227179698753,285,6239,53442,53,1,1,4,0,0,164.37573681871177,NORMAL,NORMAL
0.956974906754976,116,3543,53102,80,1,4,0,0,0,213.0581163533662,NORMAL,NORMAL
10.265393047518995,411,3781,60486,8080,2,1,2,0,0,149.63774945508075,NORMAL,NORMAL
0.23299600471335574,400,8318,60949,443,1,2,1,0,0,135.83284977857195,NORMAL,NORMAL
0.02704957090846557,65,0,45984,245,1,102,1,0,0,627.0859702538501,MALICIOUS,PORT_SCAN
0.05140672231298141,63,0,47469,828,1,53,2,0,0,1136.89611260715,MALICIOUS,PORT_SCAN
2.2211370034445226,1217,5990,59786,8080,1,2,5,0,0,166.52936323138672,NORMAL,NORMAL
2.275967175917008,555,8911,57078,80,1,0,3,0,0,95.34209492423747,NORMAL,NORMAL
2.306359815561575,695,3711,60426,443,1,2,2,0,0,216.95377039072147,NORMAL,NORMAL
0.022351967107091836,51,0,42031,824,1,118,1,0,0,520.7731066619333,MALICIOUS,PORT_SCAN
0.7500710911532087,248,9584,53958,80,2,3,1,0,0,153.1284130200932,NORMAL,NORMAL
2.4354589548400045,426,1706,60881,443,1,0,1,0,0,128.57840916257987,NORMAL,NORMAL
0.7488835265189,1585,731,54009,80,1,10,21,0,0,1990.7609286087156,MALICIOUS,WEB_ATTACK
0.1470709827999495,443,8758,50877,80,1,0,2,0,0,130.54311368684182,NORMAL,NORMAL
2.2581848796029194,4267,415,58643,80,1,22,13,0,0,2714.32773294018,MALICIOUS,WEB_ATTACK
0.4491397304410498,1748,2421,57512,8080,2,1,1,0,0,182.9500112225038,NORMAL,NORMAL
0.06815873930687683,53,0,46070,857,2,98,1,0,0,1189.5082785233867,MALICIOUS,PORT_SCAN
1.4433961723099769,247,7075,51216,443,1,0,1,0,0,145.35189438964886,NORMAL,NORMAL
0.6473259194462903,123,62,64278,22,1,58,21,17,0,80.75971910795552,MALICIOUS,BRUTE_FORCE
1.3372532095279661,815,6090,58887,443,1,3,1,0,0,115.22470539240489,NORMAL,NORMAL
3.9511008781195933,532,12377,53731,80,1,2,3,0,0,197.0196301135083,NORMAL,NORMAL
2.397180806991098,816,2466,52328,443,1,0,3,0,0,192.35487386302248,NORMAL,NORMAL
4.457735153799503,275,638,56428,22,1,2,5,2,0,175.13335993106801,SUSPICIOUS,SUSPICIOUS_LOGIN
0.06593872767651647,997,5698,57134,53,1,1,0,0,0,140.85600338639927,NORMAL,NORMAL
105.69256902017021,3564508,7483,57135,8443,1,1,1,0,0,188928.2214760667,MALICIOUS,DATA_EXFILTRATION
1.4041213926405154,1955,3486,65474,80,1,1,3,0,0,131.95013148015323,NORMAL,NORMAL
2.7707246834435213,570,6833,49269,443,1,4,2,0,0,161.19029399146837,NORMAL,NORMAL
0.5292961696372486,160,52,58672,22,1,41,31,23,0,108.24807088386794,MALICIOUS,BRUTE_FORCE
3.1901711931259995,266,401,57610,443,1,2,2,3,0,174.0932096538268,SUSPICIOUS,SUSPICIOUS_LOGIN
0.8047220002795172,202,2932,57172,80,1,0,3,0,0,125.66406747608798,NORMAL,NORMAL
0.8571565616770902,664,2899,58559,443,1,2,1,0,0,134.91344955235144,NORMAL,NORMAL
0.22997733803615092,266,2655,51432,443,1,1,2,0,0,185.75656439193585,NORMAL,NORMAL
0.9049643245930461,551,4837,55257,80,1,5,3,0,0,200.80581298557718,NORMAL,NORMAL
0.802278581646689,1370,3856,51113,443,1,2,5,0,0,87.58266128779876,NORMAL,NORMAL
1.5670460032476186,1005,3208,49570,5432,1,2,2,0,0,186.59242145398798,NORMAL,NORMAL
0.06110866205694833,57,0,50559,22,1,98,2,0,0,1034.4959811744613,MALICIOUS,PORT_SCAN
0.4411308290244603,83,52,60255,3389,1,40,50,17,0,102.07443470606896,MALICIOUS,BRUTE_FORCE
3.7941610544335966,329,1323,63221,22,1,2,4,1,0,273.0809936252693,SUSPICIOUS,SUSPICIOUS_LOGIN
0.03660840303859171,101,3912,49573,80,1,0,4,0,0,139.41541186511483,NORMAL,NORMAL
23.401728247139033,8865016,3427,59082,53,1,1,1,0,0,227622.12366133544,MALICIOUS,DATA_EXFILTRATION
0.1759905593186088,696,5461,52451,53,1,2,1,0,0,223.946522758662,NORMAL,NORMAL
0.2235883129761421,363,4758,52764,53,1,2,3,0,0,135.54142683346151,NORMAL,NORMAL
0.6958010530629962,349,6293,53775,80,1,0,5,0,0,171.16415846691785,NORMAL,NORMAL
2.9296117380876363,850,9292,50138,53,1,1,3,0,0,157.84490021552972,NORMAL,NORMAL
0.1819118093997668,102,73,61553,3389,1,50,54,12,0,115.15304533474617,MALICIOUS,BRUTE_FORCE
0.1392755685211311,169,77,53686,3389,1,33,25,7,0,147.3569129024253,MALICIOUS,BRUTE_FORCE
0.4523441149491251,269,4360,51281,80,2,4,1,0,0,165.8001468349805,NORMAL,NORMAL
0.0712308984943223,43,0,51077,536,1,94,1,0,0,793.074694978307,MALICIOUS,PORT_SCAN
11.631022314332387,3925846,4245,61605,53,2,3,1,0,0,332746.3016614782,MALICIOUS,DATA_EXFILTRATION
1.8109355553257054,708,4318,49731,443,1,2,4,0,0,83.55375786335286,NORMAL,NORMAL
1.1805341131926632,927,10992,56681,80,1,2,1,0,0,140.93351185104,NORMAL,NORMAL
67.77346752515182,8055611,6193,61234,443,2,3,1,0,0,382861.4690600405,MALICIOUS,DATA_EXFILTRATION
0.4239362156738191,204,81,52370,22,1,42,43,21,0,239.2993660034859,MALICIOUS,BRUTE_FORCE
2.6056216566474646,473,458,60267,443,1,3,2,2,0,321.8757881281062,SUSPICIOUS,SUSPICIOUS_LOGIN
0.20071290577423834,900,2361,51261,443,2,1,2,0,0,144.45327691979685,NORMAL,NORMAL
0.87918656875238,601,4324,52041,443,1,1,3,0,0,129.7692645392762,NORMAL,NORMAL
1.589514018930061,1378,2412,63620,443,1,1,1,0,0,145.0200772757499,NORMAL,NORMAL
1.7455930627990113,184,8789,56400,443,1,0,4,0,0,101.49235009874891,NORMAL,NORMAL
0.010436452453945482,65,0,57127,160,1,80,1,0,0,1043.135563496755,MALICIOUS,PORT_SCAN
0.058867563775686624,65,0,58002,594,1,79,2,0,0,1111.439660511023,MALICIOUS,PORT_SCAN
2.4467713888415568,1462,535,61961,80,1,12,19,0,0,937.5829379542982,MALICIOUS,WEB_ATTACK
0.23932895242665103,1579,3751,65055,80,2,2,2,0,0,108.11152049763582,NORMAL,NORMAL
1.8717949264245735,1052,2804,59900,53,2,0,2,0,0,99.42300321529746,NORMAL,NORMAL
40.56960523469848,1289047,5660,54471,443,1,2,1,0,0,77834.30804898456,MALICIOUS,DATA_EXFILTRATION
0.7635068967296794,211,67,55446,3389,1,35,23,6,0,225.11897230016996,MALICIOUS,BRUTE_FORCE
0.10081692475628923,279,2168,55575,80,1,2,1,0,0,124.1826569275825,NORMAL,NORMAL
79.92910492813361,6022717,2822,62078,443,2,2,1,0,0,88353.49920715512,MALICIOUS,DATA_EXFILTRATION
0.9853370019367664,709,4280,54342,443,1,4,3,0,0,72.88978962627206,NORMAL,NORMAL
0.16395267827357177,622,3812,61783,443,1,2,5,0,0,82.59539179016718,NORMAL,NORMAL
5.4777751451583505,537,1247,56747,3306,1,1,0,0,0,188.8455707535685,NORMAL,NORMAL
1.2661171583363706,772,1071,58753,3389,1,3,2,2,1,108.43125962917715,SUSPICIOUS,SUSPICIOUS_LOGIN
5.580791643103332,404,1945,59893,443,1,0,1,0,0,99.8681749078694,NORMAL,NORMAL
0.518013566825539,698,2617,51347,8080,1,2,5,0,0,130.14770091150703,NORMAL,NORMAL
2.010215214175577,886,9870,53470,53,1,3,1,0,0,162.30941075313686,NORMAL,NORMAL
0.17902542748910788,225,6954,62211,443,1,3,1,0,0,160.90276468814426,NORMAL,NORMAL
1.393648332320041,268,765,60896,22,1,4,2,1,0,324.95606463875157,SUSPICIOUS,SUSPICIOUS_LOGIN
1.2666889107394237,429,5742,64664,443,1,2,3,0,0,131.005794751077,NORMAL,NORMAL
1.7014846838853888,2413,233,52581,443,1,19,13,0,0,2462.2791463578997,MALICIOUS,WEB_ATTACK
1.0574186413334168,275,341,51111,445,1,6,5,1,1,287.8832338737702,MALICIOUS,PRIVILEGE_ESCALATION
3.207696567573573,362,685,49274,443,1,5,2,2,1,167.87323632310006,SUSPICIOUS,SUSPICIOUS_LOGIN
0.20293406274547776,169,6148,51542,8080,2,5,3,0,0,121.22879427485225,NORMAL,NORMAL
1.2972023752465516,1646,3022,60605,443,1,0,0,0,0,131.12272536842266,NORMAL,NORMAL
1.5410728996221335,315,7712,52145,80,2,5,3,0,0,130.20359218038791,NORMAL,NORMAL
0.02702086354221804,67,0,52160,150,1,80,1,0,0,794.888773192582,MALICIOUS,PORT_SCAN
0.3742588329190578,906,2557,50233,443,1,2,2,0,0,199.737802745988,NORMAL,NORMAL
1.7868620172807699,1094,3501,49535,443,1,2,3,0,0,191.5758021216855,NORMAL,NORMAL
0.8249135898233229,184,1369,61309,53,1,1,3,0,0,122.0731468610202,NORMAL,NORMAL
0.792971997543704,724,5151,55366,80,1,2,1,0,0,176.44411110724693,NORMAL,NORMAL
1.3956518290204156,2572,235,58575,8080,1,20,21,0,0,2477.4064125043383,MALICIOUS,WEB_ATTACK
0.592531411600158,801,3564,54644,53,1,4,4,0,0,148.46300364377268,NORMAL,NORMAL
0.4332979899132775,188,137,59782,3389,1,36,18,17,0,204.5247761586513,MALICIOUS,BRUTE_FORCE
0.41683701794424843,208,63,64045,3389,1,34,36,8,0,132.04876100230962,MALICIOUS,BRUTE_FORCE
0.7190529287322003,478,11364,63071,443,1,2,4,0,0,158.49013641003373,NORMAL,NORMAL
2.892430084451332,549,987,60360,443,1,3,5,1,0,291.89217250084886,SUSPICIOUS,SUSPICIOUS_LOGIN
0.017953872135257856,59,0,58689,485,1,33,2,0,0,844.5242999381871,MALICIOUS,PORT_SCAN
1.0690172694719784,163,5099,50338,5432,1,1,2,0,0,77.38561821352582,NORMAL,NORMAL
0.8257444075997341,1059,3040,54318,443,1,2,1,0,0,106.89291525923443,NORMAL,NORMAL
0.189616465331868,382,3969,59761,3306,1,1,2,0,0,168.2796354304794,NORMAL,NORMAL
3.613016240205842,828,3574,59843,80,1,1,1,0,0,121.76634761833219,NORMAL,NORMAL
1.1319779210362253,187,457,50969,22,1,5,6,1,1,269.1487796846251,MALICIOUS,PRIVILEGE_ESCALATION
0.00893818538171949,265,1614,52854,443,1,1,2,0,0,178.1099598489363,NORMAL,NORMAL
1.2782129082939564,351,5896,58769,80,1,2,2,0,0,145.48025481249272,NORMAL,NORMAL
0.07696927369092357,725,4231,51498,80,1,4,6,0,0,140.31403096704278,NORMAL,NORMAL
1.8423194946816384,5451,234,53766,443,1,17,24,0,0,1155.1513550015911,MALICIOUS,WEB_ATTACK
0.4400440292312927,99,66,58830,22,1,15,26,13,0,87.82353493479593,MALICIOUS,BRUTE_FORCE
0.7759983216059005,1206,3566,61781,5432,1,0,4,0,0,114.69154657265773,NORMAL,NORMAL
0.6664442369716578,79,108,51653,3389,1,26,15,14,0,184.5559118296733,MALICIOUS,BRUTE_FORCE
4.473818654122153,464,14270,60838,443,2,0,2,0,0,139.134017903727,NORMAL,NORMAL
3.2162278359123606,109,3095,51004,80,2,0,2,0,0,181.49070664118665,NORMAL,NORMAL
0.517896780944803,37,3499,52894,443,1,1,2,0,0,219.75137424855203,NORMAL,NORMAL
4.112130175267224,748,757,57179,53,1,2,0,0,0,116.43607109715808,NORMAL,NORMAL
0.8867897899960656,434,3294,49681,8080,1,1,4,0,0,144.09632478790718,NORMAL,NORMAL
0.5188130200367231,689,2071,54227,53,1,2,2,0,0,224.38589974414452,NORMAL,NORMAL
0.24910771335532395,118,42,62153,22,1,23,35,6,0,137.34015496487433,MALICIOUS,BRUTE_FORCE
0.20119595459346323,1814,5286,59711,443,2,2,4,0,0,193.31999754067473,NORMAL,NORMAL
2.9664435177806956,258,2133,63238,443,1,4,5,0,0,134.05272595381666,NORMAL,NORMAL
2.2573564335748837,508,510,65369,3389,1,3,5,3,0,272.25972015854046,SUSPICIOUS,SUSPICIOUS_LOGIN
0.014234204066169365,61,0,62647,793,1,34,2,0,0,986.6201772554464,MALICIOUS,PORT_SCAN
2.105358146132162,590,5541,52606,8080,1,1,2,0,0,138.21689438000018,NORMAL,NORMAL
2.4641061035640566,2281,646,64737,443,1,19,16,0,0,703.2843766126766,MALICIOUS,WEB_ATTACK
0.3470772405934015,116,106,49382,3389,1,44,40,12,0,124.44995534998955,MALICIOUS,BRUTE_FORCE
84.81745051444828,14081974,2257,55368,443,1,1,1,0,0,244280.06788115183,MALICIOUS,DATA_EXFILTRATION
0.3909258197164366,92,61,56361,22,1,25,56,18,0,198.41275575125036,MALICIOUS,BRUTE_FORCE
0.6700870296296246,878,3403,58594,53,1,4,1,0,0,123.62987557486993,NORMAL,NORMAL
2.9447394504687168,389,1033,60135,22,1,3,2,1,1,330.7756632456052,SUSPICIOUS,SUSPICIOUS_LOGIN
0.3455108489259041,119,43,61778,22,1,31,22,17,0,186.1815717732903,MALICIOUS,BRUTE_FORCE
2.2072163022065787,335,3235,56384,80,1,2,1,0,0,171.1622751559171,NORMAL,NORMAL
0.617934308797524,130,96,57708,3389,1,22,28,20,0,123.6084340222385,MALICIOUS,BRUTE_FORCE
0.36638658900355403,119,107,64638,22,1,32,30,22,0,82.60175239935917,MALICIOUS,BRUTE_FORCE
0.798553053637721,167,53,59252,22,1,23,52,12,0,248.76007280273635,MALICIOUS,BRUTE_FORCE
10.973862364219922,282,5230,53685,443,1,4,2,0,0,179.7486328159925,NORMAL,NORMAL
0.21436447125090266,135,58,51964,3389,1,22,58,8,0,127.53403876220551,MALICIOUS,BRUTE_FORCE
1.40533850896125,624,637,53214,443,1,3,4,2,0,308.2289671510257,SUSPICIOUS,SUSPICIOUS_LOGIN
1.5395576706022134,309,5283,59570,443,2,1,5,0,0,177.1859966471428,NORMAL,NORMAL
40.50022781635185,13913911,1921,53794,443,1,2,1,0,0,103418.70691475915,MALICIOUS,DATA_EXFILTRATION
5.7063352511887455,489,2686,55108,53,1,2,1,0,0,149.1664178891505,NORMAL,NORMAL
2.3645446007814788,2641,3334,57299,443,1,1,2,0,0,160.68255323334438,NORMAL,NORMAL
1.5675419129771244,428,3045,55231,3306,1,1,3,0,0,131.8975332319455,NORMAL,NORMAL
0.318315064791618,97,134,55245,22,1,47,58,20,0,119.47585474126589,MALICIOUS,BRUTE_FORCE
2.111300344160929,709,1071,52446,22,1,2,4,1,0,226.9758163738822,SUSPICIOUS,SUSPICIOUS_LOGIN
0.4378406447534791,342,5449,62688,443,1,4,3,0,0,121.13723670639882,NORMAL,NORMAL
0.5127836311457713,1113,6031,57477,53,1,1,4,0,0,122.65737252330446,NORMAL,NORMAL
3.0067441685046683,150,6298,52467,443,1,4,1,0,0,194.5205864786987,NORMAL,NORMAL
0.7237003067604174,271,4986,54140,3306,1,6,0,0,0,154.93254083305524,NORMAL,NORMAL
0.022266801372667386,53,0,42640,867,1,63,2,0,0,956.3334725480098,MALICIOUS,PORT_SCAN
0.669986668258276,280,1893,55562,443,1,0,3,0,0,180.2858941725791,NORMAL,NORMAL
0.01644802617206501,57,0,46179,724,1,32,1,0,0,563.5938261537037,MALICIOUS,PORT_SCAN
0.5098776596960659,2256,210,59898,443,1,20,22,0,0,2312.3436305343466,MALICIOUS,WEB_ATTACK
2.8918968810166605,334,963,63421,22,1,5,5,3,0,122.70020010612566,SUSPICIOUS,SUSPICIOUS_LOGIN
1.6813785013343039,527,3087,64794,443,2,3,1,0,0,199.5028818993647,NORMAL,NORMAL
4.4644933194427425,304,845,63401,22,1,3,4,3,0,164.30762139525234,SUSPICIOUS,SUSPICIOUS_LOGIN
0.2650296929001382,554,7057,49554,443,1,2,3,0,0,127.84579375250699,NORMAL,NORMAL
6.290012961636975,667,4436,59020,443,1,1,4,0,0,132.8210375935086,NORMAL,NORMAL
0.30972081568260096,67,2538,59638,443,1,2,2,0,0,150.00895791983152,NORMAL,NORMAL
1.7313097234921555,754,510,54711,22,1,2,5,2,1,151.3238572624218,SUSPICIOUS,SUSPICIOUS_LOGIN
0.0673289526898016,64,0,53597,30,1,77,1,0,0,879.7411287251446,MALICIOUS,PORT_SCAN
0.028347782555986703,61,0,63297,370,1,113,2,0,0,758.1222250559592,MALICIOUS,PORT_SCAN
57.29528292020277,7478290,3986,50261,9001,1,2,1,0,0,104341.27122538199,MALICIOUS,DATA_EXFILTRATION
0.7447255352625939,1080,3029,56866,53,1,1,5,0,0,245.76626970003906,NORMAL,NORMAL
0.24234267109002278,1266,5793,56235,443,1,2,0,0,0,138.8375941513116,NORMAL,NORMAL
3.257042488086405,117,4591,52962,80,1,0,0,0,0,192.61921500261406,NORMAL,NORMAL
1.4580344341134837,5166,862,49364,80,1,20,11,0,0,826.2624326093902,MALICIOUS,WEB_ATTACK
0.8167967905233253,257,3031,51424,443,1,2,3,0,0,161.1137123788739,NORMAL,NORMAL
2.8299401123576167,140,1744,59622,443,1,2,6,0,0,178.56945930775714,NORMAL,NORMAL
0.17659663975960574,753,3307,56421,443,2,0,2,0,0,155.60322056863262,NORMAL,NORMAL
1.6520944757584604,768,6215,54602,443,1,2,2,0,0,238.48765237538743,NORMAL,NORMAL
1.5320423376171308,1246,492,60782,443,1,18,13,0,0,630.7107781985891,MALICIOUS,WEB_ATTACK
0.10266023665104036,158,101,62349,22,1,20,23,13,0,236.15215531810387,MALICIOUS,BRUTE_FORCE
1.9374886937118223,666,2853,59283,8080,1,2,3,0,0,202.68460269359463,NORMAL,NORMAL
48.58870642496585,3486521,5553,56613,443,1,3,1,0,0,116057.38346758748,MALICIOUS,DATA_EXFILTRATION
3.6158036094455257,95,7920,55509,443,1,1,0,0,0,194.88667647219503,NORMAL,NORMAL
1.0415800967556794,3801,711,56509,80,1,16,12,0,0,1071.4440088674805,MALICIOUS,WEB_ATTACK
1.661561207611892,180,204,54235,22,1,4,3,1,1,168.13804569313862,MALICIOUS,PRIVILEGE_ESCALATION
3.3783662935530776,58,1147,53869,80,1,1,2,0,0,151.88856336794413,NORMAL,NORMAL
3.81461722418151,350,7554,50478,5432,1,1,3,0,0,106.29486022287966,NORMAL,NORMAL
1.259107695843097,267,4401,62251,443,1,0,2,0,0,150.89483673758423,NORMAL,NORMAL
1.4032620328475607,385,1607,64914,443,2,5,2,0,0,145.37962275499356,NORMAL,NORMAL
0.09429057782334438,299,4217,51171,443,1,5,1,0,0,218.1651851813137,NORMAL,NORMAL
2.9358573744816088,252,9244,59587,443,1,2,3,0,0,217.93161569707826,NORMAL,NORMAL
1.740646239197917,214,7514,64392,443,1,1,1,0,0,167.63539205766588,NORMAL,NORMAL
0.6540473908359201,212,110,50374,22,1,40,31,12,0,196.66339002099423,MALICIOUS,BRUTE_FORCE
2.2241875236303175,152,461,52078,445,1,7,4,1,1,170.38823366291285,MALICIOUS,PRIVILEGE_ESCALATION
0.4384533528247473,153,6745,49747,80,2,3,0,0,0,111.70527855322453,NORMAL,NORMAL
0.03410684554246435,52,0,42294,226,1,47,1,0,0,1180.1013564177692,MALICIOUS,PORT_SCAN
0.19345517520840455,219,6666,55558,8080,1,0,0,0,0,83.01694720847779,NORMAL,NORMAL
4.022355034297356,1477,6633,52337,443,1,2,4,0,0,150.927839142295,NORMAL,NORMAL
4.32087279043866,409,5382,61834,443,1,3,0,0,0,168.30686444774344,NORMAL,NORMAL
2.344104195026733,549,11340,57213,80,2,1,3,0,0,166.57853408645067,NORMAL,NORMAL
2.5398762451630685,218,268,54026,445,1,5,6,0,1,191.2304341778309,MALICIOUS,PRIVILEGE_ESCALATION
2.832584283331676,425,1358,52252,443,2,3,1,0,0,168.90004543935154,NORMAL,NORMAL
4.701726923664124,204,6408,62036,5432,1,2,2,0,0,130.46215634645395,NORMAL,NORMAL
1.19627352692403,114,6659,60271,443,2,3,0,0,0,98.84277485069833,NORMAL,NORMAL
0.06550525249770159,55,0,63879,545,1,84,2,0,0,927.5939546714142,MALICIOUS,PORT_SCAN
1.677248444426758,555,2885,52738,53,1,2,0,0,0,116.35502431310837,NORMAL,NORMAL
0.045508561314677176,61,0,47676,390,1,86,2,0,0,971.7282597815442,MALICIOUS,PORT_SCAN
3.0652330823997342,466,1394,55319,3389,1,5,2,2,0,108.64159054004676,SUSPICIOUS,SUSPICIOUS_LOGIN
0.011540328405600452,502,7391,61757,443,1,2,4,0,0,126.89879625969785,NORMAL,NORMAL
0.16628709681240553,1045,3350,60243,443,2,2,1,0,0,79.57454226649985,NORMAL,NORMAL
3.9964196443691176,1207,2187,56694,53,1,1,2,0,0,211.41020597544446,NORMAL,NORMAL
1.0699681232881342,346,3738,52945,443,1,1,0,0,0,83.18935874826953,NORMAL,NORMAL
0.037066493725148135,596,5930,51265,5432,2,2,1,0,0,91.04652032596235,NORMAL,NORMAL
6.591095837274756,106,10788,59969,443,1,3,3,0,0,130.94797436124688,NORMAL,NORMAL
0.8850516174559182,536,3159,64204,53,2,1,2,0,0,166.5192226210019,NORMAL,NORMAL
3.3452914415549655,373,3148,63545,53,1,1,4,0,0,118.85041938523389,NORMAL,NORMAL
2.238132841466897,659,6072,54994,443,1,2,2,0,0,100.16765990403493,NORMAL,NORMAL
0.6155568357387354,216,86,65139,22,1,20,54,7,0,155.07662479773148,MALICIOUS,BRUTE_FORCE
0.4412840456415392,211,134,58287,22,1,29,50,14,0,209.68929589720653,MALICIOUS,BRUTE_FORCE
0.869951588756926,288,3009,50799,53,1,3,1,0,0,196.86728788891244,NORMAL,NORMAL
0.06299571100175363,61,0,44461,494,2,66,1,0,0,565.7585919360496,MALICIOUS,PORT_SCAN
0.05214157564985854,56,0,57736,932,1,33,1,0,0,861.9156364235796,MALICIOUS,PORT_SCAN
1.2235189235266046,51,808,51241,443,1,3,1,0,0,68.26025990059514,NORMAL,NORMAL
0.3550679992158734,914,4880,61781,80,1,3,1,0,0,158.59760679755732,NORMAL,NORMAL
4.415447628687081,629,654,61178,443,1,4,3,2,0,199.09489012216844,SUSPICIOUS,SUSPICIOUS_LOGIN
0.3343439287815112,158,67,60643,3389,1,20,15,8,0,161.77572194790207,MALICIOUS,BRUTE_FORCE
0.1678110223511303,95,147,62699,22,1,54,53,7,0,163.07449341445968,MALICIOUS,BRUTE_FORCE
0.6383079305890087,78,4911,62640,443,1,2,2,0,0,127.36596884670504,NORMAL,NORMAL
0.12474794635195313,133,11754,61438,80,1,0,1,0,0,187.45899823696124,NORMAL,NORMAL
2.2755049589611676,754,4646,61251,3306,1,0,3,0,0,148.0557242050874,NORMAL,NORMAL
2.7415865710978866,415,334,53792,22,1,3,7,1,1,353.87214685571485,MALICIOUS,PRIVILEGE_ESCALATION
81.77896706853635,4922088,2874,49753,443,1,1,1,0,0,323191.5067896998,MALICIOUS,DATA_EXFILTRATION
0.40362439175879317,174,3434,55360,80,1,1,1,0,0,145.9468390872764,NORMAL,NORMAL
1.2881256568799586,1130,4274,58781,5432,1,1,1,0,0,181.37878070096224,NORMAL,NORMAL
0.23581108685929342,5502,749,60671,80,1,24,10,0,0,2827.2639950641433,MALICIOUS,WEB_ATTACK
4.605797900387557,1818,3640,51108,80,1,3,1,0,0,234.6425952711249,NORMAL,NORMAL
4.57167602866015,394,574,60806,443,1,3,4,3,0,170.83903017818238,SUSPICIOUS,SUSPICIOUS_LOGIN
2.574522473445991,218,202,63724,22,1,4,5,1,1,237.08686547679054,MALICIOUS,PRIVILEGE_ESCALATION
0.8188524276151459,521,2993,54103,443,1,0,0,0,0,173.46480662058218,NORMAL,NORMAL
0.28637746639441003,200,110,63407,22,1,28,44,13,0,248.3059085819854,MALICIOUS,BRUTE_FORCE
4.046650425262977,955,2059,49548,5432,1,1,2,0,0,157.63288710142695,NORMAL,NORMAL
1.0873625703630372,689,3401,64071,80,1,0,0,0,0,199.1236544156779,NORMAL,NORMAL
2.2510566037380375,2663,412,65241,443,1,12,18,0,0,1776.7515179412396,MALICIOUS,WEB_ATTACK
2.8510843404272617,730,474,51508,443,1,4,3,3,1,196.28121392967824,SUSPICIOUS,SUSPICIOUS_LOGIN
0.3851353587958687,49,1949,62485,443,1,0,0,0,0,164.65854982249905,NORMAL,NORMAL
0.02438771505406056,53,0,49632,300,1,64,1,0,0,626.8971924082329,MALICIOUS,PORT_SCAN
1.9158084473002477,4838,485,59365,443,1,9,24,0,0,2545.586684484834,MALICIOUS,WEB_ATTACK
0.8068244514790209,228,3841,49452,443,1,1,0,0,0,91.06970886081696,NORMAL,NORMAL
1.5568942415842932,266,328,55386,22,1,5,7,1,1,194.87912687905816,MALICIOUS,PRIVILEGE_ESCALATION
2.0307184867897687,4885,244,55640,443,1,13,24,0,0,1766.9106225486053,MALICIOUS,WEB_ATTACK
5.33123859503392,989,4770,59162,443,1,4,1,0,0,174.41201020612934,NORMAL,NORMAL
0.674706868889827,455,3363,57329,443,1,4,1,0,0,162.2518024778041,NORMAL,NORMAL
0.042014227115684095,66,0,42655,282,1,40,1,0,0,888.3938899465031,MALICIOUS,PORT_SCAN
0.8307305399852647,646,6261,57639,80,1,2,3,0,0,135.1075666460837,NORMAL,NORMAL
0.014334722333925722,66,0,44551,765,1,77,1,0,0,874.3287892247611,MALICIOUS,PORT_SCAN
0.023960810892734496,56,0,62208,95,1,57,1,0,0,1196.9643119616678,MALICIOUS,PORT_SCAN
0.09822428440171635,2320,8224,61398,80,1,3,1,0,0,209.77681629660856,NORMAL,NORMAL
0.6085019075310597,586,6437,51694,443,1,2,1,0,0,191.44584899224907,NORMAL,NORMAL
0.7172339758047723,662,1906,50115,443,1,2,3,0,0,146.1901968709862,NORMAL,NORMAL
50.4567052500291,14710776,2702,54799,9001,1,3,1,0,0,412371.356747152,MALICIOUS,DATA_EXFILTRATION
0.6363800301719856,154,137,50249,445,1,56,25,14,0,249.10311615686274,MALICIOUS,BRUTE_FORCE
0.444732696912826,1418,328,63128,80,1,18,21,0,0,610.9660070862824,MALICIOUS,WEB_ATTACK
3.4968758218547893,362,884,53318,22,1,2,5,3,1,241.6687079746709,SUSPICIOUS,SUSPICIOUS_LOGIN
84.4133825911811,3868186,4132,58846,9001,1,1,1,0,0,200136.85001865786,MALICIOUS,DATA_EXFILTRATION
0.6163906292482365,368,1934,57653,443,1,0,2,0,0,131.43115610267097,NORMAL,NORMAL
2.5431284880491454,622,1174,59486,22,1,4,3,3,0,144.03307522799494,SUSPICIOUS,SUSPICIOUS_LOGIN
0.5704622196185697,850,4025,65001,5432,1,1,0,0,0,132.03754999907687,NORMAL,NORMAL
0.34246459313371025,257,8627,50682,443,1,4,3,0,0,171.9556192846268,NORMAL,NORMAL
1.9696802697586082,73,3867,62529,443,1,4,0,0,0,157.12707118791212,NORMAL,NORMAL
2.3120824662630497,719,1449,57387,3389,1,5,5,1,0,348.97757121683173,SUSPICIOUS,SUSPICIOUS_LOGIN
104.9300960055048,5534415,1615,49300,8443,1,3,1,0,0,95303.54197440663,MALICIOUS,DATA_EXFILTRATION
0.7639949626364858,459,4797,62213,80,2,5,1,0,0,158.3125356354312,NORMAL,NORMAL
2.322493333165037,376,3478,56665,80,1,1,2,0,0,142.96047237737542,NORMAL,NORMAL
69.2295050548712,9054569,7672,52093,9001,1,3,1,0,0,323569.3122730741,MALICIOUS,DATA_EXFILTRATION
0.01930706422447334,257,4452,49346,443,1,2,4,0,0,146.68448764935897,NORMAL,NORMAL
0.5804280544059652,104,114,51330,22,1,42,52,19,0,152.29612834886714,MALICIOUS,BRUTE_FORCE
0.024014799958508158,58,0,47802,227,1,101,2,0,0,1113.472317796863,MALICIOUS,PORT_SCAN
0.05343691201264891,42,0,47564,209,1,107,2,0,0,1064.9052835565078,MALICIOUS,PORT_SCAN
0.10243407086032613,96,4649,54561,80,1,2,2,0,0,144.60925683539523,NORMAL,NORMAL
3.3867988584352013,41,10791,55123,443,1,2,5,0,0,183.2733346202986,NORMAL,NORMAL
1.0301992959967894,931,8714,64397,443,1,2,1,0,0,167.6760395418807,NORMAL,NORMAL
0.2467510703145622,297,7132,60115,53,1,2,0,0,0,106.73058184848783,NORMAL,NORMAL
0.3132763478930153,592,1574,55816,443,2,3,4,0,0,158.39989942709397,NORMAL,NORMAL
1.0213093500002093,193,3901,62374,53,2,2,2,0,0,172.80007765171615,NORMAL,NORMAL
2.0092671437612166,283,3836,60283,443,1,4,3,0,0,162.7377497246042,NORMAL,NORMAL
6.922545842562835,636,2075,57076,3306,1,3,1,0,0,152.15140503533084,NORMAL,NORMAL
1.9049786540368765,1112,6515,63211,443,1,2,2,0,0,133.23741020745908,NORMAL,NORMAL
1.4029307741474832,252,3260,64882,443,1,1,1,0,0,129.24651828713246,NORMAL,NORMAL
0.3820507953960028,347,7525,55127,80,1,1,2,0,0,148.15753914923482,NORMAL,NORMAL
0.4468152348337135,559,9241,50141,53,1,0,3,0,0,185.87357263462127,NORMAL,NORMAL
0.736304111020633,238,7938,49894,443,2,1,1,0,0,198.6428114904909,NORMAL,NORMAL
4.244112453223684,363,891,64820,443,1,2,3,3,1,141.55014184157693,SUSPICIOUS,SUSPICIOUS_LOGIN
0.5280596255409533,127,2292,58967,53,1,3,1,0,0,109.52048882630652,NORMAL,NORMAL
2.1228631499675874,701,1856,63025,443,1,1,4,0,0,175.56627828156962,NORMAL,NORMAL
0.27420708090081886,152,7500,50587,443,1,2,2,0,0,168.82711118453668,NORMAL,NORMAL
0.17231245826985073,978,6403,60321,8080,1,4,0,0,0,193.72399531301693,NORMAL,NORMAL
1.019105042485782,554,4144,65228,443,1,3,1,0,0,162.9763419774401,NORMAL,NORMAL
3.5382921894700337,885,1961,65440,8080,1,2,1,0,0,103.38525532682007,NORMAL,NORMAL
1.9639782437938877,175,297,50012,445,1,6,6,1,1,224.05209946160994,MALICIOUS,PRIVILEGE_ESCALATION
0.5397376272654968,151,84,62749,445,1,21,47,19,0,179.45265331766342,MALICIOUS,BRUTE_FORCE
0.788977728752269,286,4079,50758,80,1,3,4,0,0,183.0390822574803,NORMAL,NORMAL
0.7793003591658542,353,6662,59302,53,1,2,3,0,0,180.73357817220017,NORMAL,NORMAL
0.15596382652300173,482,5517,49452,80,1,2,1,0,0,126.41684016255489,NORMAL,NORMAL
1.6459767582708826,286,1973,56380,443,1,3,2,0,0,136.63426015449812,NORMAL,NORMAL
0.24755644986576544,604,6811,58442,3306,1,5,3,0,0,95.980841768576,NORMAL,NORMAL
0.40848580793678524,96,3230,58353,443,1,1,1,0,0,216.37677995432836,NORMAL,NORMAL
0.7581479348030723,130,847,60900,53,1,2,2,0,0,115.1843346498537,NORMAL,NORMAL
106.27140536856723,3927261,1729,54377,9001,1,3,1,0,0,95161.88886280506,MALICIOUS,DATA_EXFILTRATION
0.0390247032535015,647,3953,61457,443,1,1,4,0,0,212.78729819822007,NORMAL,NORMAL
0.15291332255253587,146,81,55308,22,1,33,41,12,0,171.93393855676652,MALICIOUS,BRUTE_FORCE
1.0213809328500216,291,4245,56361,80,1,0,2,0,0,212.7587947579625,NORMAL,NORMAL
2.298627522636227,545,8821,62668,443,1,0,2,0,0,150.01685036948473,NORMAL,NORMAL
0.386893230432132,302,2414,51952,53,1,0,2,0,0,167.92336153429494,NORMAL,NORMAL
0.34228938714317914,60,114,49590,22,1,23,53,15,0,226.25965420961336,MALICIOUS,BRUTE_FORCE
0.0521918779660781,51,0,40605,223,1,72,1,0,0,678.7482933669644,MALICIOUS,PORT_SCAN
1.5612393307036825,1315,8223,63488,443,1,1,2,0,0,153.64403466424488,NORMAL,NORMAL
0.06426015070204902,47,0,64774,420,1,70,1,0,0,756.5015767517116,MALICIOUS,PORT_SCAN
2.363108969750854,257,6658,55087,80,1,2,1,0,0,117.31975970144353,NORMAL,NORMAL
1.7574101614689996,957,3820,50874,80,1,2,1,0,0,117.82486229319987,NORMAL,NORMAL
2.1511793904618193,145,5925,60129,53,1,3,2,0,0,157.02694849967116,NORMAL,NORMAL
0.07720876743751463,55,0,42466,787,1,108,1,0,0,743.5258094902633,MALICIOUS,PORT_SCAN
1.0241455934911672,782,6667,58497,443,2,0,4,0,0,100.26196792302088,NORMAL,NORMAL
1.2849447577462954,60,4713,60732,443,1,2,2,0,0,162.0568206206707,NORMAL,NORMAL
0.015415452478392287,41,0,50678,602,2,79,1,0,0,1184.676850444971,MALICIOUS,PORT_SCAN
2.072422769998082,248,5684,51798,443,1,2,3,0,0,141.8990801012367,NORMAL,NORMAL
0.562438768995525,373,5131,55310,443,1,0,4,0,0,161.610432216142,NORMAL,NORMAL
0.4191725258422796,86,84,56744,3389,1,42,46,11,0,119.99192178065151,MALICIOUS,BRUTE_FORCE
1.6741633732958308,1791,314,57368,80,1,12,10,0,0,2973.177215288281,MALICIOUS,WEB_ATTACK
9.259576338201708,570,5565,57854,443,1,2,3,0,0,160.28951002706089,NORMAL,NORMAL
0.7369406921666712,1084,2787,49367,53,1,0,4,0,0,99.69688564341536,NORMAL,NORMAL
0.9975319985534303,5809,816,54373,443,1,18,11,0,0,1546.7854644717804,MALICIOUS,WEB_ATTACK
0.8745151754672384,379,5391,53629,53,1,4,1,0,0,8.687272492844045,NORMAL,NORMAL
1.6701658883468584,418,4202,62085,53,1,3,4,0,0,128.411946408587,NORMAL,NORMAL
1.8964396742108398,5174,520,56871,80,1,17,16,0,0,1781.91092649681,MALICIOUS,WEB_ATTACK
0.7347571447412132,971,10751,60502,443,1,1,1,0,0,118.82817601914272,NORMAL,NORMAL
0.03288514287971172,62,0,42672,283,2,115,1,0,0,684.567302724541,MALICIOUS,PORT_SCAN
1.9894642085644225,155,208,55032,445,1,5,4,1,1,332.5946442116205,MALICIOUS,PRIVILEGE_ESCALATION
2.1469751409385522,506,3341,56292,8080,1,3,1,0,0,143.97543941480268,NORMAL,NORMAL
2.1784690440360843,354,6972,62712,80,2,3,1,0,0,223.21575424512662,NORMAL,NORMAL
1.2008067665215953,382,3137,61584,80,1,0,1,0,0,100.5744870605059,NORMAL,NORMAL
4.631669440360594,139,3706,62457,443,2,2,2,0,0,76.6574314405164,NORMAL,NORMAL
0.021001405898869924,46,0,48531,112,1,107,2,0,0,908.1595575063229,MALICIOUS,PORT_SCAN
1.3415381453609911,495,6768,60920,443,1,2,1,0,0,133.16952825275786,NORMAL,NORMAL
2.832290244471522,725,5063,62913,53,1,1,2,0,0,119.50999866706788,NORMAL,NORMAL
0.01616816888726699,50,0,54620,754,1,105,2,0,0,873.4753424048848,MALICIOUS,PORT_SCAN
0.7906283440485844,258,12895,52445,443,1,0,5,0,0,102.92474718273778,NORMAL,NORMAL
1.6406878387322266,1105,2674,58024,443,1,3,2,0,0,134.87968403927132,NORMAL,NORMAL
2.531249171086254,964,9215,52520,3306,1,1,1,0,0,181.81068849928815,NORMAL,NORMAL
0.2975762575805132,5141,698,56385,80,1,20,16,0,0,637.3253948078102,MALICIOUS,WEB_ATTACK
4.601238159972507,412,2124,54397,443,1,3,1,0,0,113.86478280851338,NORMAL,NORMAL
0.010804539504533986,43,0,41222,764,1,108,1,0,0,540.89252749434,MALICIOUS,PORT_SCAN
4.133872922941255,210,6287,61482,443,1,1,2,0,0,131.64172456701706,NORMAL,NORMAL
0.8814680713711878,294,1430,65025,53,1,2,4,0,0,178.38982972910213,NORMAL,NORMAL
3.170251835905184,648,1694,60293,443,1,3,0,0,0,179.75506498058553,NORMAL,NORMAL
1.3152078091852197,1133,4251,63226,53,1,3,2,0,0,118.4090263730021,NORMAL,NORMAL
4.175368996550601,60,2610,52120,443,2,0,1,0,0,168.26416714211334,NORMAL,NORMAL
0.5863971944092209,62,84,55892,3389,1,28,44,22,0,219.09876125974495,MALICIOUS,BRUTE_FORCE
0.6439168330255496,497,4422,59639,80,1,2,1,0,0,221.66049396555735,NORMAL,NORMAL
1.705394206241393,387,6878,62401,443,2,1,1,0,0,111.113511282267,NORMAL,NORMAL
0.8380224034603818,2251,513,64726,443,1,20,19,0,0,2546.0149134179665,MALICIOUS,WEB_ATTACK
1.7756501685967998,193,978,62784,80,1,3,1,0,0,120.16231494097595,NORMAL,NORMAL
1.9717108408386244,764,1431,55631,3389,1,5,4,3,0,286.0195263160406,SUSPICIOUS,SUSPICIOUS_LOGIN
2.6880378767023805,864,3744,55032,53,1,1,4,0,0,68.63004561956308,NORMAL,NORMAL
0.5017946051214273,201,145,63618,3389,1,31,53,5,0,230.70926074964697,MALICIOUS,BRUTE_FORCE
0.39705916175809086,533,777,61685,3306,1,1,2,0,0,150.668295389519,NORMAL,NORMAL
0.8485007760689713,141,4580,58685,443,1,1,1,0,0,165.62375624796945,NORMAL,NORMAL
3.5068725629420756,2239,4203,51980,5432,1,1,0,0,0,187.81305566644127,NORMAL,NORMAL
0.29497114648294814,238,4367,63989,53,1,0,0,0,0,149.4615418165739,NORMAL,NORMAL
0.023438374430867683,47,0,56464,122,1,77,1,0,0,959.2706765656449,MALICIOUS,PORT_SCAN
0.8363486368175483,3483,702,53502,443,1,20,17,0,0,613.3989830098363,MALICIOUS,WEB_ATTACK
1.9781276383219135,187,233,59268,445,1,6,4,0,1,156.4715571951711,MALICIOUS,PRIVILEGE_ESCALATION
4.022510130692142,287,1768,64004,443,1,2,4,0,0,207.9995753993946,NORMAL,NORMAL
2.950932147231833,346,4563,54428,80,1,0,2,0,0,109.23689717387177,NORMAL,NORMAL
1.453180680960192,255,1473,52016,22,1,2,2,2,0,330.3453702113233,SUSPICIOUS,SUSPICIOUS_LOGIN
0.789784581636548,890,2620,57017,443,1,3,1,0,0,218.55703201707973,NORMAL,NORMAL
3.1452466048079235,138,3701,53449,443,1,1,2,0,0,148.7007585663162,NORMAL,NORMAL
3.4756907653584213,132,3939,65516,5432,1,0,3,0,0,81.72972725078088,NORMAL,NORMAL
1.188336665569694,508,1389,64203,443,1,5,4,3,0,290.03711030071713,SUSPICIOUS,SUSPICIOUS_LOGIN
0.4916200448843051,134,121,51237,3389,1,26,36,7,0,125.71386297642147,MALICIOUS,BRUTE_FORCE
0.8695938777694143,421,6279,61386,80,1,2,1,0,0,176.13144745977067,NORMAL,NORMAL
2.433472452803728,793,7945,57235,53,1,2,3,0,0,108.10637571360331,NORMAL,NORMAL
2.5628043691565665,997,3352,49392,80,1,1,0,0,0,125.29290044953612,NORMAL,NORMAL
0.07192510901618261,62,0,40772,724,2,95,1,0,0,523.9092520662952,MALICIOUS,PORT_SCAN
72.32501889867387,9928693,5675,60639,443,1,2,1,0,0,190734.7412275041,MALICIOUS,DATA_EXFILTRATION
0.2862915439779863,274,5572,57022,443,1,2,2,0,0,179.2045342603894,NORMAL,NORMAL
1.2030624295919639,413,2586,52062,443,1,1,4,0,0,152.04206026973392,NORMAL,NORMAL
2.191465235014114,590,8314,53161,443,1,1,1,0,0,199.82402385491469,NORMAL,NORMAL
0.414647983353597,185,49,50415,3389,1,56,55,20,0,200.35147194088637,MALICIOUS,BRUTE_FORCE
2.564924484800607,1405,3676,49743,443,1,4,0,0,0,161.2423936344455,NORMAL,NORMAL
0.38904423431398216,133,77,51479,3389,1,59,40,16,0,168.44415814351248,MALICIOUS,BRUTE_FORCE
107.76824260829838,2880100,4872,61629,9001,1,3,1,0,0,233247.80094525046,MALICIOUS,DATA_EXFILTRATION
0.5821416938997848,223,9054,56120,80,2,3,1,0,0,143.69752177784892,NORMAL,NORMAL
0.4311198795751451,124,129,49680,22,1,51,41,13,0,134.20733445174494,MALICIOUS,BRUTE_FORCE
0.16426484280753423,211,86,63370,3389,1,36,41,24,0,128.4501734146294,MALICIOUS,BRUTE_FORCE
0.3694034032092326,94,66,64042,22,1,45,17,9,0,216.54119641889494,MALICIOUS,BRUTE_FORCE
1.9279160054428823,358,1487,62472,22,1,2,3,2,1,240.37604194747684,SUSPICIOUS,SUSPICIOUS_LOGIN
1.3624336267911932,1053,1319,62930,80,1,2,1,0,0,138.77450082746174,NORMAL,NORMAL
0.06489127261820672,112,2751,56958,80,2,2,3,0,0,189.85367483936986,NORMAL,NORMAL
2.8671602425914613,947,7338,60832,80,1,2,1,0,0,152.94827275617834,NORMAL,NORMAL
0.20259434886125724,6320,619,62162,443,1,12,15,0,0,1791.2875511948648,MALICIOUS,WEB_ATTACK
59.64183530689431,2233247,3653,52713,9001,1,3,1,0,0,307226.2630369869,MALICIOUS,DATA_EXFILTRATION
88.08345798467617,2732002,6013,60300,443,1,2,1,0,0,405983.0216502018,MALICIOUS,DATA_EXFILTRATION
1.9107817578269528,4974,433,51765,80,1,14,11,0,0,930.8637230273764,MALICIOUS,WEB_ATTACK
0.1980823694637805,161,45,54935,3389,1,23,56,21,0,148.31202791283198,MALICIOUS,BRUTE_FORCE
2.5249274149314305,1303,3305,55286,80,1,1,2,0,0,177.27924677290588,NORMAL,NORMAL
3.144266193722426,313,3866,55081,80,1,2,5,0,0,184.6681219492447,NORMAL,NORMAL
0.022596330682483637,57,0,42941,515,1,34,1,0,0,716.735147135619,MALICIOUS,PORT_SCAN
4.794680604791177,350,671,54320,3389,1,2,4,2,1,225.37395406350393,SUSPICIOUS,SUSPICIOUS_LOGIN
2.9699833174487487,242,5204,59485,5432,1,3,1,0,0,111.91646780403664,NORMAL,NORMAL
0.1901715006405285,361,4910,57775,53,1,2,4,0,0,130.91204992236143,NORMAL,NORMAL
2.8096050741662366,727,4434,51546,80,1,4,2,0,0,174.80334726447825,NORMAL,NORMAL
0.05698432884441362,60,0,56510,681,1,84,1,0,0,1172.5226695625734,MALICIOUS,PORT_SCAN
0.40961691779982756,256,4737,52631,5432,2,4,1,0,0,75.52722961913116,NORMAL,NORMAL
0.3917947672036957,42,7044,60878,443,1,2,6,0,0,214.7204229181951,NORMAL,NORMAL
2.8370710905797543,135,3108,65349,80,1,2,2,0,0,141.99066658439892,NORMAL,NORMAL
0.2102065110221269,167,142,58336,3389,1,16,33,17,0,242.2308044790401,MALICIOUS,BRUTE_FORCE
0.06427539434342316,44,0,57270,694,1,86,1,0,0,916.4984342801913,MALICIOUS,PORT_SCAN
2.86777727804783,473,3982,64737,443,1,2,0,0,0,177.7904412338616,NORMAL,NORMAL
0.9792639163127066,564,3190,56045,443,1,3,2,0,0,84.43197339343273,NORMAL,NORMAL
3.883895797660303,255,2366,51408,443,1,5,3,0,0,150.51605182273224,NORMAL,NORMAL
1.7626444085915935,3157,805,63152,80,1,18,13,0,0,2736.5496596511703,MALICIOUS,WEB_ATTACK
2.6236717603816047,542,552,55125,22,1,5,3,1,0,264.42711746086013,SUSPICIOUS,SUSPICIOUS_LOGIN
1.295546146911616,1246,200,61600,443,1,21,19,0,0,2462.393936279123,MALICIOUS,WEB_ATTACK
3.242051695521629,741,896,50202,22,1,5,5,3,1,309.37947685034726,SUSPICIOUS,SUSPICIOUS_LOGIN
0.05224243126030458,62,0,45640,40,2,51,1,0,0,1135.4299343491193,MALICIOUS,PORT_SCAN
0.6858499141350745,929,5962,53351,443,1,2,2,0,0,74.39842945579919,NORMAL,NORMAL
0.5334274304973755,77,133,60208,22,1,16,43,23,0,165.45880076165025,MALICIOUS,BRUTE_FORCE
3.924924338759145,327,2071,51853,53,1,1,0,0,0,173.74557857502523,NORMAL,NORMAL
0.11301469881698091,360,5614,50081,5432,1,2,2,0,0,127.6458356299601,NORMAL,NORMAL
0.6954433791940611,137,120,65294,22,1,56,21,19,0,92.63141374681933,MALICIOUS,BRUTE_FORCE
1.9802212174543803,1373,557,56207,80,1,16,10,0,0,2368.2383388788626,MALICIOUS,WEB_ATTACK
2.4648415036392963,6018,628,54247,443,1,21,8,0,0,2785.065129846844,MALICIOUS,WEB_ATTACK
9.995161569833943,1206,3393,62649,80,1,4,1,0,0,233.45686860251604,NORMAL,NORMAL
0.0756090082412159,68,0,42005,138,1,69,2,0,0,686.8048877151078,MALICIOUS,PORT_SCAN
0.006426433702143384,151,2818,62087,443,1,1,1,0,0,135.75587273124756,NORMAL,NORMAL
0.9189069348894079,254,178,61608,22,1,4,7,0,1,190.3340370833149,MALICIOUS,PRIVILEGE_ESCALATION
5.891038407613315,619,2898,56328,3306,1,1,2,0,0,126.84797200174368,NORMAL,NORMAL
0.2955976952220698,149,53,49170,22,1,59,21,6,0,137.33785971118982,MALICIOUS,BRUTE_FORCE
3.1028571258175326,458,3990,56529,80,1,2,1,0,0,156.6786911643142,NORMAL,NORMAL
0.41119629968181537,343,4615,51767,443,1,1,2,0,0,167.25540473602092,NORMAL,NORMAL
0.02287405651433206,64,0,42463,97,1,70,1,0,0,870.1842689319608,MALICIOUS,PORT_SCAN
1.261212762407341,266,4922,57292,443,1,3,4,0,0,115.48937045309594,NORMAL,NORMAL
1.315759911898366,229,4308,52022,80,2,2,3,0,0,52.350317755767236,NORMAL,NORMAL
5.210809967194524,329,1290,53919,443,2,2,2,0,0,142.21108156803928,NORMAL,NORMAL
0.2836403666640768,121,97,61582,22,1,46,22,7,0,166.47507230872816,MALICIOUS,BRUTE_FORCE
3.6955113433017366,445,12306,49977,443,1,2,4,0,0,187.99556272997168,NORMAL,NORMAL
2.5714840660498837,1275,1889,63639,80,1,3,2,0,0,183.8130276568292,NORMAL,NORMAL
1.3115416857791864,221,8089,49568,443,1,1,1,0,0,101.00699639716031,NORMAL,NORMAL
0.6459706377138716,155,4205,63597,443,1,2,1,0,0,145.33406712115817,NORMAL,NORMAL
1.1201194757283068,179,6899,53315,53,1,1,2,0,0,153.4048822919126,NORMAL,NORMAL
2.9684155873095652,622,6396,59120,53,1,3,2,0,0,194.25860217460396,NORMAL,NORMAL
4.730235129793847,1011,4856,51800,443,1,2,3,0,0,104.67798516088925,NORMAL,NORMAL
0.6463034195421915,129,76,56529,3389,1,49,17,9,0,230.79577365794384,MALICIOUS,BRUTE_FORCE
1.101752677254358,396,4694,64060,443,2,3,0,0,0,125.67385793518362,NORMAL,NORMAL
0.026271355835547204,42,0,40626,288,1,85,2,0,0,914.3489916562165,MALICIOUS,PORT_SCAN
68.41260637265066,5415295,5220,57577,443,2,1,1,0,0,50682.79494314174,MALICIOUS,DATA_EXFILTRATION
1.4698783455165736,713,1361,49753,3389,1,5,3,3,0,342.3151069025746,SUSPICIOUS,SUSPICIOUS_LOGIN
0.025699904122717013,43,0,57879,828,1,44,1,0,0,608.3479025026942,MALICIOUS,PORT_SCAN
0.5049029123145963,1034,2129,53323,3306,1,2,1,0,0,150.5328407809306,NORMAL,NORMAL
0.4876560787807399,100,58,64668,22,1,41,43,17,0,138.9945004089355,MALICIOUS,BRUTE_FORCE
1.6480038689515275,1235,9348,50826,80,1,3,4,0,0,89.40302898519789,NORMAL,NORMAL
0.032577108742417454,41,0,51841,345,1,50,1,0,0,949.1170444756092,MALICIOUS,PORT_SCAN
0.011790391472646383,65,0,41821,488,1,70,1,0,0,609.2699663153527,MALICIOUS,PORT_SCAN
3.01618520994191,488,5891,50640,443,1,1,2,0,0,110.43516600275484,NORMAL,NORMAL
0.06807856923784454,69,0,43921,985,1,52,1,0,0,702.6458232142468,MALICIOUS,PORT_SCAN
0.4503862866022461,834,2378,49642,443,1,2,3,0,0,116.08358749164437,NORMAL,NORMAL
1.0317957126550032,832,9538,52161,443,1,2,4,0,0,99.98103425586052,NORMAL,NORMAL
0.3900168546765936,528,7101,53035,80,1,1,3,0,0,174.95805271506396,NORMAL,NORMAL
0.04825908604572419,60,0,46509,758,2,93,1,0,0,518.4851237123371,MALICIOUS,PORT_SCAN
0.47483028048834175,206,69,62056,22,1,44,56,9,0,97.07913328933112,MALICIOUS,BRUTE_FORCE
0.5781392430196065,212,77,59648,3389,1,55,26,13,0,205.56281405753748,MALICIOUS,BRUTE_FORCE
1.2654741344971132,336,3576,60012,5432,1,2,0,0,0,73.61668931212394,NORMAL,NORMAL
2.065093155014899,518,2455,53483,443,1,3,1,0,0,186.47327114053482,NORMAL,NORMAL
0.9827498436948163,335,3372,61743,443,1,0,6,0,0,163.81264778301525,NORMAL,NORMAL
0.11193454667190902,841,1326,57153,443,1,1,2,0,0,162.4596343519116,NORMAL,NORMAL
2.049292180304643,1158,3229,54130,80,1,3,2,0,0,139.37571026847118,NORMAL,NORMAL
2.9135397095462188,546,911,56105,443,1,2,5,3,0,210.1026059055115,SUSPICIOUS,SUSPICIOUS_LOGIN
0.6648950799447424,1034,5694,58773,80,1,1,0,0,0,121.89988772713218,NORMAL,NORMAL
0.0076116555776955044,271,10230,63144,80,1,1,3,0,0,168.95331683647152,NORMAL,NORMAL
0.02222668625752567,55,0,40355,155,1,36,1,0,0,759.7654863473347,MALICIOUS,PORT_SCAN
1.5900907632868237,140,3301,61131,53,1,2,3,0,0,127.66319326049867,NORMAL,NORMAL
2.068446892737185,660,3426,57958,5432,1,1,0,0,0,88.97056387185272,NORMAL,NORMAL
4.345196765461694,586,774,58462,3389,1,3,3,2,0,254.1077600986548,SUSPICIOUS,SUSPICIOUS_LOGIN
0.10569375251561373,176,2650,52547,53,1,1,3,0,0,125.2761350820645,NORMAL,NORMAL
1.8910065995277696,387,1112,53110,22,1,5,2,1,0,158.17717443755973,SUSPICIOUS,SUSPICIOUS_LOGIN
0.7780163583023219,909,5509,55144,443,1,3,2,0,0,108.19698882184576,NORMAL,NORMAL
2.4957059499868226,1210,5816,61074,443,1,0,0,0,0,156.79351800776274,NORMAL,NORMAL
2.1469661938362314,2334,681,56184,8080,1,16,13,0,0,2959.230793574678,MALICIOUS,WEB_ATTACK
0.3018334197410316,131,47,55224,445,1,21,36,21,0,207.4323496997827,MALICIOUS,BRUTE_FORCE
0.380480770298268,1056,4954,57511,53,1,0,3,0,0,257.52653349593425,NORMAL,NORMAL
1.8698508645337732,3422,800,50234,443,1,14,8,0,0,2958.931993535067,MALICIOUS,WEB_ATTACK
2.17521063477293,2718,508,52602,443,1,22,12,0,0,1498.6902775510198,MALICIOUS,WEB_ATTACK
28.72599672562762,4414041,1526,60055,8443,1,1,1,0,0,85653.90831558616,MALICIOUS,DATA_EXFILTRATION
0.4687901251632003,182,133,55163,22,1,58,17,16,0,220.26637894584636,MALICIOUS,BRUTE_FORCE
0.03497523755550383,441,4919,53436,3306,1,6,3,0,0,148.72915308812978,NORMAL,NORMAL
0.34919264587125726,585,5326,59519,443,2,3,2,0,0,135.30048685756944,NORMAL,NORMAL
1.1355488120113542,252,4687,52650,80,1,2,2,0,0,208.8232628967682,NORMAL,NORMAL
0.8681505054214762,6473,571,57704,443,1,8,16,0,0,1151.601914782891,MALICIOUS,WEB_ATTACK
0.7275303146527476,3574,775,56178,80,1,12,13,0,0,675.9544619083581,MALICIOUS,WEB_ATTACK
6.461804023217338,547,2924,61007,53,1,2,2,0,0,121.2037438127693,NORMAL,NORMAL
0.2989107046260883,4418,656,53859,443,1,14,12,0,0,1233.640754635341,MALICIOUS,WEB_ATTACK
3.0715376134508503,1112,2993,61866,5432,1,3,2,0,0,215.64127336400108,NORMAL,NORMAL
0.7924728938242329,1499,7343,63711,5432,1,2,0,0,0,168.83906234575335,NORMAL,NORMAL
0.3292285432578155,733,6315,49581,53,1,5,1,0,0,157.48924307461175,NORMAL,NORMAL
4.231997080454239,1707,3362,51870,443,1,2,2,0,0,174.17461263477884,NORMAL,NORMAL
1.0233567278288298,419,6327,54268,80,1,1,2,0,0,118.84477305973897,NORMAL,NORMAL
4.262952148265441,653,4365,60774,53,1,5,3,0,0,126.74227654628972,NORMAL,NORMAL
3.1402195518953087,541,2820,55296,443,1,0,2,0,0,120.7388854181751,NORMAL,NORMAL
0.26244633193745226,141,110,53751,445,1,58,47,6,0,158.24650452018264,MALICIOUS,BRUTE_FORCE
1.7258816865071975,639,4579,53020,443,1,3,3,0,0,135.02180341194483,NORMAL,NORMAL
3.924507430243588,738,949,60287,3389,1,3,4,1,0,182.94966423936546,SUSPICIOUS,SUSPICIOUS_LOGIN
1.6006763393423664,1141,2828,50231,8080,1,3,4,0,0,113.28095581557056,NORMAL,NORMAL
2.094609917785752,1583,5202,61518,443,1,2,1,0,0,88.00013495925313,NORMAL,NORMAL
0.7030676781519299,147,113,50647,22,1,49,30,9,0,125.16783743907177,MALICIOUS,BRUTE_FORCE
1.937980332783046,1202,1562,63062,80,1,1,2,0,0,163.29493983174933,NORMAL,NORMAL
0.9198160118775374,1039,3328,62131,8080,1,3,1,0,0,93.41565006938391,NORMAL,NORMAL
0.7908080604111138,186,51,61302,22,1,44,27,22,0,188.6416046204663,MALICIOUS,BRUTE_FORCE
0.6302142238336895,149,125,60088,3389,1,43,53,12,0,139.87120606736744,MALICIOUS,BRUTE_FORCE
0.7273263590843225,463,3417,62044,443,1,3,2,0,0,149.69124802140797,NORMAL,NORMAL
0.054475935621359106,62,0,56954,291,1,106,2,0,0,1186.56919709586,MALICIOUS,PORT_SCAN
5.7141762235641185,503,2783,50851,53,1,2,2,0,0,141.20419849004656,NORMAL,NORMAL
2.4105050971213933,29,4650,50284,443,2,4,4,0,0,198.92421175905397,NORMAL,NORMAL
1.769232473816289,453,3229,52777,80,1,2,2,0,0,123.70473368526176,NORMAL,NORMAL
1.3813807618268534,643,6462,64284,443,1,2,3,0,0,131.21458046924002,NORMAL,NORMAL
4.212409812779372,652,457,60472,443,1,3,2,1,0,145.2982516375883,SUSPICIOUS,SUSPICIOUS_LOGIN
0.012860605137956446,47,0,47113,565,1,73,1,0,0,817.4007904603964,MALICIOUS,PORT_SCAN
0.7039327563611698,1075,2316,60608,3306,1,2,3,0,0,141.40315878845058,NORMAL,NORMAL
0.43442547450472957,888,8636,61743,443,1,0,3,0,0,116.42309630515865,NORMAL,NORMAL
0.2162794287130457,436,6514,56975,443,1,2,4,0,0,185.76334627554303,NORMAL,NORMAL
3.552950848851893,113,3649,54715,5432,1,4,0,0,0,111.57082944769297,NORMAL,NORMAL
0.26674734527858784,799,1259,64355,80,1,4,0,0,0,191.266150983007,NORMAL,NORMAL
0.15921394433103028,308,13429,63611,80,1,0,4,0,0,110.10661695033218,NORMAL,NORMAL
2.0578463976253767,3868,225,51366,80,1,20,15,0,0,2063.9538346732643,MALICIOUS,WEB_ATTACK
0.19384277096025965,151,4954,58402,443,1,1,2,0,0,114.18166745122394,NORMAL,NORMAL
1.0120554262874926,253,1127,62215,443,1,2,5,2,0,204.17179256242684,SUSPICIOUS,SUSPICIOUS_LOGIN
1.4254417188763542,5733,598,59363,80,1,19,19,0,0,1820.0749826717035,MALICIOUS,WEB_ATTACK
1.4992819151694767,2239,846,57052,80,1,24,12,0,0,2320.5745110169532,MALICIOUS,WEB_ATTACK
49.027522086213416,10689634,5417,64716,9001,1,2,1,0,0,419674.1724119664,MALICIOUS,DATA_EXFILTRATION
1.1496990622610936,170,5707,50324,53,1,3,1,0,0,152.8356261128826,NORMAL,NORMAL
0.16436611950991387,1707,4999,60166,53,1,3,6,0,0,163.46303181972243,NORMAL,NORMAL
0.8096399715604772,124,11580,56797,53,1,0,2,0,0,145.97728288717784,NORMAL,NORMAL
2.4940741159071993,595,3545,53033,443,1,2,1,0,0,192.18376257151277,NORMAL,NORMAL
4.46623756855496,267,6940,51105,443,2,3,2,0,0,144.19912920480996,NORMAL,NORMAL
3.608777642681002,453,6094,63136,443,1,0,0,0,0,161.67183341161788,NORMAL,NORMAL
0.16097986752653454,223,8486,49670,8080,1,3,2,0,0,122.6183900127711,NORMAL,NORMAL
0.5706041374038469,398,248,65345,445,1,5,6,1,1,218.65711068334775,MALICIOUS,PRIVILEGE_ESCALATION
0.06642131444490675,58,0,62834,260,1,33,1,0,0,766.6771516558322,MALICIOUS,PORT_SCAN
1.5938735685393182,1109,2051,60727,80,1,1,4,0,0,104.67973309576368,NORMAL,NORMAL
1.108141145584388,2581,883,64973,80,1,13,10,0,0,1365.9404655186793,MALICIOUS,WEB_ATTACK
1.1005856734908779,667,711,58827,22,1,2,5,3,0,275.9530791187948,SUSPICIOUS,SUSPICIOUS_LOGIN
0.9930922753708098,117,3970,62940,53,1,2,2,0,0,185.8718932813294,NORMAL,NORMAL
2.3428292288826675,188,646,60236,443,2,1,0,0,0,144.02177227340044,NORMAL,NORMAL
0.022330460867793528,45,0,51025,293,1,64,2,0,0,631.0906185396676,MALICIOUS,PORT_SCAN
5.253790384319222,591,4428,62995,80,1,1,6,0,0,114.97752847872157,NORMAL,NORMAL
3.2480187167475525,692,5416,59330,5432,1,4,1,0,0,92.32689149747523,NORMAL,NORMAL
1.5847056989678763,54,6704,65256,8080,1,2,4,0,0,119.0311223138044,NORMAL,NORMAL
1.4322611769018516,550,3325,60481,443,1,0,0,0,0,106.49005298585328,NORMAL,NORMAL
0.47517191956497273,330,2290,59412,3306,1,1,1,0,0,81.88597756176273,NORMAL,NORMAL
0.3857755233774597,100,145,59763,22,1,19,36,20,0,117.3665387283483,MALICIOUS,BRUTE_FORCE
0.02152247398387524,41,0,42920,811,2,44,1,0,0,838.2402246609181,MALICIOUS,PORT_SCAN
0.8203022689195042,770,7546,52975,80,1,1,2,0,0,168.78737924363293,NORMAL,NORMAL
0.031598353613059044,1271,7478,60139,80,2,1,0,0,0,89.96791938951301,NORMAL,NORMAL
0.2122806462190604,94,121,62701,22,1,47,28,16,0,141.95601058328697,MALICIOUS,BRUTE_FORCE
2.231702767391038,1569,3237,65508,53,1,2,1,0,0,142.332193813737,NORMAL,NORMAL
6.3302527785013325,20,3520,62556,80,1,1,1,0,0,130.63801454451928,NORMAL,NORMAL
1.9671492304416744,141,6016,55693,80,1,1,1,0,0,168.11934118828333,NORMAL,NORMAL
0.047382468816691434,291,7547,49402,3306,1,1,1,0,0,114.85327619313429,NORMAL,NORMAL
2.0202440863986455,4534,595,60694,80,1,24,21,0,0,1194.357051362754,MALICIOUS,WEB_ATTACK
1.5442168233584805,237,5585,54584,5432,1,0,2,0,0,70.57614736391935,NORMAL,NORMAL
0.00020205311460401058,1071,3688,55208,443,2,0,2,0,0,156.20762735435918,NORMAL,NORMAL
0.4136228571330063,341,988,54544,443,1,1,4,0,0,163.43872693762307,NORMAL,NORMAL
2.661603634790564,850,8131,61397,443,1,3,2,0,0,195.74687367921882,NORMAL,NORMAL
1.4046102481149538,775,2544,60530,80,1,3,0,0,0,181.57839856188758,NORMAL,NORMAL
5.735281212661485,931,14714,61646,53,1,3,2,0,0,114.95906782172537,NORMAL,NORMAL
0.13897396250063251,373,3025,55543,53,1,2,1,0,0,182.54298435387227,NORMAL,NORMAL
1.45520181518529,422,4169,56850,443,1,1,3,0,0,219.71972356503716,NORMAL,NORMAL
1.0815335976825635,443,9790,58681,53,1,3,2,0,0,129.88701124257537,NORMAL,NORMAL
0.4386765215727897,142,148,63925,22,1,16,34,16,0,126.88426038275226,MALICIOUS,BRUTE_FORCE
0.4091674223514101,1129,4986,55181,80,1,0,2,0,0,139.38789340595784,NORMAL,NORMAL
1.424763188627116,2881,709,57867,8080,1,18,24,0,0,2807.251800936129,MALICIOUS,WEB_ATTACK
0.556487140634041,105,137,63959,445,1,52,49,6,0,180.63869293738867,MALICIOUS,BRUTE_FORCE
0.017168524299027293,62,0,42266,990,1,87,2,0,0,537.0641584910327,MALICIOUS,PORT_SCAN
6.933902668633184,232,4022,51907,8080,1,1,4,0,0,145.895692523043,NORMAL,NORMAL
0.2338854974254801,306,5446,49181,53,1,3,3,0,0,102.4079677642269,NORMAL,NORMAL
0.3119021716309671,168,105,62733,22,1,37,27,23,0,142.63709597362418,MALICIOUS,BRUTE_FORCE
0.481160683307163,947,1759,57026,5432,1,2,1,0,0,118.14502099641963,NORMAL,NORMAL
0.04969677889345325,62,0,45769,623,1,66,1,0,0,921.4070057036614,MALICIOUS,PORT_SCAN
0.684502827677832,6128,638,55926,80,1,18,23,0,0,2971.6968158386308,MALICIOUS,WEB_ATTACK
0.9596345651296371,609,5443,64864,443,1,0,1,0,0,95.42943701723686,NORMAL,NORMAL
0.8356526016205867,1190,4568,62667,443,1,5,0,0,0,193.06425923921822,NORMAL,NORMAL
0.5207461235565682,284,4495,58743,3306,2,3,1,0,0,110.34126048364509,NORMAL,NORMAL
1.0722935988875342,544,1282,50056,443,1,3,2,0,0,169.06336587933572,NORMAL,NORMAL
107.58747170521463,10307243,5797,58195,9001,1,2,1,0,0,267023.9243350921,MALICIOUS,DATA_EXFILTRATION
0.13364818664090092,96,83,52288,22,1,20,52,15,0,141.9933100107255,MALICIOUS,BRUTE_FORCE
0.2702170354661947,617,3474,63792,443,2,2,6,0,0,216.3476585610356,NORMAL,NORMAL
0.8068216363470795,5510,315,57487,80,1,11,19,0,0,731.3975339606789,MALICIOUS,WEB_ATTACK
2.095363098879903,43,2153,49461,443,1,1,2,0,0,162.22960881077148,NORMAL,NORMAL
1.7837721159104136,5306,777,59264,443,1,19,15,0,0,2417.577629059851,MALICIOUS,WEB_ATTACK
1.2031139690755728,571,3300,57702,443,1,1,0,0,0,169.046475196237,NORMAL,NORMAL
0.512843980351502,415,6591,53693,80,1,5,0,0,0,96.60692729646027,NORMAL,NORMAL
0.4552113728273075,451,3474,49938,443,1,2,5,0,0,168.49861223210604,NORMAL,NORMAL
0.5937447917904863,355,4211,57960,53,1,2,1,0,0,132.87030303488598,NORMAL,NORMAL
0.5314691501394586,130,75,59652,22,1,41,43,14,0,93.90915254367934,MALICIOUS,BRUTE_FORCE
2.0073160224863162,159,339,61451,22,1,7,7,0,1,254.35963153612207,MALICIOUS,PRIVILEGE_ESCALATION
0.04223694321044737,40,0,55078,654,1,66,1,0,0,841.533626400939,MALICIOUS,PORT_SCAN
3.063707573207931,367,2718,53770,53,1,1,0,0,0,118.09450888530122,NORMAL,NORMAL
0.47105233331958446,1024,2331,51637,443,1,3,2,0,0,98.23772482058507,NORMAL,NORMAL
0.9363628966980375,436,11749,63026,443,1,4,2,0,0,129.54269716749553,NORMAL,NORMAL
0.9258522769233684,351,4375,59291,80,1,0,0,0,0,139.5152736575985,NORMAL,NORMAL
2.2209205215011947,1316,4182,55615,3306,1,3,2,0,0,58.90098604930323,NORMAL,NORMAL
4.089370226631047,318,8896,60506,443,2,3,2,0,0,106.48322091104805,NORMAL,NORMAL
1.7172754336551743,42,2549,51519,53,2,5,1,0,0,92.76134276261217,NORMAL,NORMAL
0.34597001147897,971,5550,54970,3306,1,3,3,0,0,87.37502174442191,NORMAL,NORMAL
1.689645841434221,1275,5109,51907,80,1,1,0,0,0,177.131474828287,NORMAL,NORMAL
1.7267417889236296,356,1832,56122,5432,2,4,0,0,0,189.9713953371986,NORMAL,NORMAL
0.04873332252326753,44,0,45090,1004,1,102,1,0,0,734.630971025384,MALICIOUS,PORT_SCAN
0.23213371869404723,672,5253,55240,3306,1,3,2,0,0,158.0413401486628,NORMAL,NORMAL
1.0593364766331763,982,8162,60294,443,1,2,4,0,0,125.61702240907486,NORMAL,NORMAL
3.5909914975676354,424,1488,52864,22,1,4,3,2,0,189.35322319554953,SUSPICIOUS,SUSPICIOUS_LOGIN
0.833384359562387,352,308,65185,22,1,3,5,1,1,258.237735488787,MALICIOUS,PRIVILEGE_ESCALATION
1.241565926037579,505,1143,56470,22,1,2,2,1,0,205.6339750382132,SUSPICIOUS,SUSPICIOUS_LOGIN
0.8469056870575087,4384,367,53780,80,1,11,12,0,0,2154.3557611399538,MALICIOUS,WEB_ATTACK
0.36813226983823616,1771,1867,63534,53,1,6,2,0,0,156.1277256223231,NORMAL,NORMAL
0.5558456635152353,139,70,57568,3389,1,35,49,21,0,112.20897252597206,MALICIOUS,BRUTE_FORCE
5.048934239526681,714,4882,55315,53,1,3,3,0,0,181.30992284919415,NORMAL,NORMAL
0.2532847734958896,1210,9253,53060,443,1,1,1,0,0,231.2166516832264,NORMAL,NORMAL
0.29767030228057345,3530,563,63741,8080,1,20,21,0,0,828.2552165643216,MALICIOUS,WEB_ATTACK
0.7033876716488193,2026,2869,55618,80,2,2,5,0,0,125.64686830152039,NORMAL,NORMAL
0.0331300191486628,185,2066,51129,80,1,3,0,0,0,174.57090401277546,NORMAL,NORMAL
92.2579571607974,2884410,7660,61045,53,1,2,1,0,0,368656.3625451105,MALICIOUS,DATA_EXFILTRATION
0.5284212006810375,948,5155,64568,53,1,1,2,0,0,177.77597368588948,NORMAL,NORMAL
1.1149583132652638,735,6682,59546,80,1,1,3,0,0,121.82821722063181,NORMAL,NORMAL
1.1066297340577818,1011,8361,61708,443,1,0,4,0,0,114.99273040619158,NORMAL,NORMAL
2.162017395372626,576,3806,62353,53,1,1,2,0,0,167.6001509939565,NORMAL,NORMAL
4.537501421435309,451,2112,58312,5432,2,1,1,0,0,174.25489112942594,NORMAL,NORMAL
0.9872964577522216,991,4312,55649,443,1,2,2,0,0,103.80708529094872,NORMAL,NORMAL
4.304201290171964,485,1321,58765,3389,1,5,4,2,0,168.96735641752718,SUSPICIOUS,SUSPICIOUS_LOGIN
17.898417048413247,14772663,5569,59588,8443,1,2,1,0,0,351802.8675236362,MALICIOUS,DATA_EXFILTRATION
0.7469140210923457,665,5364,64418,8080,1,3,2,0,0,137.3750486797336,NORMAL,NORMAL
2.2850822200228826,308,1267,59327,443,1,4,5,2,1,108.01872373300733,SUSPICIOUS,SUSPICIOUS_LOGIN
0.12111390311470845,366,4235,50982,53,2,2,2,0,0,120.49494938916581,NORMAL,NORMAL
2.401177093870018,498,10398,63978,53,1,1,2,0,0,76.8934348433645,NORMAL,NORMAL
1.1223650965407284,53,4526,61778,443,1,0,1,0,0,66.54703465666499,NORMAL,NORMAL
2.987930142165205,582,1309,53069,22,1,3,2,2,0,289.1584743960232,SUSPICIOUS,SUSPICIOUS_LOGIN
0.9902214557190876,1207,7121,50664,443,1,0,2,0,0,171.20598662134967,NORMAL,NORMAL
3.18235580895354,1837,7029,50903,3306,1,2,3,0,0,214.0901290242764,NORMAL,NORMAL
4.391348835600183,766,7311,50824,443,1,2,2,0,0,104.27634524662527,NORMAL,NORMAL
0.6080799514677121,2750,384,49867,80,1,18,19,0,0,1189.6412063085827,MALICIOUS,WEB_ATTACK
1.1938178337015903,245,2723,60374,8080,2,1,0,0,0,123.07015289941384,NORMAL,NORMAL
4.9293330662807815,397,1215,50394,443,1,3,3,3,1,176.23287925024727,SUSPICIOUS,SUSPICIOUS_LOGIN
0.8041413427747031,1033,8356,56556,80,1,2,0,0,0,79.57685623033588,NORMAL,NORMAL
0.06947476510907122,48,0,48908,777,2,76,2,0,0,691.79231739929,MALICIOUS,PORT_SCAN
0.07326440871823306,65,0,46582,624,1,100,1,0,0,1075.6005440337017,MALICIOUS,PORT_SCAN
1.0549714371816514,360,3524,58016,80,1,4,3,0,0,107.75553723251653,NORMAL,NORMAL
0.09331770531695714,140,3622,53292,80,1,3,3,0,0,107.23901656582413,NORMAL,NORMAL
0.17941829093264408,565,5548,61889,443,2,2,1,0,0,190.75698356542776,NORMAL,NORMAL
0.8720714913805789,27,4818,50932,80,1,1,3,0,0,143.64608017362656,NORMAL,NORMAL
0.8940458933335526,582,2760,64566,80,2,6,2,0,0,196.2721579565389,NORMAL,NORMAL
0.7231578175044289,412,2705,59245,443,1,1,1,0,0,197.1041871046909,NORMAL,NORMAL
0.25742090677568863,195,78,51096,22,1,48,18,13,0,188.2033822598097,MALICIOUS,BRUTE_FORCE
1.060933337440183,315,1696,62935,443,1,3,3,0,0,195.79092248577143,NORMAL,NORMAL
2.3149262441154876,285,4189,63047,443,1,2,2,0,0,159.35840611939514,NORMAL,NORMAL
0.011422851492373915,46,0,45436,760,1,77,2,0,0,1071.272450324398,MALICIOUS,PORT_SCAN
0.05432360200385958,56,0,58309,856,1,106,1,0,0,916.311181408229,MALICIOUS,PORT_SCAN
0.24298328482327303,3490,2115,63821,53,1,1,3,0,0,167.9930885490604,NORMAL,NORMAL
0.32362133156611145,149,1513,65009,5432,1,1,2,0,0,179.0415517244144,NORMAL,NORMAL
2.383774513097078,752,730,52971,3389,1,5,2,1,0,119.20499610962528,SUSPICIOUS,SUSPICIOUS_LOGIN
0.1547368013650713,751,5202,62476,443,1,2,3,0,0,173.71422660414711,NORMAL,NORMAL
0.10176133540500595,453,8980,54151,5432,1,3,2,0,0,254.1861109160736,NORMAL,NORMAL
0.4493494534597845,90,99,63014,445,1,33,51,11,0,92.88682832845774,MALICIOUS,BRUTE_FORCE
1.1142933121524325,276,3971,57503,8080,1,2,1,0,0,100.7682639684133,NORMAL,NORMAL
0.27295649810763306,1180,5508,58256,443,1,0,2,0,0,156.3384628775197,NORMAL,NORMAL
1.280544428717258,618,6080,53907,443,1,1,1,0,0,119.88378418288241,NORMAL,NORMAL
0.6154325673140344,215,117,53957,3389,1,51,21,17,0,109.8076276263345,MALICIOUS,BRUTE_FORCE
1.7974949114928456,190,2013,55736,443,1,1,2,0,0,153.43583782597938,NORMAL,NORMAL
0.3232524900122662,679,6647,65474,443,1,2,3,0,0,174.78265888712428,NORMAL,NORMAL
0.5410887544145425,184,6315,52881,443,1,3,1,0,0,216.33940167872322,NORMAL,NORMAL
5.203045965886428,289,5059,49621,443,1,1,0,0,0,128.5378498345189,NORMAL,NORMAL
0.8679300159582083,443,9818,56335,80,1,2,1,0,0,114.66153219669718,NORMAL,NORMAL
0.634755562641777,523,4106,63223,443,1,1,1,0,0,156.38170920419327,NORMAL,NORMAL
0.40058749002654537,191,1050,58607,443,1,2,2,0,0,123.58388401809465,NORMAL,NORMAL
0.04898758967007349,896,5737,52973,443,1,0,1,0,0,135.64495660527467,NORMAL,NORMAL
2.2214159078127693,6137,850,56947,443,1,21,10,0,0,2202.355587365145,MALICIOUS,WEB_ATTACK
1.8450730674525064,340,3525,63203,443,1,4,3,0,0,176.30381014507296,NORMAL,NORMAL
0.5252344327370332,393,2733,61130,80,1,2,3,0,0,165.44618752639263,NORMAL,NORMAL
3.197080433595228,652,417,59051,3389,1,3,3,3,0,138.5292453388999,SUSPICIOUS,SUSPICIOUS_LOGIN
2.8996734004826985,451,3521,53551,80,1,2,2,0,0,116.08886745289087,NORMAL,NORMAL
0.06173842167656113,55,0,59288,430,1,32,2,0,0,1068.2029891277512,MALICIOUS,PORT_SCAN
1.4248338522813389,542,6397,64793,80,1,1,2,0,0,113.55932040049603,NORMAL,NORMAL
0.6133584746517603,65,139,54283,3389,1,20,51,9,0,156.28559908117353,MALICIOUS,BRUTE_FORCE
2.544772713281882,483,5670,56250,443,2,2,1,0,0,136.58065260881068,NORMAL,NORMAL
2.088184639588463,1191,1902,49292,53,1,1,2,0,0,152.41771159703254,NORMAL,NORMAL
0.9618007824636303,1003,4173,49611,443,2,1,2,0,0,172.41190006127368,NORMAL,NORMAL
0.2168263425245756,376,909,54587,53,2,1,1,0,0,144.8898521415276,NORMAL,NORMAL
2.7532929389886576,392,416,55811,22,1,4,5,1,1,202.2767603193568,MALICIOUS,PRIVILEGE_ESCALATION
2.4412049154283135,341,530,50992,443,1,1,1,0,0,128.52176347729483,NORMAL,NORMAL
0.26784465328157003,3839,419,53035,80,1,21,20,0,0,704.2295875286692,MALICIOUS,WEB_ATTACK
0.929861259481745,1332,5075,50136,443,1,1,2,0,0,104.98043810806493,NORMAL,NORMAL
0.24546121320729905,199,145,55559,22,1,49,30,15,0,245.078364401827,MALICIOUS,BRUTE_FORCE
3.930183208454363,297,1447,50550,443,1,2,2,2,1,287.85063364817887,SUSPICIOUS,SUSPICIOUS_LOGIN
4.471162381754347,410,1147,58744,443,1,2,5,2,1,138.3549242906865,SUSPICIOUS,SUSPICIOUS_LOGIN
0.28483893393745385,870,2625,58668,53,2,4,6,0,0,175.40932087418136,NORMAL,NORMAL
0.7421230969470756,739,6666,51697,443,1,1,1,0,0,277.0012212137719,NORMAL,NORMAL
1.6213630783149724,518,4108,50134,3306,2,1,2,0,0,144.70212394213647,NORMAL,NORMAL
2.5667587539163037,850,1550,55279,80,1,2,1,0,0,182.78141459249827,NORMAL,NORMAL
0.046436307206086595,237,5955,60137,80,1,2,5,0,0,144.2204863422228,NORMAL,NORMAL
5.560597161993046,348,8808,62022,53,1,0,4,0,0,189.89062270635492,NORMAL,NORMAL
0.06798203066070815,701,2127,65035,3306,1,0,0,0,0,143.89395995352098,NORMAL,NORMAL
0.43253616131622064,1148,2389,60579,53,2,1,4,0,0,128.24240932113625,NORMAL,NORMAL
2.2748544254743894,1601,462,49350,80,1,20,11,0,0,1198.7462740745054,MALICIOUS,WEB_ATTACK
6.473187843087138,122,1893,53464,443,1,2,2,0,0,86.54145526294663,NORMAL,NORMAL
1.34195130143923,383,4095,49730,443,2,0,2,0,0,195.2236559065612,NORMAL,NORMAL
47.02773343035937,12744523,6613,53733,443,1,2,1,0,0,281924.8942484829,MALICIOUS,DATA_EXFILTRATION
1.8073633178650863,285,195,53764,445,1,5,6,0,1,256.14934884378835,MALICIOUS,PRIVILEGE_ESCALATION
0.04247387233723477,44,0,56820,311,1,118,1,0,0,605.7596887603077,MALICIOUS,PORT_SCAN
1.005849521066605,123,4093,65047,53,1,1,2,0,0,201.24305568364724,NORMAL,NORMAL
1.651114317547845,477,4804,53258,3306,2,6,1,0,0,88.70478404120306,NORMAL,NORMAL
0.696082246937047,792,3207,64757,53,1,2,2,0,0,163.39352780098486,NORMAL,NORMAL
0.7728321169250343,319,4157,53225,443,1,5,3,0,0,152.73818170512973,NORMAL,NORMAL
0.3111251016566349,528,8277,60864,443,2,3,2,0,0,108.17220116488352,NORMAL,NORMAL
1.9219128019314946,2419,469,61114,80,1,24,9,0,0,1545.2671614885767,MALICIOUS,WEB_ATTACK
1.9225864912934332,5754,289,63603,443,1,15,22,0,0,1175.8071666094909,MALICIOUS,WEB_ATTACK
4.392348183905897,610,852,60175,443,1,4,2,3,1,288.45300626323854,SUSPICIOUS,SUSPICIOUS_LOGIN
2.049651758840985,306,592,63375,443,1,3,5,3,0,319.8744168749017,SUSPICIOUS,SUSPICIOUS_LOGIN
2.4959819011289133,566,1758,57088,53,1,1,2,0,0,139.53620046062832,NORMAL,NORMAL
4.031947415592299,703,1359,57963,443,1,5,2,3,1,281.06768053576957,SUSPICIOUS,SUSPICIOUS_LOGIN
0.3096151042159985,834,3065,64357,443,1,2,1,0,0,199.29029929513712,NORMAL,NORMAL
1.0379355177784106,922,4748,62024,443,2,0,2,0,0,111.51425884562742,NORMAL,NORMAL
0.018904988037448556,46,0,40546,859,1,117,1,0,0,1083.7749024370387,MALICIOUS,PORT_SCAN
0.5905172868312641,149,133,64957,3389,1,18,26,23,0,125.08489905693972,MALICIOUS,BRUTE_FORCE
0.5094017216916028,923,7223,51240,80,2,1,0,0,0,64.19455023627276,NORMAL,NORMAL
1.0374512112474308,662,5402,58780,80,2,3,2,0,0,105.48271700307805,NORMAL,NORMAL
0.5015610804257477,215,63,49654,3389,1,28,57,12,0,183.43494936561444,MALICIOUS,BRUTE_FORCE
3.777150556302079,328,3211,49771,53,2,5,2,0,0,205.6988865177029,NORMAL,NORMAL
1.5990138494460164,682,1964,65342,443,1,3,6,0,0,174.99757961263518,NORMAL,NORMAL
0.36259089994070565,631,14194,54891,80,1,5,5,0,0,152.31027169607768,NORMAL,NORMAL
1.60838814494497,472,4725,62013,53,1,2,0,0,0,177.6688432283076,NORMAL,NORMAL
0.01928572187411382,52,0,64439,68,1,104,1,0,0,652.437485296851,MALICIOUS,PORT_SCAN
0.46450775851125636,646,4523,64066,443,1,1,3,0,0,95.58803013919905,NORMAL,NORMAL
1.2629524396649865,123,6867,64232,443,1,3,5,0,0,178.7195656523318,NORMAL,NORMAL
2.638503019283055,792,685,54171,3306,1,0,0,0,0,145.56777382972885,NORMAL,NORMAL
2.982187645066268,1118,5422,52623,53,1,3,1,0,0,153.66982140108732,NORMAL,NORMAL
0.997365102445603,218,5131,60711,443,1,0,2,0,0,128.7665437714127,NORMAL,NORMAL
4.5178164003204815,1686,3489,50052,443,1,2,2,0,0,182.12110338334213,NORMAL,NORMAL
3.860713140611398,601,1207,61797,3389,1,4,3,3,0,257.5031275307675,SUSPICIOUS,SUSPICIOUS_LOGIN
0.21882970678736186,363,4847,65424,443,1,0,2,0,0,178.73326172776984,NORMAL,NORMAL
1.363448186288306,88,4235,49933,3306,2,1,3,0,0,91.19124409800868,NORMAL,NORMAL
1.5573369174327925,960,3620,54774,443,2,0,1,0,0,140.46026530463766,NORMAL,NORMAL
0.49604036388556993,78,2223,52262,80,2,5,5,0,0,141.17361716644686,NORMAL,NORMAL
0.03311057722690438,410,5870,53224,8080,2,0,2,0,0,115.16404718128263,NORMAL,NORMAL
16.26410155241655,3046560,5482,58308,443,1,1,1,0,0,491572.34452213586,MALICIOUS,DATA_EXFILTRATION
1.517697193052325,1584,6968,60623,8080,1,3,3,0,0,87.20893261124495,NORMAL,NORMAL
1.3787234698998718,565,7216,62015,443,1,1,3,0,0,89.85521569974958,NORMAL,NORMAL
0.3730620587024476,130,133,50625,3389,1,36,52,12,0,211.26377962013072,MALICIOUS,BRUTE_FORCE
3.499997546053921,135,3572,49530,443,2,0,3,0,0,185.2346932277631,NORMAL,NORMAL
1.297078317168386,4274,686,49948,8080,1,14,15,0,0,2526.874303064573,MALICIOUS,WEB_ATTACK
0.1595681901474304,729,5444,63669,80,1,1,2,0,0,127.60483497689069,NORMAL,NORMAL
4.907562614018377,67,8963,58939,5432,1,2,2,0,0,102.34558596334797,NORMAL,NORMAL
0.6408110696193394,755,8431,64132,443,1,2,2,0,0,185.38474227053683,NORMAL,NORMAL
1.7312110957273334,1060,4051,59595,443,1,4,1,0,0,109.33715449686144,NORMAL,NORMAL
0.8500718170872383,401,5127,53272,80,1,5,0,0,0,114.89114878713102,NORMAL,NORMAL
0.5959578495001729,494,5065,57881,443,1,3,1,0,0,183.24732171453607,NORMAL,NORMAL
1.7758959104917176,616,4929,55708,5432,1,0,2,0,0,143.537075312044,NORMAL,NORMAL
1.1190139419375909,457,2356,57918,443,1,1,3,0,0,196.00350867203642,NORMAL,NORMAL
0.37784719335312394,695,1350,64748,443,1,4,0,0,0,131.59931355894818,NORMAL,NORMAL
1.5297163068194246,298,896,58517,443,1,4,4,3,1,249.40430229600557,SUSPICIOUS,SUSPICIOUS_LOGIN
2.6449052000276385,563,1605,57822,80,1,1,1,0,0,128.7461803846017,NORMAL,NORMAL
1.3922026272314385,848,4319,64313,53,1,3,0,0,0,95.08836634482861,NORMAL,NORMAL
1.593921359579079,5757,360,61753,80,1,22,8,0,0,2889.990550524664,MALICIOUS,WEB_ATTACK
1.5624036879391823,275,5575,60680,443,1,5,0,0,0,208.6597161994136,NORMAL,NORMAL
1.3405417152740056,540,4965,49980,8080,2,4,5,0,0,113.74613078544081,NORMAL,NORMAL
0.3013313842888192,83,3215,62167,53,1,2,1,0,0,65.57276609646343,NORMAL,NORMAL
1.9332905282048773,288,6261,59503,443,1,1,4,0,0,190.9101331468259,NORMAL,NORMAL
0.028597873749072175,63,0,46886,237,1,45,1,0,0,874.3589032911786,MALICIOUS,PORT_SCAN
1.4303880825248638,548,3594,52416,80,2,0,1,0,0,112.24237426670251,NORMAL,NORMAL
0.1528723810205259,580,3112,62573,443,2,3,2,0,0,159.86398327637056,NORMAL,NORMAL
0.5207733774642026,822,3353,64565,53,1,1,2,0,0,122.83548204494248,NORMAL,NORMAL
0.1139179070504884,137,4094,54148,5432,1,1,0,0,0,46.673365554092555,NORMAL,NORMAL
0.0489740996125705,44,0,59158,309,1,77,2,0,0,688.0433893467414,MALICIOUS,PORT_SCAN
3.035475782400666,402,3039,63304,443,1,0,0,0,0,198.08536748329783,NORMAL,NORMAL
0.6762243060424558,132,128,63665,22,1,47,47,10,0,215.86665034005773,MALICIOUS,BRUTE_FORCE
7.907897965104998,559,3669,62562,80,1,1,3,0,0,120.68985481240017,NORMAL,NORMAL
0.5170612515649009,203,141,57519,3389,1,29,17,23,0,175.21180685471325,MALICIOUS,BRUTE_FORCE
0.12837553436767543,1816,4989,57833,53,1,3,2,0,0,31.87699597394922,NORMAL,NORMAL
0.5772310732008655,903,7057,60527,53,1,1,1,0,0,158.54267733170036,NORMAL,NORMAL
0.6498723180995987,340,7061,63006,443,1,1,3,0,0,170.15551485517602,NORMAL,NORMAL
0.05488467112673396,96,4344,52695,443,2,1,3,0,0,195.87913129897325,NORMAL,NORMAL
0.5529478391112101,89,93,52019,445,1,33,51,15,0,144.61165380811403,MALICIOUS,BRUTE_FORCE
8.652122422726139,438,3019,57210,53,1,2,3,0,0,155.97146253889912,NORMAL,NORMAL
0.009621419481653832,296,4474,49196,443,1,3,2,0,0,104.77552304197685,NORMAL,NORMAL
0.28104975061880955,181,2219,61320,443,1,2,3,0,0,132.8454639721093,NORMAL,NORMAL
1.721386757387795,527,6374,54726,80,1,4,2,0,0,149.21835306256946,NORMAL,NORMAL
1.169136676211978,471,8436,52892,443,2,5,2,0,0,183.22201161320535,NORMAL,NORMAL
0.5281226724914073,2188,2862,59892,443,1,2,1,0,0,52.48230067471869,NORMAL,NORMAL
0.012836675804011466,46,0,44777,979,1,95,1,0,0,864.237825489888,MALICIOUS,PORT_SCAN
5.240755671195294,243,6497,52292,80,1,0,3,0,0,168.02955160174187,NORMAL,NORMAL
1.8425306267778252,6094,598,63589,443,1,22,8,0,0,670.2715840323463,MALICIOUS,WEB_ATTACK
1.301115073899286,813,2671,63537,5432,1,1,6,0,0,170.4692385707963,NORMAL,NORMAL
0.07539197444843482,45,0,63693,623,1,36,2,0,0,1070.7856700229172,MALICIOUS,PORT_SCAN
0.31441214686775654,114,146,58053,22,1,39,55,22,0,193.92085780198695,MALICIOUS,BRUTE_FORCE
1.550770780497664,275,5986,55049,53,1,3,2,0,0,201.63810408010846,NORMAL,NORMAL
1.8958473653146595,367,264,63651,22,1,6,7,0,1,310.88485962672667,MALICIOUS,PRIVILEGE_ESCALATION
2.188172606892124,5561,442,53925,443,1,16,16,0,0,2742.7692483328296,MALICIOUS,WEB_ATTACK
0.733368859637592,452,3233,58247,443,1,1,0,0,0,192.221784085279,NORMAL,NORMAL
3.2835356739504507,691,9149,56360,443,1,0,8,0,0,134.63119818616116,NORMAL,NORMAL
0.8425771945311231,238,7869,62343,53,1,0,2,0,0,179.37817765685972,NORMAL,NORMAL
3.0653046221827918,1324,5136,63227,80,2,2,3,0,0,107.60754628956357,NORMAL,NORMAL
0.8022954939937161,160,3566,61603,53,1,0,2,0,0,150.444116028767,NORMAL,NORMAL
0.7203172867034284,771,3691,64910,443,1,1,4,0,0,163.4729769408142,NORMAL,NORMAL
0.4344785566375271,181,122,58163,22,1,31,43,21,0,129.587922356427,MALICIOUS,BRUTE_FORCE
0.4451887806918699,1997,237,60307,443,1,17,16,0,0,1821.7753535093095,MALICIOUS,WEB_ATTACK
5.939785295430691,522,10198,59654,53,1,4,2,0,0,128.56450426647203,NORMAL,NORMAL
1.4749806776029943,1592,2122,55789,3306,1,3,6,0,0,100.83988558022213,NORMAL,NORMAL
2.4376265505804757,410,161,50920,22,1,4,4,1,1,207.6754082654425,MALICIOUS,PRIVILEGE_ESCALATION
0.6854494482139355,589,3691,52387,443,1,3,1,0,0,111.99456988465971,NORMAL,NORMAL
0.03333266672035432,451,7253,61424,8080,1,3,1,0,0,142.05233361677327,NORMAL,NORMAL
0.13324442315950663,248,1599,55385,443,1,0,2,0,0,159.1648537407217,NORMAL,NORMAL
0.017369684636041476,68,0,55924,974,1,91,2,0,0,712.6190251173532,MALICIOUS,PORT_SCAN
3.7490843147667374,730,1403,61803,3389,1,3,2,1,1,298.6085170242679,SUSPICIOUS,SUSPICIOUS_LOGIN
0.07051171859742925,1055,2711,58768,443,1,1,3,0,0,142.5044272257397,NORMAL,NORMAL
1.7406871106774084,566,3393,49961,443,1,3,3,0,0,162.57701330662493,NORMAL,NORMAL
0.08268811138335357,865,8918,64111,443,2,0,0,0,0,212.14534914528258,NORMAL,NORMAL
2.4138228835376543,2341,461,50255,443,1,17,16,0,0,1768.0755309178746,MALICIOUS,WEB_ATTACK
2.312024296693376,4865,663,50956,443,1,18,13,0,0,869.223266431371,MALICIOUS,WEB_ATTACK
0.3899903498418869,5584,766,59926,80,1,19,11,0,0,611.7422188715374,MALICIOUS,WEB_ATTACK
4.265021255338123,270,506,65093,22,1,2,2,1,1,326.6785272381114,SUSPICIOUS,SUSPICIOUS_LOGIN
0.4149876883452911,212,68,53875,445,1,59,59,10,0,158.82906702638792,MALICIOUS,BRUTE_FORCE
2.3591604479876107,531,8470,56892,3306,1,1,1,0,0,184.82739157969604,NORMAL,NORMAL
1.4937669213793265,139,3920,64473,53,1,2,1,0,0,128.959670502826,NORMAL,NORMAL
0.9941270459676812,2310,577,58274,443,1,17,22,0,0,2108.2048827356957,MALICIOUS,WEB_ATTACK
0.4223461816733326,89,59,51443,22,1,39,17,15,0,231.6110444394662,MALICIOUS,BRUTE_FORCE
2.5673623358675877,463,4814,56383,53,2,2,0,0,0,176.96107021075335,NORMAL,NORMAL
0.7247996823578712,200,149,52965,3389,1,38,24,20,0,155.34188195196404,MALICIOUS,BRUTE_FORCE
2.269181562883706,445,4834,64441,53,2,2,3,0,0,200.9209857089289,NORMAL,NORMAL
0.5254145874730325,3570,544,57241,80,1,21,9,0,0,1443.8628367332603,MALICIOUS,WEB_ATTACK
0.3963299659674733,572,2521,64722,3306,1,1,0,0,0,119.77917016707369,NORMAL,NORMAL
0.7914747492624521,1365,609,57640,80,1,18,16,0,0,2533.114803780757,MALICIOUS,WEB_ATTACK
1.319975793844887,3081,644,50678,443,1,24,18,0,0,2453.5769211038078,MALICIOUS,WEB_ATTACK
1.1012745551368683,116,4352,49862,443,1,3,3,0,0,156.40412764619953,NORMAL,NORMAL
0.6805790808859395,589,5200,51317,443,1,3,0,0,0,89.53738886518536,NORMAL,NORMAL
0.27375896534625804,262,6212,56573,443,1,3,1,0,0,175.82610422246293,NORMAL,NORMAL
98.67226855759195,4618399,7977,63946,443,2,2,1,0,0,298364.305631948,MALICIOUS,DATA_EXFILTRATION
0.9873045264736322,4548,230,59342,443,1,14,11,0,0,865.8876534829812,MALICIOUS,WEB_ATTACK
0.7665917412219647,67,64,56985,22,1,33,37,13,0,101.77615901247611,MALICIOUS,BRUTE_FORCE
0.25557550031747034,3118,844,57460,443,1,15,18,0,0,636.4202175481649,MALICIOUS,WEB_ATTACK
1.1107673980373012,1058,10242,52559,443,1,1,4,0,0,127.63344659763166,NORMAL,NORMAL
0.07861443855267605,46,0,52462,545,1,53,1,0,0,1039.2296579937877,MALICIOUS,PORT_SCAN
1.7327854474229025,1233,3175,50678,443,1,0,3,0,0,159.61359165235902,NORMAL,NORMAL
0.31209639947102297,120,42,57856,3389,1,21,41,12,0,137.6735671852876,MALICIOUS,BRUTE_FORCE
2.1190051680497564,1665,597,63765,80,1,15,17,0,0,1612.3862626275359,MALICIOUS,WEB_ATTACK
0.31812686281881886,88,70,60898,3389,1,52,40,17,0,244.94978691647654,MALICIOUS,BRUTE_FORCE
2.99791980027433,879,1780,53128,8080,1,4,4,0,0,159.9291974030974,NORMAL,NORMAL
1.7356484581741656,582,9196,61748,443,1,1,1,0,0,99.85975950512953,NORMAL,NORMAL
1.759938537220009,98,5160,56215,80,1,3,3,0,0,180.7158702836993,NORMAL,NORMAL
0.24996230335089487,978,10217,56747,80,2,4,2,0,0,193.2048401522322,NORMAL,NORMAL
0.5207391749069837,183,10398,50795,443,1,4,1,0,0,99.89574403152032,NORMAL,NORMAL
1.3329624433412415,236,8239,61852,443,1,4,0,0,0,117.08471147373557,NORMAL,NORMAL
0.743668598440811,173,2814,57161,443,1,1,0,0,0,134.88315184798716,NORMAL,NORMAL
1.1544239506088527,1212,6928,54361,443,1,3,2,0,0,155.58789318468027,NORMAL,NORMAL
2.3542206258793614,364,4276,62735,443,2,4,2,0,0,136.60953857508648,NORMAL,NORMAL
1.3141815583135887,1241,3521,57814,443,2,4,1,0,0,144.7620311126211,NORMAL,NORMAL
2.2263474308640987,283,5280,51903,443,1,1,0,0,0,161.59710234435096,NORMAL,NORMAL
0.6166003019643901,146,137,63607,22,1,47,30,13,0,154.6755108402021,MALICIOUS,BRUTE_FORCE
0.3848031661486008,258,5980,57897,443,1,1,1,0,0,97.34919835703603,NORMAL,NORMAL
1.6103732298223319,674,3448,65179,80,1,4,1,0,0,125.0628027881803,NORMAL,NORMAL
0.627868436182405,326,2807,62679,443,1,2,1,0,0,136.08041801617668,NORMAL,NORMAL
2.2104695258604474,206,4746,53002,443,1,2,4,0,0,141.0983411131544,NORMAL,NORMAL
0.20074686382801232,877,5445,57332,53,1,4,2,0,0,111.91628390489966,NORMAL,NORMAL
0.6145599853872127,721,7027,54090,443,2,2,4,0,0,155.68281863732273,NORMAL,NORMAL
1.5003561642432754,186,10196,52308,443,1,0,0,0,0,186.87197646211604,NORMAL,NORMAL
0.12073839102075656,92,109,53073,22,1,20,50,21,0,184.24010199242713,MALICIOUS,BRUTE_FORCE
0.11444479744175964,205,46,49651,3389,1,26,48,20,0,144.1336051400266,MALICIOUS,BRUTE_FORCE
0.7852694335889783,898,2555,53142,8080,2,0,1,0,0,133.69293546498614,NORMAL,NORMAL
0.21409252049277339,141,2739,57119,8080,1,1,2,0,0,146.58321319300217,NORMAL,NORMAL
1.0503662644102614,716,7182,57115,443,2,1,1,0,0,135.93542061443938,NORMAL,NORMAL
53.49548394315376,13544382,6046,52524,8443,2,3,1,0,0,441977.1390487506,MALICIOUS,DATA_EXFILTRATION
0.2748597119797456,95,140,61636,3389,1,52,41,11,0,204.74190440328482,MALICIOUS,BRUTE_FORCE
2.368055040649167,122,2527,52460,443,1,0,1,0,0,184.0365531658722,NORMAL,NORMAL
0.4453543764108714,166,6117,58921,443,1,2,0,0,0,88.01874921685952,NORMAL,NORMAL
0.16947644091869543,386,5073,58594,5432,1,1,2,0,0,103.38750372389356,NORMAL,NORMAL
0.14967294915738166,303,4327,63193,80,2,2,2,0,0,160.9896761098538,NORMAL,NORMAL
0.4870553145754756,140,8241,53934,80,1,0,0,0,0,122.76522495608941,NORMAL,NORMAL
0.4368119067323216,419,3764,60181,80,1,3,3,0,0,218.5976755019698,NORMAL,NORMAL
19.256015139952652,1363461,1099,64093,9001,1,2,1,0,0,213789.2305337102,MALICIOUS,DATA_EXFILTRATION
1.5854047633703572,384,2729,50928,53,1,3,4,0,0,155.90216773086507,NORMAL,NORMAL
0.6299587607015804,153,3534,56251,53,1,3,2,0,0,125.23039234800248,NORMAL,NORMAL
0.335083106640636,114,117,52467,22,1,42,29,24,0,246.7509479060805,MALICIOUS,BRUTE_FORCE
0.6189792977147535,635,3082,63461,80,1,1,2,0,0,184.62698604669478,NORMAL,NORMAL
2.7059877947903397,57,3657,50887,443,1,1,1,0,0,173.02047999811174,NORMAL,NORMAL
0.04386789690697299,44,0,60975,107,1,116,2,0,0,1057.4321004516469,MALICIOUS,PORT_SCAN
1.8122017255930347,1105,4279,53993,5432,1,2,1,0,0,145.02954250182842,NORMAL,NORMAL
1.355037593051156,740,6262,52371,8080,1,0,0,0,0,152.5562739934283,NORMAL,NORMAL
0.08577745252819127,375,7466,54643,8080,1,2,1,0,0,202.22582247360188,NORMAL,NORMAL
0.4643359732869947,577,7754,54739,80,2,1,1,0,0,202.0440825209637,NORMAL,NORMAL
1.3600403344774024,243,6164,57009,443,1,2,0,0,0,89.26185364131634,NORMAL,NORMAL
3.366328671276199,325,3957,59125,8080,1,3,0,0,0,103.47242155785445,NORMAL,NORMAL
1.841452305315062,63,4821,56067,5432,1,2,2,0,0,155.67044142314228,NORMAL,NORMAL
0.5828984829215477,643,6936,61670,443,1,1,1,0,0,126.43425818062441,NORMAL,NORMAL
1.0047887725253104,1194,3472,61272,80,2,2,2,0,0,125.42581562857973,NORMAL,NORMAL
0.7129840830533449,306,2211,54571,80,1,0,1,0,0,222.82175631767262,NORMAL,NORMAL
8.122028954084055,1359,4251,49394,443,1,3,0,0,0,196.51510774988623,NORMAL,NORMAL
4.843013522522034,371,1155,53806,3389,1,2,5,3,1,331.3538401061456,SUSPICIOUS,SUSPICIOUS_LOGIN
114.39859172432475,8574855,3533,60486,53,1,3,1,0,0,435636.2229982015,MALICIOUS,DATA_EXFILTRATION
1.7566245384983263,1131,3795,50947,443,1,2,0,0,0,111.44957606497931,NORMAL,NORMAL
0.7997107492065267,212,4900,55863,443,1,0,0,0,0,179.31437130187354,NORMAL,NORMAL
1.9320179160073323,1659,12950,51983,443,1,2,1,0,0,177.7820041601458,NORMAL,NORMAL
3.868804208563904,553,1850,64723,80,1,1,2,0,0,179.01106267098197,NORMAL,NORMAL
0.5388600097839829,681,4226,58250,443,2,2,4,0,0,209.1822853820767,NORMAL,NORMAL
1.1581224040375637,632,7654,64757,8080,1,2,0,0,0,164.3872677631745,NORMAL,NORMAL
2.3370844422749375,597,3298,62087,80,1,1,4,0,0,155.0919334431745,NORMAL,NORMAL
0.024220530657372365,61,0,62971,754,1,115,2,0,0,937.7728696160641,MALICIOUS,PORT_SCAN
0.01574001035367057,55,0,40866,69,2,70,2,0,0,1136.2785303637438,MALICIOUS,PORT_SCAN
0.5582412249780344,459,1937,57501,53,2,1,1,0,0,182.63849477847467,NORMAL,NORMAL
0.06444249415097454,52,0,41002,149,2,94,1,0,0,860.3957181453148,MALICIOUS,PORT_SCAN
0.054696001059135475,52,0,63349,908,1,112,1,0,0,975.4277715600095,MALICIOUS,PORT_SCAN
1.1567212400199853,4143,330,56970,443,1,19,8,0,0,814.8973070101805,MALICIOUS,WEB_ATTACK
3.0293909333819666,242,3579,49580,443,2,1,3,0,0,151.66775632429832,NORMAL,NORMAL
0.7746544305570255,527,5146,57589,53,1,2,4,0,0,163.12866154218,NORMAL,NORMAL
2.3697845215217264,934,2960,64328,80,1,2,2,0,0,217.7416460894221,NORMAL,NORMAL
2.951789615408402,243,7343,57868,80,1,3,2,0,0,155.6152935604651,NORMAL,NORMAL
1.9729044047827284,402,1833,55174,5432,2,1,1,0,0,113.33046990233532,NORMAL,NORMAL
20.091367091762052,11310516,4056,62555,8443,2,1,1,0,0,114044.1985640627,MALICIOUS,DATA_EXFILTRATION
0.3552829760306382,147,69,62596,22,1,56,23,5,0,105.57871198162502,MALICIOUS,BRUTE_FORCE
0.6697503930292754,72,5673,52419,8080,1,3,2,0,0,209.04584442880264,NORMAL,NORMAL
3.8536913137811784,657,1076,51357,22,1,4,3,1,1,120.88156860702445,SUSPICIOUS,SUSPICIOUS_LOGIN
0.42418913521302715,315,4918,53070,53,1,0,3,0,0,178.94494044211297,NORMAL,NORMAL
2.291267710535441,412,332,51598,22,1,7,3,1,1,341.2862102200206,MALICIOUS,PRIVILEGE_ESCALATION
1.6134746734763037,256,2971,65532,443,1,6,3,0,0,120.86739400208457,NORMAL,NORMAL
2.5553511332378585,511,8039,60461,443,1,0,1,0,0,141.15210673096803,NORMAL,NORMAL
0.31533264169225245,399,2570,59270,443,1,1,3,0,0,216.61005095286794,NORMAL,NORMAL
0.8350287870986804,865,4272,49653,3306,1,6,0,0,0,201.486711725995,NORMAL,NORMAL
32.671498832091984,7992208,3689,49764,8443,1,3,1,0,0,359169.2168682491,MALICIOUS,DATA_EXFILTRATION
0.5260677723469301,496,5158,55831,443,1,0,4,0,0,175.79365158216902,NORMAL,NORMAL
0.32728950216628305,1758,3378,57454,443,1,2,0,0,0,62.413207996908255,NORMAL,NORMAL
0.14175256896336116,553,3586,59174,53,1,1,1,0,0,132.57816075189467,NORMAL,NORMAL
0.22051783058796343,193,99,54096,3389,1,31,17,18,0,215.19066702773742,MALICIOUS,BRUTE_FORCE
0.06885844837552883,49,0,48032,164,1,77,2,0,0,1120.8110337920712,MALICIOUS,PORT_SCAN
2.351164030192478,5577,530,64566,443,1,21,13,0,0,2929.1852100828287,MALICIOUS,WEB_ATTACK
4.185324286952865,228,2956,54817,80,1,1,2,0,0,191.0517491252413,NORMAL,NORMAL
0.5749548958108033,52,8115,54105,443,1,0,3,0,0,127.85414061796831,NORMAL,NORMAL
0.3747383792527587,816,5312,59103,80,1,2,1,0,0,213.96489340597503,NORMAL,NORMAL
0.18963587225323203,384,4431,51906,443,1,3,2,0,0,127.66889615167787,NORMAL,NORMAL
1.3408396907159095,504,1775,51826,443,1,1,3,0,0,177.62172523635317,NORMAL,NORMAL
0.0548993460573406,41,0,41400,573,1,32,2,0,0,993.758861620998,MALICIOUS,PORT_SCAN
1.3622023865823767,925,3847,52901,80,1,0,1,0,0,89.42343750407517,NORMAL,NORMAL
0.658652055784486,615,8660,59957,53,1,5,1,0,0,212.54942464199198,NORMAL,NORMAL
6.236297210232671,1619,3073,63562,8080,1,2,2,0,0,173.56121421415943,NORMAL,NORMAL
1.4478854800771797,684,7399,56699,443,1,1,1,0,0,112.75368599373596,NORMAL,NORMAL
1.4261327116029303,326,4896,49354,53,1,0,1,0,0,176.88670329009395,NORMAL,NORMAL
0.5361641939583383,195,79,65222,3389,1,35,42,20,0,181.2859451617085,MALICIOUS,BRUTE_FORCE
0.6972531066262649,65,149,52767,22,1,31,50,8,0,149.73233660267027,MALICIOUS,BRUTE_FORCE
1.3436404383874239,2011,662,63277,443,1,19,21,0,0,1272.6146100144824,MALICIOUS,WEB_ATTACK
0.4152406403090887,653,6947,56714,443,2,0,3,0,0,106.18120179778573,NORMAL,NORMAL
0.660701523376442,172,127,57179,3389,1,24,47,15,0,177.7191894802967,MALICIOUS,BRUTE_FORCE
0.12417017664048624,199,70,53002,445,1,35,24,17,0,86.36593509092604,MALICIOUS,BRUTE_FORCE
0.13663379716657195,148,67,58263,3389,1,19,47,15,0,189.36053419660635,MALICIOUS,BRUTE_FORCE
1.2220275488568206,140,1264,59707,8080,2,0,1,0,0,90.23141729863599,NORMAL,NORMAL
0.9224636698978936,222,4585,61607,443,1,1,0,0,0,180.35297664654436,NORMAL,NORMAL
2.834032298259896,276,5954,59890,5432,1,3,1,0,0,145.19167386366814,NORMAL,NORMAL
1.1434165592659133,674,984,51738,22,1,3,2,1,0,311.2427191055832,SUSPICIOUS,SUSPICIOUS_LOGIN
5.045362749730145,629,3666,61170,443,1,1,3,0,0,118.23144144944659,NORMAL,NORMAL
2.248728917131121,1607,835,51908,80,1,9,22,0,0,726.2191970236006,MALICIOUS,WEB_ATTACK
0.21935795442987882,1124,5116,59141,443,1,5,0,0,0,161.13979998934278,NORMAL,NORMAL
1.0672762429557232,427,205,59780,22,1,5,4,0,1,257.19102206350357,MALICIOUS,PRIVILEGE_ESCALATION
2.5340372196151044,735,10109,49421,5432,2,4,0,0,0,186.63303062118467,NORMAL,NORMAL
0.6173989642382587,99,81,58195,3389,1,39,56,14,0,235.11537135975527,MALICIOUS,BRUTE_FORCE
0.16158011138911046,733,3263,57327,53,1,2,3,0,0,142.07527055562767,NORMAL,NORMAL
0.639668134951658,3133,1649,59671,53,1,2,4,0,0,160.167543159496,NORMAL,NORMAL
0.6239038943683415,748,1716,63673,53,1,1,1,0,0,162.92237186720996,NORMAL,NORMAL
0.22137826560712578,2370,478,51498,80,1,8,21,0,0,1737.7509815732597,MALICIOUS,WEB_ATTACK
3.3106119016860296,122,5594,59851,53,1,1,0,0,0,176.1097261560848,NORMAL,NORMAL
1.9173866364520626,451,941,63644,3389,1,2,3,3,0,266.6856923841293,SUSPICIOUS,SUSPICIOUS_LOGIN
0.9398946211590307,615,10611,59078,443,1,7,3,0,0,177.17913341805843,NORMAL,NORMAL
0.04005273671957725,56,0,64543,230,2,83,2,0,0,1181.517190389318,MALICIOUS,PORT_SCAN
0.2726953933458438,410,5915,58078,80,1,2,2,0,0,228.13213022983962,NORMAL,NORMAL
0.048524653768009615,42,0,55848,200,1,30,2,0,0,1172.0614282964784,MALICIOUS,PORT_SCAN
0.05162392384167481,65,0,46572,276,1,119,1,0,0,1149.6734871412882,MALICIOUS,PORT_SCAN
1.6491465144090705,306,2768,61920,443,1,2,1,0,0,195.54776431281348,NORMAL,NORMAL
0.43827098614043025,152,55,61833,3389,1,18,16,15,0,162.11488874811403,MALICIOUS,BRUTE_FORCE
0.5401181719613399,195,134,56467,22,1,29,27,19,0,141.10252283007947,MALICIOUS,BRUTE_FORCE
1.3213557921702241,228,1951,62986,8080,1,1,2,0,0,206.4668825542137,NORMAL,NORMAL
1.1111353495991392,877,4711,50415,8080,1,0,2,0,0,77.56801686721276,NORMAL,NORMAL
0.5717347147070118,80,4521,49585,53,1,4,1,0,0,155.73740548021462,NORMAL,NORMAL
0.6121707047130007,3151,483,49482,443,1,16,15,0,0,2966.005297004643,MALICIOUS,WEB_ATTACK
0.10622888467739335,96,111,64333,3389,1,49,39,22,0,85.58363006732961,MALICIOUS,BRUTE_FORCE
0.03893402710816686,43,0,46749,393,1,94,1,0,0,1106.0118308179647,MALICIOUS,PORT_SCAN
1.8820929185154913,1123,5691,55795,443,1,7,1,0,0,169.71799241867876,NORMAL,NORMAL
1.115883877695594,559,4595,50569,5432,2,4,1,0,0,135.06596473404383,NORMAL,NORMAL
0.6914131496397999,131,109,64068,22,1,22,49,23,0,152.68997252004473,MALICIOUS,BRUTE_FORCE
0.3669780397243628,378,4234,59348,80,1,1,2,0,0,275.29304603233845,NORMAL,NORMAL
0.049013426786311154,60,0,63041,756,1,65,2,0,0,825.7526844397996,MALICIOUS,PORT_SCAN
3.465653747156798,1292,2759,63400,53,1,4,2,0,0,138.47689823085653,NORMAL,NORMAL
0.04038411441745645,40,0,55464,270,1,101,2,0,0,877.3585889763258,MALICIOUS,PORT_SCAN
2.5615857103499815,784,668,60511,443,1,3,5,3,0,325.07938272791796,SUSPICIOUS,SUSPICIOUS_LOGIN
0.9517637036422311,2002,2129,49614,80,2,1,4,0,0,191.72245509179248,NORMAL,NORMAL
0.2364435573106403,189,42,53094,3389,1,39,59,8,0,243.28346106235043,MALICIOUS,BRUTE_FORCE
3.273377868602272,1230,5284,56537,80,1,0,1,0,0,124.19520981579502,NORMAL,NORMAL
0.21473981459106167,398,1579,52629,80,1,3,1,0,0,176.2221743315381,NORMAL,NORMAL
3.319175306972431,216,4690,56461,443,1,0,1,0,0,170.7953172707179,NORMAL,NORMAL
0.10174240588610037,688,9468,52436,53,2,3,0,0,0,193.68427135929704,NORMAL,NORMAL
0.5740068970810415,1165,2550,50442,443,1,3,1,0,0,133.31060659046742,NORMAL,NORMAL
0.5569156020837904,280,2240,59012,443,1,1,4,0,0,70.76654116309464,NORMAL,NORMAL
1.2952298466859369,1366,1756,60744,5432,1,1,3,0,0,241.21442613968605,NORMAL,NORMAL
1.616179056283983,276,748,50157,22,1,3,2,1,0,265.97401207048404,SUSPICIOUS,SUSPICIOUS_LOGIN
0.3394948954368512,62,132,55693,22,1,36,50,19,0,201.32056074481295,MALICIOUS,BRUTE_FORCE
1.7505554178323615,187,4394,61620,443,1,0,1,0,0,80.45153117877894,NORMAL,NORMAL
2.8373022567387016,369,1336,53079,22,1,5,5,1,1,188.36186087283227,SUSPICIOUS,SUSPICIOUS_LOGIN
1.1515859490882074,1462,600,50409,443,1,18,21,0,0,2982.590138250479,MALICIOUS,WEB_ATTACK
0.6567151842750831,487,3449,61573,443,1,3,1,0,0,137.70270618202733,NORMAL,NORMAL
3.091785942475253,292,9893,49595,53,1,1,6,0,0,168.40548016580024,NORMAL,NORMAL
1.7537851037782577,6412,684,49988,80,1,9,18,0,0,1263.0457668201734,MALICIOUS,WEB_ATTACK
1.101944633294121,78,6493,55829,53,1,2,2,0,0,191.03278133207587,NORMAL,NORMAL
0.5250002701868698,1759,553,58127,443,1,21,18,0,0,1795.1365515109776,MALICIOUS,WEB_ATTACK
1.2415378352310156,444,204,55115,22,1,5,7,1,1,254.46504400173205,MALICIOUS,PRIVILEGE_ESCALATION
0.771319136156552,680,3776,50349,80,1,3,5,0,0,137.05929837006985,NORMAL,NORMAL
2.3141110768246795,271,8623,51687,53,1,1,3,0,0,56.68648797903006,NORMAL,NORMAL
1.3006589457507625,941,2941,59600,443,1,0,2,0,0,176.02913307019028,NORMAL,NORMAL
4.505686247056062,257,966,51748,22,1,2,5,2,0,312.2682467001604,SUSPICIOUS,SUSPICIOUS_LOGIN
2.376602312330369,1149,6027,57679,443,1,3,3,0,0,274.36310227560335,NORMAL,NORMAL
0.38572508452839993,896,1695,62918,80,1,1,3,0,0,164.58123751795856,NORMAL,NORMAL
0.7409675848296096,573,5639,64653,8080,1,2,4,0,0,122.0554698475454,NORMAL,NORMAL
0.6921163159002677,996,2949,56175,53,1,1,4,0,0,90.09337102529975,NORMAL,NORMAL
0.44659680965590565,89,77,55602,22,1,45,33,21,0,108.82495372215391,MALICIOUS,BRUTE_FORCE
0.13895167456119395,497,1809,49729,443,2,3,3,0,0,208.79840300700607,NORMAL,NORMAL
0.7696175280339228,4868,802,51069,443,1,14,21,0,0,2717.5696457159856,MALICIOUS,WEB_ATTACK
0.3734137172877588,882,1742,55001,443,1,2,6,0,0,207.53756145547453,NORMAL,NORMAL
0.3251834797176285,628,5956,49615,3306,1,2,1,0,0,127.58615140709438,NORMAL,NORMAL
4.071754156996079,211,3128,57343,80,1,2,1,0,0,113.06140013768189,NORMAL,NORMAL
2.3964234676009974,483,1814,59104,8080,1,2,0,0,0,87.4359294608288,NORMAL,NORMAL
0.666203460729377,1568,2437,58442,3306,1,1,3,0,0,199.20002290876602,NORMAL,NORMAL
0.1218887986458162,670,4726,57977,443,1,2,2,0,0,176.13003781365165,NORMAL,NORMAL
0.11036828842992318,247,1500,53125,443,1,3,0,0,0,141.91652374248284,NORMAL,NORMAL
0.9782569677808433,4088,556,57591,80,1,18,13,0,0,2709.228918235915,MALICIOUS,WEB_ATTACK
1.388757124747908,741,7526,64269,80,1,3,2,0,0,159.72412233313656,NORMAL,NORMAL
0.503586677683966,427,2258,63038,443,1,1,4,0,0,127.09757629786908,NORMAL,NORMAL
2.1681329945023653,1215,6011,50410,80,2,2,0,0,0,203.84251906921804,NORMAL,NORMAL
0.14599812388415503,110,7765,50705,8080,1,0,3,0,0,234.84036881079558,NORMAL,NORMAL
1.505708631955506,229,5484,52996,443,1,4,0,0,0,101.99626660277603,NORMAL,NORMAL
0.5204178095587026,179,920,63589,80,1,3,3,0,0,187.9659664669938,NORMAL,NORMAL
0.7600406363939749,567,7109,61682,443,2,0,2,0,0,171.64107550027157,NORMAL,NORMAL
0.024393884880213303,63,0,45656,882,1,111,1,0,0,714.7084634450488,MALICIOUS,PORT_SCAN
1.051276744238939,495,750,62655,80,1,0,2,0,0,120.45085501318619,NORMAL,NORMAL
3.794860322852899,869,4729,63765,443,1,3,2,0,0,120.15151261386589,NORMAL,NORMAL
0.8660188274055896,1604,5359,60994,80,2,0,2,0,0,161.55699445767775,NORMAL,NORMAL
1.8944246139139937,829,16129,52583,443,1,2,5,0,0,107.18594194640852,NORMAL,NORMAL
87.73654016825097,7820034,7624,53383,443,2,1,1,0,0,317826.4600993066,MALICIOUS,DATA_EXFILTRATION
0.9751841429152124,870,7821,61480,80,1,2,5,0,0,178.22053544240987,NORMAL,NORMAL
0.11987616501674223,214,2357,55553,3306,1,0,0,0,0,114.20250585834539,NORMAL,NORMAL
0.30271749014919913,370,6614,50053,80,1,2,0,0,0,143.0738759280121,NORMAL,NORMAL
1.6992607206313939,85,7473,55215,80,2,1,0,0,0,213.95688456768303,NORMAL,NORMAL
0.9115415156268588,389,4361,57298,8080,1,2,2,0,0,145.7672497000921,NORMAL,NORMAL
0.27792332258014846,208,51,57347,3389,1,56,54,13,0,217.95396937136314,MALICIOUS,BRUTE_FORCE
0.9531341543337077,2432,210,60561,8080,1,11,20,0,0,986.7015861598658,MALICIOUS,WEB_ATTACK
0.03187236045256721,516,4084,61097,80,1,2,2,0,0,133.20609139708048,NORMAL,NORMAL
5.610498129758771,265,3315,56231,443,1,2,1,0,0,175.3456743962049,NORMAL,NORMAL
1.942251988646824,4301,789,63305,443,1,11,22,0,0,1589.5994480617169,MALICIOUS,WEB_ATTACK
0.026105558148145747,49,0,45697,800,1,55,2,0,0,1062.9515085845612,MALICIOUS,PORT_SCAN
0.5828535803265599,1286,1725,63809,53,1,2,2,0,0,189.6437150639216,NORMAL,NORMAL
0.8694577706646325,5301,746,62343,80,1,23,16,0,0,1880.367747688176,MALICIOUS,WEB_ATTACK
0.5924766680493828,428,3543,50399,80,1,6,2,0,0,101.8276426984196,NORMAL,NORMAL
1.786779827971431,718,6970,52001,5432,1,6,3,0,0,54.21420537291411,NORMAL,NORMAL
1.9823095840721279,429,5773,53440,53,1,2,2,0,0,134.3455473870703,NORMAL,NORMAL
1.6089078436974127,762,3322,59699,443,1,0,5,0,0,115.53626416453015,NORMAL,NORMAL
1.2142327997307667,1135,5209,52443,443,1,3,3,0,0,108.66058130975696,NORMAL,NORMAL
0.4058499252153842,296,2642,55083,80,1,1,2,0,0,99.80243833857352,NORMAL,NORMAL
1.138575000719065,676,5317,53885,80,2,1,0,0,0,76.45972672789799,NORMAL,NORMAL
94.45942592521358,12785893,6882,59504,8443,1,3,1,0,0,452418.7262508641,MALICIOUS,DATA_EXFILTRATION
1.5927893799536001,287,2501,58565,443,1,3,1,0,0,100.94582458212432,NORMAL,NORMAL
0.08408094933805371,1027,5842,55651,3306,2,5,2,0,0,113.64921316768107,NORMAL,NORMAL
0.6110954753879967,1728,296,57824,443,1,14,14,0,0,2178.416025175977,MALICIOUS,WEB_ATTACK
0.26921896589235345,142,3398,59384,80,1,1,1,0,0,150.7907676414891,NORMAL,NORMAL
0.20721971895523572,179,3874,62645,5432,1,1,5,0,0,177.10169626233224,NORMAL,NORMAL
0.2507782174115678,210,1799,53875,443,1,4,2,0,0,94.58557926222022,NORMAL,NORMAL
1.3511345738394815,720,3837,62745,443,1,0,2,0,0,71.70402529309301,NORMAL,NORMAL
1.3812181644006372,400,269,58709,22,1,7,4,0,1,366.3132652019902,MALICIOUS,PRIVILEGE_ESCALATION
0.03507286067952666,200,3608,50149,5432,2,2,0,0,0,164.5044024246072,NORMAL,NORMAL
0.8894359044719589,203,3085,64417,443,1,3,3,0,0,89.11982807976105,NORMAL,NORMAL
0.014593370487060395,66,0,42618,480,1,97,1,0,0,612.1695961233552,MALICIOUS,PORT_SCAN
1.0284365654717496,509,5397,62603,443,2,2,4,0,0,101.23008309114311,NORMAL,NORMAL
0.4753925138976852,529,1329,60104,443,1,1,2,0,0,170.97021427752946,NORMAL,NORMAL
0.28028617167399145,889,6523,51790,443,1,1,3,0,0,143.4271625227679,NORMAL,NORMAL
0.7029680132281655,238,3402,63567,80,1,1,3,0,0,152.322478255184,NORMAL,NORMAL
0.2883475354704413,888,4164,57044,80,1,4,0,0,0,177.78382636277723,NORMAL,NORMAL
0.7262084958820022,434,3483,64982,8080,2,0,4,0,0,109.77416054432203,NORMAL,NORMAL
2.314764864835214,1117,5105,53125,443,1,1,2,0,0,169.48884796146424,NORMAL,NORMAL
0.05143379144107794,48,0,59147,586,1,48,1,0,0,703.5892461246394,MALICIOUS,PORT_SCAN
2.8344543001448756,965,3139,51964,443,1,1,4,0,0,214.7725591852273,NORMAL,NORMAL
4.052972482718852,779,4084,53781,80,1,0,0,0,0,171.06443582889307,NORMAL,NORMAL
0.019707343670857136,61,0,64949,877,1,71,2,0,0,561.2027656899473,MALICIOUS,PORT_SCAN
0.4032011746999876,1968,260,57550,8080,1,20,19,0,0,774.8731692874337,MALICIOUS,WEB_ATTACK
1.2488605835249889,240,375,50544,22,1,4,3,0,1,355.949572016104,MALICIOUS,PRIVILEGE_ESCALATION
0.06317565784709453,69,0,53636,992,2,44,1,0,0,954.0608733462399,MALICIOUS,PORT_SCAN
0.06860584310549116,51,0,41218,426,1,43,2,0,0,901.4848533228983,MALICIOUS,PORT_SCAN
1.7344039731962633,238,337,52919,445,1,4,4,1,1,396.4323603940778,MALICIOUS,PRIVILEGE_ESCALATION
0.07199503208834995,46,0,41773,1004,1,56,1,0,0,771.880438865636,MALICIOUS,PORT_SCAN
0.5205255751500198,3681,529,59918,80,1,17,16,0,0,1798.526609805902,MALICIOUS,WEB_ATTACK
0.4356987963246576,62,130,61604,445,1,41,39,12,0,130.7784701994293,MALICIOUS,BRUTE_FORCE
0.04404240484799099,46,0,51512,470,1,113,2,0,0,967.7676449963296,MALICIOUS,PORT_SCAN
0.10347831948669842,737,7228,52733,80,1,3,0,0,0,133.70159570833593,NORMAL,NORMAL
2.920703847943549,343,697,57856,22,1,5,2,2,1,169.90553097471076,SUSPICIOUS,SUSPICIOUS_LOGIN
0.49364243437229305,949,1881,62876,3306,1,3,2,0,0,180.70666227401134,NORMAL,NORMAL
1.4849361684814775,503,9231,62996,80,2,1,0,0,0,153.41030224005897,NORMAL,NORMAL
7.364585370435048,812,9675,57150,443,1,0,2,0,0,149.03111807175665,NORMAL,NORMAL
3.107237773829156,388,2097,56081,80,1,1,1,0,0,207.70938118182198,NORMAL,NORMAL
0.25429157266771024,486,6318,61439,80,1,2,4,0,0,176.65371936966181,NORMAL,NORMAL
0.012536598731086047,42,0,48909,837,1,99,1,0,0,781.2350381595663,MALICIOUS,PORT_SCAN
1.0536303947975694,132,7569,51338,80,1,2,2,0,0,105.76819074474344,NORMAL,NORMAL
0.061062046185356114,64,0,61514,383,1,81,1,0,0,1034.48069785582,MALICIOUS,PORT_SCAN
0.4588596405702963,1037,4697,58562,80,1,4,6,0,0,122.69360584990466,NORMAL,NORMAL
1.6518982548080552,598,2836,64174,80,2,2,1,0,0,172.34963010447368,NORMAL,NORMAL
1.4692000049739369,4949,223,52181,443,1,19,19,0,0,1701.3525657191926,MALICIOUS,WEB_ATTACK
1.1128867215707876,750,5493,52568,53,1,1,2,0,0,182.5200326604662,NORMAL,NORMAL
0.5608164163799133,437,8248,58236,80,1,2,5,0,0,193.558132285736,NORMAL,NORMAL
3.1178621958363664,1055,6210,56375,8080,1,1,3,0,0,254.13500388811366,NORMAL,NORMAL
0.7986752317094468,87,92,56258,445,1,27,21,17,0,89.27958263621397,MALICIOUS,BRUTE_FORCE
0.07309519060633637,58,0,60328,732,2,65,2,0,0,1186.0578403876048,MALICIOUS,PORT_SCAN
0.3766346784465652,75,98,54683,22,1,15,17,23,0,171.37795661481294,MALICIOUS,BRUTE_FORCE
1.0720090314085868,3421,786,55849,80,1,13,14,0,0,1935.0988913160584,MALICIOUS,WEB_ATTACK
0.7823550237927295,188,148,55392,22,1,51,37,21,0,225.59144618652078,MALICIOUS,BRUTE_FORCE
86.99207120189875,11225952,6724,51401,53,2,3,1,0,0,138896.32077456487,MALICIOUS,DATA_EXFILTRATION
0.013108268746780083,47,0,52654,113,2,89,1,0,0,623.5568445405839,MALICIOUS,PORT_SCAN
4.720586764629467,619,5501,63622,443,2,5,3,0,0,197.10281656597857,NORMAL,NORMAL
4.3781663748866,341,1498,61041,22,1,5,3,3,0,100.91011267237495,SUSPICIOUS,SUSPICIOUS_LOGIN
0.7039021349652886,181,5174,63575,443,1,1,2,0,0,150.88887306447933,NORMAL,NORMAL
3.112442807530188,1590,5574,61294,3306,1,1,2,0,0,137.83978991511856,NORMAL,NORMAL
3.5887381871537714,771,1445,54155,3389,1,4,3,2,0,109.5543780328168,SUSPICIOUS,SUSPICIOUS_LOGIN
0.7908366244129472,2570,541,51980,443,1,14,18,0,0,1698.1021193532706,MALICIOUS,WEB_ATTACK
0.6275550034547615,248,6383,50764,443,1,1,3,0,0,187.1497790631002,NORMAL,NORMAL
2.3672043191216106,3577,475,50597,8080,1,23,18,0,0,1636.508064664323,MALICIOUS,WEB_ATTACK
3.062162242476701,278,900,56368,3389,1,3,2,3,0,242.76838528243152,SUSPICIOUS,SUSPICIOUS_LOGIN
0.052883881557356696,67,0,58341,636,1,30,2,0,0,1003.0150493652577,MALICIOUS,PORT_SCAN
0.23887960839397776,840,2566,60122,443,1,2,2,0,0,174.98694591183386,NORMAL,NORMAL
2.697917323524658,952,1206,64708,443,2,0,1,0,0,225.0888219906605,NORMAL,NORMAL
2.1004414900350237,551,10776,49483,443,1,3,1,0,0,231.10958772592232,NORMAL,NORMAL
112.982744372773,11174197,3808,50387,443,1,3,1,0,0,237340.30263227483,MALICIOUS,DATA_EXFILTRATION
0.8244103937233065,466,5561,50126,443,1,5,2,0,0,78.10660088266923,NORMAL,NORMAL
0.592005559884601,73,56,52567,3389,1,48,22,14,0,123.55146959858921,MALICIOUS,BRUTE_FORCE
2.7306847190005175,478,4705,54545,443,1,3,3,0,0,129.59811489040285,NORMAL,NORMAL
0.7215235779379324,1378,5820,49199,53,1,1,1,0,0,182.90729706296577,NORMAL,NORMAL
0.3106195842703786,1575,3391,50061,443,2,4,2,0,0,151.9276870903932,NORMAL,NORMAL
5.415768008846072,503,8932,59353,443,1,1,2,0,0,171.0606666834488,NORMAL,NORMAL
1.2238034366169073,186,6426,55123,53,1,4,1,0,0,143.0502187809109,NORMAL,NORMAL
2.0743730936428983,5994,573,57756,443,1,9,8,0,0,893.6593464631824,MALICIOUS,WEB_ATTACK
0.24044843124067797,244,8730,58116,443,1,3,3,0,0,132.33330115130815,NORMAL,NORMAL
5.8267315560021355,351,5028,50357,80,2,2,3,0,0,133.41935130129397,NORMAL,NORMAL
4.0864325161450115,739,1164,54436,22,1,3,3,1,0,145.16707723416582,SUSPICIOUS,SUSPICIOUS_LOGIN
4.637101372889015,904,3725,63516,53,1,1,2,0,0,183.08400874283495,NORMAL,NORMAL
2.025881499894687,1340,516,55858,80,1,8,24,0,0,2669.4157716585746,MALICIOUS,WEB_ATTACK
0.8009009447396616,181,6374,59268,80,2,2,0,0,0,182.35677077570878,NORMAL,NORMAL
1.1221017516359655,1163,5151,55495,80,2,0,1,0,0,162.88569870315936,NORMAL,NORMAL
0.5915330769426477,2587,835,65217,8080,1,16,13,0,0,1742.121126555341,MALICIOUS,WEB_ATTACK
1.4558418886678641,446,1442,55213,3389,1,3,3,2,0,291.098356259537,SUSPICIOUS,SUSPICIOUS_LOGIN
0.023991042944386386,68,0,61005,969,1,99,1,0,0,729.0121562062383,MALICIOUS,PORT_SCAN
0.5401886143347864,1199,8338,58773,80,1,1,2,0,0,63.066947704871566,NORMAL,NORMAL
0.034312664801732326,1297,4003,62077,443,2,3,4,0,0,119.55989344428225,NORMAL,NORMAL
0.12552441071357506,494,5947,49738,443,1,2,5,0,0,222.0646202716926,NORMAL,NORMAL
0.18684262344527686,1024,2548,65367,443,1,2,1,0,0,150.0235194919037,NORMAL,NORMAL
1.042641935816918,576,6309,52625,53,1,4,1,0,0,162.33406483064635,NORMAL,NORMAL
4.335382630638525,531,6869,50822,443,1,2,0,0,0,106.1683240373236,NORMAL,NORMAL
0.052845741029072794,68,0,49428,410,1,94,1,0,0,1130.5181028735628,MALICIOUS,PORT_SCAN
0.5070314721704486,195,70,53399,22,1,22,56,18,0,234.96360768671394,MALICIOUS,BRUTE_FORCE
0.7169568148494222,98,2340,64763,443,1,2,4,0,0,144.31006285440856,NORMAL,NORMAL
1.2447984279058835,536,3543,61478,443,1,3,2,0,0,106.10429010764054,NORMAL,NORMAL
0.46181245793128145,462,2966,51967,53,1,3,2,0,0,133.27984135969055,NORMAL,NORMAL
0.06642202311663169,67,0,41163,566,1,48,2,0,0,819.0593534652128,MALICIOUS,PORT_SCAN
2.121756181332385,3044,747,64975,80,1,8,24,0,0,2142.3098462575063,MALICIOUS,WEB_ATTACK
1.2816407162980046,442,5222,56093,53,1,3,3,0,0,133.5249213551013,NORMAL,NORMAL
0.3493386607024971,221,7754,53888,443,1,1,3,0,0,149.48805320515663,NORMAL,NORMAL
0.6639108605504159,424,6534,50681,443,1,0,3,0,0,159.2284699629985,NORMAL,NORMAL
3.625276231403582,316,2746,61727,80,1,3,4,0,0,115.4778381462007,NORMAL,NORMAL
0.0323540968019387,55,0,55675,721,2,87,2,0,0,983.3535647410579,MALICIOUS,PORT_SCAN
4.141998525773168,773,795,54474,3389,1,4,3,2,0,112.61922363929446,SUSPICIOUS,SUSPICIOUS_LOGIN
0.27719382521062563,61,60,62631,445,1,49,58,7,0,159.56558149909145,MALICIOUS,BRUTE_FORCE
2.4200440066541384,198,4360,64956,8080,1,0,2,0,0,155.46366069593572,NORMAL,NORMAL
5.195763861088375,136,2232,56317,443,1,0,4,0,0,163.81427442938025,NORMAL,NORMAL
1.369622695205995,1617,452,64800,443,1,20,12,0,0,2603.176350695952,MALICIOUS,WEB_ATTACK
0.6725446788390255,518,5794,63037,8080,1,1,3,0,0,173.00020320750608,NORMAL,NORMAL
0.5225017760433296,199,52,62362,445,1,51,48,10,0,199.44848055105828,MALICIOUS,BRUTE_FORCE
1.2505471635844598,1204,4108,54848,443,1,3,1,0,0,134.81801860929295,NORMAL,NORMAL
3.2200789143504154,473,5471,56462,443,1,2,0,0,0,120.76537519265116,NORMAL,NORMAL
0.6618007223880102,943,3045,63775,5432,1,1,3,0,0,126.45180665772921,NORMAL,NORMAL
0.4715517085921619,518,3001,55414,80,1,0,0,0,0,218.6302403202498,NORMAL,NORMAL
2.4911184623824525,175,189,65019,445,1,5,6,1,1,162.44344234010316,MALICIOUS,PRIVILEGE_ESCALATION
0.33936072079363105,124,73,53196,445,1,48,31,23,0,171.95011050151726,MALICIOUS,BRUTE_FORCE
1.2998103247213502,894,7144,61222,443,1,5,1,0,0,194.62883851314905,NORMAL,NORMAL
1.330641008870768,394,6356,50496,443,1,4,5,0,0,221.1654797987232,NORMAL,NORMAL
2.017227113973907,332,8275,53461,53,1,1,1,0,0,85.77093917573865,NORMAL,NORMAL
0.2837373453886254,861,6737,64394,443,1,0,2,0,0,135.19649668790984,NORMAL,NORMAL
1.703621789329824,538,9510,52179,8080,1,4,0,0,0,162.04594536187807,NORMAL,NORMAL
2.9626156428785486,547,1124,59843,5432,2,2,2,0,0,162.7627330060646,NORMAL,NORMAL
1.3549377381446563,408,430,49995,445,1,3,7,1,1,305.4985683848412,MALICIOUS,PRIVILEGE_ESCALATION
0.6142171887236576,794,6527,53283,53,1,2,1,0,0,195.35251334647478,NORMAL,NORMAL
0.5238481632702494,452,6348,51883,80,1,3,1,0,0,164.99776034238778,NORMAL,NORMAL
1.8187888518093043,685,5467,53685,80,1,3,2,0,0,89.64629635761912,NORMAL,NORMAL
0.8519014409966033,1269,2705,57115,80,1,0,1,0,0,151.23215957439606,NORMAL,NORMAL
2.7144247693166226,319,485,53735,22,1,6,4,0,1,356.7723871935747,MALICIOUS,PRIVILEGE_ESCALATION
1.128977161702607,6052,599,64271,80,1,14,17,0,0,1836.9668415821752,MALICIOUS,WEB_ATTACK
0.24634763857486117,84,69,57857,22,1,51,16,20,0,137.97671608580796,MALICIOUS,BRUTE_FORCE
3.262824062940498,1591,4589,57830,443,2,0,3,0,0,91.02596575901222,NORMAL,NORMAL
0.11350540591288259,200,45,51181,22,1,53,55,19,0,93.9204986498526,MALICIOUS,BRUTE_FORCE
2.4606643067364278,1383,859,54509,80,1,8,17,0,0,2059.2650208353207,MALICIOUS,WEB_ATTACK
1.3920713301606016,691,1073,62520,443,1,3,2,2,0,222.93856375646288,SUSPICIOUS,SUSPICIOUS_LOGIN
1.1611010402883306,6400,648,51831,8080,1,16,17,0,0,2273.0765048255407,MALICIOUS,WEB_ATTACK
5.10357342590323,325,4983,56112,80,1,3,0,0,0,128.2254567396362,NORMAL,NORMAL
3.1329024676376207,992,4553,53178,80,1,5,3,0,0,215.83291732873676,NORMAL,NORMAL
0.7343093358389183,2500,734,54220,443,1,15,15,0,0,1301.7637377493706,MALICIOUS,WEB_ATTACK
0.08142829465971448,342,4094,52274,53,1,3,2,0,0,56.07726411596694,NORMAL,NORMAL
1.4466301641159562,495,531,55779,443,1,3,5,1,1,247.81007474365,SUSPICIOUS,SUSPICIOUS_LOGIN
0.23161851306704528,1099,7341,50567,80,1,1,3,0,0,98.56001173934025,NORMAL,NORMAL
0.2852950316050963,141,2211,65482,53,1,7,0,0,0,121.80854120324322,NORMAL,NORMAL
3.9908273882985217,264,2593,49708,8080,1,1,2,0,0,173.77475235692677,NORMAL,NORMAL
0.5612357865871302,465,5811,56436,80,2,3,0,0,0,91.47594995001205,NORMAL,NORMAL
0.06338852153972377,61,0,58524,408,1,49,2,0,0,764.2779197883713,MALICIOUS,PORT_SCAN
3.6058126529258354,460,1345,62391,3389,1,3,2,1,0,145.04555101632573,SUSPICIOUS,SUSPICIOUS_LOGIN
0.2917705599043067,234,10667,62392,5432,2,4,0,0,0,96.29435664805033,NORMAL,NORMAL
85.92961529181032,13744027,4869,57486,9001,1,3,1,0,0,405476.56997030764,MALICIOUS,DATA_EXFILTRATION
7.476801949658858,176,5615,50555,443,2,1,4,0,0,103.53410457451434,NORMAL,NORMAL
2.876898841730549,551,3369,49841,443,1,1,4,0,0,87.4981657245383,NORMAL,NORMAL
2.816572497937037,519,4810,62919,80,1,5,3,0,0,159.75812791634002,NORMAL,NORMAL
0.9255789844148201,100,4133,63398,443,1,1,1,0,0,165.42025507883102,NORMAL,NORMAL
3.9582866322045147,694,1002,61319,3389,1,2,5,1,0,130.38311811282836,SUSPICIOUS,SUSPICIOUS_LOGIN
0.5734027476315706,2107,579,58399,80,1,9,19,0,0,2034.293461063267,MALICIOUS,WEB_ATTACK
0.7249480684522372,1255,3927,58767,80,1,2,2,0,0,159.04392507184153,NORMAL,NORMAL
3.4992517784124666,428,3521,52330,5432,1,3,2,0,0,97.1152823422504,NORMAL,NORMAL
1.7961151329929557,522,12965,50960,80,1,1,3,0,0,78.10457311485774,NORMAL,NORMAL
0.07078381129991708,63,0,53164,707,1,58,1,0,0,693.0894965520617,MALICIOUS,PORT_SCAN
1.8056687109012879,452,6513,63731,5432,1,2,5,0,0,171.1951042556101,NORMAL,NORMAL
0.504524225569001,816,3457,51428,443,1,2,0,0,0,131.71872722673484,NORMAL,NORMAL
0.8074028323956837,938,6768,65202,443,1,1,0,0,0,101.09735033676138,NORMAL,NORMAL
0.4802275829339223,317,2083,60118,80,1,1,2,0,0,188.08044375386777,NORMAL,NORMAL
1.0152926637084514,225,3174,61252,443,1,5,2,0,0,163.0828949951138,NORMAL,NORMAL
32.80793173515889,12586223,5192,63959,9001,1,2,1,0,0,137099.99672813943,MALICIOUS,DATA_EXFILTRATION
0.30442933425402063,161,62,54918,3389,1,39,27,10,0,106.50928807200127,MALICIOUS,BRUTE_FORCE
0.044012835507442796,41,0,54843,113,1,41,1,0,0,654.2705073111302,MALICIOUS,PORT_SCAN
1.0354392855469605,985,3728,57087,443,1,0,4,0,0,135.17637907710193,NORMAL,NORMAL
4.9847807479972275,1137,4455,65391,53,1,1,4,0,0,164.4229660928593,NORMAL,NORMAL
2.553880196641033,853,4602,49864,3306,1,0,3,0,0,137.98692616783038,NORMAL,NORMAL
2.585940150666513,227,5872,58214,443,1,5,1,0,0,171.73825843816425,NORMAL,NORMAL
0.44463290393510146,187,106,59674,3389,1,21,16,14,0,106.53006352977212,MALICIOUS,BRUTE_FORCE
2.601892778948598,997,5800,64076,443,1,3,3,0,0,182.36217156351114,NORMAL,NORMAL
2.399216782486096,450,4568,54667,5432,2,0,2,0,0,207.88042667099228,NORMAL,NORMAL
0.12523745287864763,89,134,51745,22,1,42,22,15,0,190.10413535369298,MALICIOUS,BRUTE_FORCE
2.927825579279716,745,1151,54309,22,1,3,3,3,0,349.8832052504076,SUSPICIOUS,SUSPICIOUS_LOGIN
0.4508756106497903,116,5571,51031,53,1,3,1,0,0,91.9392752628651,NORMAL,NORMAL
3.389922922586616,65,2791,57920,443,1,0,1,0,0,225.58537702230166,NORMAL,NORMAL
0.8060401269735247,905,6063,63999,443,1,3,2,0,0,212.209645584488,NORMAL,NORMAL
0.04739681836379222,45,0,41317,134,1,71,2,0,0,1097.9449585748048,MALICIOUS,PORT_SCAN
0.5542502903149005,1551,3589,50678,53,1,1,4,0,0,154.05691856958632,NORMAL,NORMAL
0.05981993480334726,53,0,40497,438,1,80,2,0,0,964.9033424523332,MALICIOUS,PORT_SCAN
4.913120904700769,484,8242,64041,443,1,1,3,0,0,151.42746795670118,NORMAL,NORMAL
0.6447101720614776,999,1940,51947,53,1,3,3,0,0,158.7260202147728,NORMAL,NORMAL
0.6714239925396348,384,7517,64474,443,1,1,2,0,0,176.4474189926402,NORMAL,NORMAL
1.0619147519364476,685,2799,49628,53,1,2,1,0,0,198.2839618264871,NORMAL,NORMAL
0.8547921584265872,200,5214,54792,80,2,5,1,0,0,143.74147961312266,NORMAL,NORMAL
1.6525835869127692,1601,7086,51671,53,1,0,1,0,0,204.87939603628456,NORMAL,NORMAL
1.806006727112884,410,400,51495,445,1,5,5,0,1,186.42755133035323,MALICIOUS,PRIVILEGE_ESCALATION
3.329721432032927,596,746,61090,3389,1,2,2,2,0,347.9829241507779,SUSPICIOUS,SUSPICIOUS_LOGIN
3.312236163670165,546,7025,50694,443,1,5,2,0,0,191.92334658287544,NORMAL,NORMAL
2.8885326999432825,918,6038,56327,443,1,3,3,0,0,93.82734333215322,NORMAL,NORMAL
1.4707059785230956,156,3595,65511,80,1,3,3,0,0,137.96695588770064,NORMAL,NORMAL
4.349710017772104,546,1106,53246,22,1,5,4,1,0,204.74601670075765,SUSPICIOUS,SUSPICIOUS_LOGIN
0.19963587647649444,454,1983,64035,80,2,4,0,0,0,130.57285021699812,NORMAL,NORMAL
3.6030451693318937,397,859,55555,443,1,2,3,1,0,325.9253275995381,SUSPICIOUS,SUSPICIOUS_LOGIN
1.8492408548911972,5947,245,64622,80,1,21,23,0,0,1133.1130258450605,MALICIOUS,WEB_ATTACK
0.3338294004539223,306,2886,61847,443,1,0,5,0,0,109.3082160923679,NORMAL,NORMAL
58.56283709668119,10258185,3897,62999,443,1,1,1,0,0,297243.3871669568,MALICIOUS,DATA_EXFILTRATION
0.05957081617198573,43,0,41786,856,2,66,1,0,0,1067.739054589636,MALICIOUS,PORT_SCAN
6.511588673154835,1331,4286,57040,443,1,4,2,0,0,155.2597809382455,NORMAL,NORMAL
1.0464692087306728,636,1322,62034,22,1,2,4,2,0,305.07068670831046,SUSPICIOUS,SUSPICIOUS_LOGIN
8.668997004507599,656,2129,51033,80,1,1,3,0,0,190.29775892780793,NORMAL,NORMAL
2.266825665794997,320,645,61441,22,1,5,3,3,1,310.6265350797602,SUSPICIOUS,SUSPICIOUS_LOGIN
108.54756197068929,6308422,2403,49767,8443,1,1,1,0,0,111838.03107997788,MALICIOUS,DATA_EXFILTRATION
0.5689057494311847,211,141,54899,22,1,29,49,8,0,232.6320467679059,MALICIOUS,BRUTE_FORCE
0.04573132953610816,43,0,51085,304,1,73,2,0,0,612.6470383765047,MALICIOUS,PORT_SCAN
1.0542839030876567,4848,720,53641,80,1,11,15,0,0,1536.052710255271,MALICIOUS,WEB_ATTACK
0.03126235423743196,40,0,57855,967,2,102,2,0,0,603.8751354606618,MALICIOUS,PORT_SCAN
0.6705786318103156,60,127,57184,22,1,51,21,19,0,80.01780083568441,MALICIOUS,BRUTE_FORCE
4.040153969205813,234,1584,64973,80,1,3,4,0,0,120.67356509323129,NORMAL,NORMAL
1.8862781544151028,608,1229,65058,443,1,2,3,2,0,263.5394825377714,SUSPICIOUS,SUSPICIOUS_LOGIN
0.03769996181846375,67,0,60961,469,1,81,2,0,0,903.0740160120819,MALICIOUS,PORT_SCAN
3.7232521836785555,118,2121,55635,443,1,0,0,0,0,136.3027808329252,NORMAL,NORMAL
1.7871693730041243,32,3329,55251,53,1,4,2,0,0,191.64791743013126,NORMAL,NORMAL
0.45437192667828147,6299,551,58033,443,1,23,13,0,0,1843.3074755693383,MALICIOUS,WEB_ATTACK
3.5776423400638633,378,4570,54364,443,1,6,2,0,0,124.93325775543155,NORMAL,NORMAL
1.590061275681372,119,6943,63412,443,1,1,2,0,0,238.47992798136545,NORMAL,NORMAL
0.027070929944839096,66,0,43042,311,1,98,2,0,0,1108.9122527309187,MALICIOUS,PORT_SCAN
0.7998766251378036,186,98,54430,22,1,34,42,13,0,94.2314494568669,MALICIOUS,BRUTE_FORCE
1.07097065097666,562,635,53307,22,1,2,5,1,0,129.3457273019402,SUSPICIOUS,SUSPICIOUS_LOGIN
1.551541895608107,937,1207,62634,443,1,0,2,0,0,191.2737815787454,NORMAL,NORMAL
1.2944695282081593,296,3978,61110,443,2,2,2,0,0,180.75432024391927,NORMAL,NORMAL
0.7153213081185842,900,3527,60254,443,1,2,3,0,0,119.27598145320984,NORMAL,NORMAL
0.03122082827226133,45,0,45813,319,1,107,2,0,0,1141.6897074723024,MALICIOUS,PORT_SCAN
0.05448827937487051,62,0,47354,831,1,80,1,0,0,899.6517550483318,MALICIOUS,PORT_SCAN
2.9361044031703214,185,5737,52952,443,2,2,2,0,0,144.6688513908338,NORMAL,NORMAL
5.072625879188356,556,5230,56669,3306,1,3,3,0,0,166.87785139935127,NORMAL,NORMAL
1.439427401728633,516,3652,58620,443,1,2,3,0,0,103.58378921679088,NORMAL,NORMAL
0.1168907665921006,83,108,64886,3389,1,15,23,8,0,154.21277232878612,MALICIOUS,BRUTE_FORCE
1.2708545243067628,951,4573,54682,443,1,0,3,0,0,132.99393578241438,NORMAL,NORMAL
4.183115806153095,632,1323,51173,22,1,2,2,2,0,160.9309265456863,SUSPICIOUS,SUSPICIOUS_LOGIN
0.8909633318475456,2327,241,51864,443,1,14,13,0,0,648.8421131602936,MALICIOUS,WEB_ATTACK
0.1469723976877746,135,68,58951,22,1,50,48,8,0,164.2595938271167,MALICIOUS,BRUTE_FORCE
2.216997782092728,505,8881,56584,443,1,1,1,0,0,144.78855002864333,NORMAL,NORMAL
0.02407253401214899,689,4658,61424,443,1,2,2,0,0,102.67775261062444,NORMAL,NORMAL
0.36442945752761713,356,2174,64218,80,1,2,0,0,0,132.2499565719501,NORMAL,NORMAL
1.7871891533166868,3107,716,60332,443,1,24,21,0,0,1288.0913506701725,MALICIOUS,WEB_ATTACK
1.9564661657975817,532,4292,56678,80,1,3,1,0,0,118.9852395297158,NORMAL,NORMAL
1.2184707391126335,164,5870,61283,8080,1,4,1,0,0,115.46825728009316,NORMAL,NORMAL
1.1030568437543966,430,4013,50136,443,1,7,1,0,0,198.68519684624448,NORMAL,NORMAL
0.6673460319937644,281,8262,61292,443,1,1,4,0,0,164.30303563317204,NORMAL,NORMAL
0.5707976304531844,74,3964,58141,80,1,5,1,0,0,173.91082601345906,NORMAL,NORMAL
0.01533882872855587,69,0,43833,355,1,34,2,0,0,627.8837112925954,MALICIOUS,PORT_SCAN
1.735468222417067,136,3712,54261,443,1,2,2,0,0,198.60620035487017,NORMAL,NORMAL
3.4863440853781924,582,1446,51131,22,1,3,2,3,0,310.4690316227809,SUSPICIOUS,SUSPICIOUS_LOGIN
1.5479658873916233,493,1425,59262,443,1,1,1,0,0,54.138020705120894,NORMAL,NORMAL
0.04763970266518313,54,0,64698,54,1,68,2,0,0,1019.8587669022437,MALICIOUS,PORT_SCAN
0.015614182956656373,51,0,55743,806,2,56,1,0,0,962.4267828566976,MALICIOUS,PORT_SCAN
0.7284535389874107,909,3568,57020,443,2,3,1,0,0,180.39847211449782,NORMAL,NORMAL
0.3445350630277619,806,3587,63071,3306,1,3,1,0,0,120.0542118993873,NORMAL,NORMAL
2.038680040754096,2294,303,51865,443,1,8,8,0,0,2220.0512984976353,MALICIOUS,WEB_ATTACK
1.029752509242798,669,3969,50747,80,1,2,4,0,0,190.16259325996526,NORMAL,NORMAL
4.644855643752694,587,1421,58923,3389,1,2,4,3,0,146.79024915502487,SUSPICIOUS,SUSPICIOUS_LOGIN
0.4566658467500061,143,147,53208,3389,1,43,33,23,0,118.94728077537698,MALICIOUS,BRUTE_FORCE
0.2671292282694343,167,133,63151,3389,1,25,35,24,0,107.02596208704958,MALICIOUS,BRUTE_FORCE
0.8791566957004718,174,3111,49927,53,1,1,2,0,0,109.89299697277042,NORMAL,NORMAL
0.7045431046794256,110,144,57442,22,1,34,59,10,0,182.41240485050358,MALICIOUS,BRUTE_FORCE
1.1991968573058631,206,6709,56344,443,1,0,0,0,0,189.9151126317702,NORMAL,NORMAL
0.19202154558588236,1735,5366,50298,443,1,1,5,0,0,114.08637482512387,NORMAL,NORMAL
1.4270121607725073,1693,1625,60253,5432,1,0,3,0,0,161.33151486184568,NORMAL,NORMAL
0.08600711341309189,1305,8738,57130,443,1,2,1,0,0,209.11706944638144,NORMAL,NORMAL
0.049917100388298594,65,0,49421,357,1,53,1,0,0,904.6431770166135,MALICIOUS,PORT_SCAN
0.3015342673076988,229,8508,63364,53,1,1,2,0,0,112.69266540499937,NORMAL,NORMAL
2.1889113726445752,877,3741,53237,53,1,3,3,0,0,135.84837075430744,NORMAL,NORMAL
1.7128618262800503,577,4604,63041,443,1,4,1,0,0,133.81296934734974,NORMAL,NORMAL
4.613656282522776,336,9133,64927,80,1,2,4,0,0,198.71499214249806,NORMAL,NORMAL
0.5363482463712737,95,90,52668,22,1,54,25,9,0,155.4132501296835,MALICIOUS,BRUTE_FORCE
2.5854030307053097,428,4101,62494,80,1,1,4,0,0,97.16430869975355,NORMAL,NORMAL
80.99194722977904,5216236,1554,58107,8443,1,3,1,0,0,166264.86303767745,MALICIOUS,DATA_EXFILTRATION
0.23220978070754011,550,2979,59238,80,1,1,1,0,0,202.70197932721788,NORMAL,NORMAL
0.08587297172336254,291,6498,56442,53,2,3,7,0,0,182.23308841699094,NORMAL,NORMAL
0.10312200380341341,660,8787,64304,443,1,1,0,0,0,124.08722263471867,NORMAL,NORMAL
0.44582811138990686,890,4369,49296,80,1,0,1,0,0,136.29173785546945,NORMAL,NORMAL
0.5569364491265564,1485,1932,57857,53,1,1,2,0,0,125.81679649383418,NORMAL,NORMAL
1.5951430833624085,713,5683,63165,443,1,0,3,0,0,147.48891523819836,NORMAL,NORMAL
3.384842799424711,423,786,62604,443,1,3,3,2,0,303.7925882963858,SUSPICIOUS,SUSPICIOUS_LOGIN
0.0737875154905093,65,0,48218,772,1,93,1,0,0,1088.3959263875277,MALICIOUS,PORT_SCAN
1.4939388934048998,728,3082,49291,53,1,4,2,0,0,135.7294141523736,NORMAL,NORMAL
0.7965271637754998,70,8333,49746,443,1,3,2,0,0,158.75058947139084,NORMAL,NORMAL
1.8895893098983023,210,312,50438,445,1,4,6,0,1,376.5447245376013,MALICIOUS,PRIVILEGE_ESCALATION
1.15061578510061,1052,2239,58117,8080,1,2,0,0,0,155.03239813941175,NORMAL,NORMAL
0.5893665247092267,3809,277,59928,443,1,13,23,0,0,1505.2726081650028,MALICIOUS,WEB_ATTACK
0.11338142956768488,835,2725,50627,80,2,1,3,0,0,162.29903413991738,NORMAL,NORMAL
1.766117553587454,411,1884,57450,8080,1,3,2,0,0,134.18786337762722,NORMAL,NORMAL
4.255892715044974,360,789,63811,443,1,5,4,2,0,252.6269738182071,SUSPICIOUS,SUSPICIOUS_LOGIN
1.205228030433867,361,5723,58922,443,1,1,0,0,0,179.6359918670499,NORMAL,NORMAL
0.7350464724029283,393,7389,59365,53,1,5,2,0,0,191.3018481736663,NORMAL,NORMAL
0.8753823184553451,455,7511,50458,3306,1,1,1,0,0,176.8373765878421,NORMAL,NORMAL
1.2974203889688978,753,1215,62589,3389,1,4,4,1,0,204.87541872648336,SUSPICIOUS,SUSPICIOUS_LOGIN
0.2632372794591864,1018,7734,54866,443,1,1,2,0,0,207.44805579620885,NORMAL,NORMAL
0.398563835484704,689,1955,57390,80,1,3,2,0,0,156.90691545074722,NORMAL,NORMAL
0.3668940983122065,1857,694,61336,8080,1,12,23,0,0,2425.560331146291,MALICIOUS,WEB_ATTACK
0.27929029662560895,96,4680,63470,53,1,1,2,0,0,143.64257058684876,NORMAL,NORMAL
0.5713387145244923,1224,14675,52743,443,2,3,2,0,0,78.29499070258885,NORMAL,NORMAL
0.3529563924788897,412,5518,64149,443,1,0,2,0,0,109.46942765634913,NORMAL,NORMAL
1.9458232088445755,6430,514,57983,443,1,21,24,0,0,2383.3470186501545,MALICIOUS,WEB_ATTACK
0.4514666633897424,153,76,62666,22,1,52,53,8,0,88.09408655597657,MALICIOUS,BRUTE_FORCE
3.8849120495534395,715,624,63729,22,1,3,5,2,1,151.77643656980922,SUSPICIOUS,SUSPICIOUS_LOGIN
0.7651552850162097,218,51,50696,22,1,51,42,18,0,136.77175825542926,MALICIOUS,BRUTE_FORCE
3.473860771320842,1545,5202,53254,80,2,2,1,0,0,127.87035992640803,NORMAL,NORMAL
0.03981686061878583,44,0,54619,855,1,98,2,0,0,609.5433732797499,MALICIOUS,PORT_SCAN
4.030824658186348,436,716,51799,443,1,4,3,2,0,338.63445453833003,SUSPICIOUS,SUSPICIOUS_LOGIN
1.801296026278845,448,4303,52318,443,1,2,0,0,0,92.27286923465715,NORMAL,NORMAL
1.5833663542167848,164,477,60956,445,1,5,3,1,1,241.92725640103362,MALICIOUS,PRIVILEGE_ESCALATION
0.21835021723964504,62,45,65191,445,1,19,19,7,0,94.18796287420396,MALICIOUS,BRUTE_FORCE
2.4137350194635196,484,832,61826,22,1,4,3,2,1,230.9045566487311,SUSPICIOUS,SUSPICIOUS_LOGIN
1.196478588464689,311,1063,62533,22,1,4,5,1,0,163.02721233379157,SUSPICIOUS,SUSPICIOUS_LOGIN
0.8503135168127052,454,14966,61900,443,2,3,4,0,0,154.78391818299434,NORMAL,NORMAL
0.18757278719170234,70,145,55426,445,1,21,51,19,0,119.59300583498374,MALICIOUS,BRUTE_FORCE
0.2839205209347544,611,6383,57247,53,1,1,2,0,0,131.94466208699956,NORMAL,NORMAL
0.6089271503433761,5697,859,52487,80,1,11,21,0,0,1428.9546685196879,MALICIOUS,WEB_ATTACK
1.1939974118369192,259,413,56105,22,1,3,6,1,1,332.68034212741907,MALICIOUS,PRIVILEGE_ESCALATION
0.8056505319345413,378,6664,52755,443,1,3,0,0,0,179.65576366007954,NORMAL,NORMAL
0.3666919308274874,577,14009,61860,53,1,3,1,0,0,99.77956748794459,NORMAL,NORMAL
0.04784358642354975,60,0,41460,704,1,78,1,0,0,955.7223731588667,MALICIOUS,PORT_SCAN
0.027576192754730076,63,0,53385,819,1,86,2,0,0,624.893003633272,MALICIOUS,PORT_SCAN
0.22262426920234646,517,4671,56736,53,1,1,5,0,0,190.9472938749676,NORMAL,NORMAL
0.017276064297171656,59,0,57636,936,1,99,2,0,0,1077.8527887238129,MALICIOUS,PORT_SCAN
0.03891629878836444,47,0,40675,133,1,49,1,0,0,1112.4196787724518,MALICIOUS,PORT_SCAN
0.7096348938808921,826,5700,60660,443,1,3,3,0,0,232.43306255610634,NORMAL,NORMAL
0.4280122848751746,704,4469,49169,80,1,1,2,0,0,138.05908336775278,NORMAL,NORMAL
0.601353800627489,1087,4899,52330,443,1,0,2,0,0,115.35217605226272,NORMAL,NORMAL
0.8488166699154571,5147,268,49234,8080,1,15,11,0,0,1618.2523744108091,MALICIOUS,WEB_ATTACK
1.3482446224811713,374,2852,60439,80,2,2,1,0,0,159.0128886960363,NORMAL,NORMAL
15.038583142649788,14836836,2065,54526,9001,1,2,1,0,0,136036.31584181997,MALICIOUS,DATA_EXFILTRATION
4.332817840676888,1369,2600,61049,443,2,1,1,0,0,161.11072356501563,NORMAL,NORMAL
2.627808148013366,453,4618,63543,80,1,3,2,0,0,161.71952833339918,NORMAL,NORMAL
0.07962815194213256,61,0,57199,998,2,106,2,0,0,1160.0243084715062,MALICIOUS,PORT_SCAN
3.605673587188949,1668,2351,56092,8080,1,3,2,0,0,74.5106469390665,NORMAL,NORMAL
68.27513411683118,14431232,4017,59180,9001,2,2,1,0,0,377003.9712216898,MALICIOUS,DATA_EXFILTRATION
3.951071224721067,376,7683,54784,443,1,2,0,0,0,161.71782257099696,NORMAL,NORMAL
0.16272902866491265,566,2904,61822,443,1,1,2,0,0,176.03486215782422,NORMAL,NORMAL
0.7997105733306964,391,1057,56304,443,1,0,1,0,0,149.19833965786,NORMAL,NORMAL
5.04164112884926,154,4838,49431,443,1,1,2,0,0,187.5166215004262,NORMAL,NORMAL
0.17069633098745088,198,4035,62295,443,1,1,3,0,0,177.1207966186797,NORMAL,NORMAL
2.235957619955907,721,615,63024,3389,1,2,3,1,0,183.3338180725242,SUSPICIOUS,SUSPICIOUS_LOGIN
1.5004328276261139,855,3879,50984,443,1,4,0,0,0,183.2933786963341,NORMAL,NORMAL
1.2898419082283974,283,9271,61247,443,1,4,0,0,0,148.25008215911492,NORMAL,NORMAL
0.4912992856516267,851,2020,59736,443,1,3,5,0,0,66.73341884705337,NORMAL,NORMAL
1.370228593245357,268,235,59198,445,1,7,5,0,1,211.7796529500392,MALICIOUS,PRIVILEGE_ESCALATION
0.7366097713027593,155,88,60144,3389,1,50,52,19,0,94.83603555604905,MALICIOUS,BRUTE_FORCE
1.3629617007822818,5647,400,63790,443,1,21,15,0,0,1841.477979793108,MALICIOUS,WEB_ATTACK
2.295865656400623,423,1154,57966,3389,1,5,4,2,0,231.6855101918869,SUSPICIOUS,SUSPICIOUS_LOGIN
1.7223268548405481,1409,1534,52723,443,1,3,3,0,0,160.07495310121945,NORMAL,NORMAL
2.9415785320497507,729,577,63899,3389,1,5,5,1,0,106.18334080581812,SUSPICIOUS,SUSPICIOUS_LOGIN
0.38292566945747475,89,1245,65246,8080,1,2,0,0,0,120.48202853031236,NORMAL,NORMAL
0.12472863264470166,788,4135,52233,53,1,5,3,0,0,151.2302865473477,NORMAL,NORMAL
1.1805274606518008,172,2063,56475,80,1,1,2,0,0,171.1258187881602,NORMAL,NORMAL
0.6430681836211039,3627,656,50691,443,1,24,14,0,0,2653.0622623089357,MALICIOUS,WEB_ATTACK
0.6451549802459671,1111,4914,55766,8080,1,4,2,0,0,137.03382650975703,NORMAL,NORMAL
0.7163406998755675,352,2487,57504,443,1,1,2,0,0,132.72902688268067,NORMAL,NORMAL
3.386104320486596,154,9998,52918,3306,1,2,2,0,0,143.1966558266195,NORMAL,NORMAL
1.279797381529685,373,4215,62827,443,1,3,0,0,0,247.16577288048614,NORMAL,NORMAL
0.6518978371352464,401,2188,57410,80,1,3,5,0,0,76.6731819320509,NORMAL,NORMAL
2.4802502454721145,1746,758,59659,80,1,19,18,0,0,657.3428200259226,MALICIOUS,WEB_ATTACK
0.1981182518962561,492,5775,61281,443,1,3,6,0,0,175.3648720496726,NORMAL,NORMAL
1.8004820777879726,768,7011,55527,443,2,1,1,0,0,192.695193660252,NORMAL,NORMAL
1.677626497435433,306,2171,56897,8080,2,2,1,0,0,143.85119605547396,NORMAL,NORMAL
3.0983595141337124,421,4977,59694,443,1,0,1,0,0,123.37226140425813,NORMAL,NORMAL
0.06686604096044625,62,0,50549,764,1,73,2,0,0,871.5651624609992,MALICIOUS,PORT_SCAN
1.0286471233369412,154,4798,51884,53,1,1,2,0,0,121.5478066728135,NORMAL,NORMAL
0.47670552989535475,1150,3967,59670,53,1,1,2,0,0,204.718776081008,NORMAL,NORMAL
0.7430767713000339,140,69,53501,22,1,23,50,24,0,171.6494313785799,MALICIOUS,BRUTE_FORCE
0.8679515677487145,560,4144,55171,3306,1,2,0,0,0,117.66025588427249,NORMAL,NORMAL
0.38879483850823815,208,149,53471,445,1,25,36,8,0,188.84996588168462,MALICIOUS,BRUTE_FORCE
0.5119084660427853,173,115,65229,22,1,20,37,23,0,144.04661465624622,MALICIOUS,BRUTE_FORCE
4.4093005477763025,958,1848,49789,8080,1,1,1,0,0,200.77122711460504,NORMAL,NORMAL
0.0302058663147717,69,0,59038,913,2,107,2,0,0,941.8606396782479,MALICIOUS,PORT_SCAN
0.5927796047505071,1053,2390,64446,443,1,4,2,0,0,143.67623852563236,NORMAL,NORMAL
1.516068424857595,1212,1563,51981,443,1,2,2,0,0,182.4018846960021,NORMAL,NORMAL
1.550451456514515,275,4357,54088,443,1,1,2,0,0,143.43312401812207,NORMAL,NORMAL
0.545620971665414,273,4069,61707,8080,1,1,1,0,0,165.8177152354821,NORMAL,NORMAL
0.2855406599462665,153,115,55017,22,1,39,50,8,0,186.76861128497606,MALICIOUS,BRUTE_FORCE
0.04248288877410934,2681,2583,52942,3306,1,3,2,0,0,147.44885745487608,NORMAL,NORMAL
2.421580775089007,41,7019,50611,5432,1,2,1,0,0,94.86584094115375,NORMAL,NORMAL
0.2007445783395349,215,5242,64278,443,2,0,1,0,0,180.36502164919384,NORMAL,NORMAL
0.6615866129103962,180,116,53934,3389,1,27,54,11,0,121.58241744041858,MALICIOUS,BRUTE_FORCE
3.542814756664148,283,5477,56879,443,1,0,2,0,0,137.78119883008526,NORMAL,NORMAL
1.2709820711827702,845,2116,61740,443,1,4,2,0,0,146.67686236144465,NORMAL,NORMAL
4.336152318494626,410,1065,62338,3389,1,3,5,3,0,274.7619940140282,SUSPICIOUS,SUSPICIOUS_LOGIN
0.28430460394563656,512,4038,64175,443,1,0,7,0,0,205.67131807335494,NORMAL,NORMAL
1.8058598106666093,513,11426,50740,80,1,2,3,0,0,185.40537958151563,NORMAL,NORMAL
0.5102269894178605,142,71,53496,445,1,19,39,18,0,204.24362206023568,MALICIOUS,BRUTE_FORCE
30.68981324687069,8368553,7499,49227,53,2,3,1,0,0,275564.40997618216,MALICIOUS,DATA_EXFILTRATION
0.9707792587511086,668,2838,56208,80,1,3,0,0,0,238.4561430372081,NORMAL,NORMAL
1.7820495134554264,675,4565,64143,8080,1,0,0,0,0,209.58697531394512,NORMAL,NORMAL
1.0691762114029029,897,4521,53762,443,2,2,1,0,0,185.76386703814825,NORMAL,NORMAL
1.9148392276136623,276,325,56437,445,1,6,4,1,1,354.6641895540041,MALICIOUS,PRIVILEGE_ESCALATION
2.044609234591439,295,6601,50677,80,1,4,1,0,0,233.6211960788645,NORMAL,NORMAL
1.6705341482045393,5671,308,50930,8080,1,12,12,0,0,1892.4280318270614,MALICIOUS,WEB_ATTACK
4.7317468653460235,476,968,50757,22,1,4,5,3,1,343.15109815480685,SUSPICIOUS,SUSPICIOUS_LOGIN
0.23158036062087115,1800,607,60974,80,1,15,24,0,0,664.1182580771374,MALICIOUS,WEB_ATTACK
0.5871654166583788,256,2649,53493,443,2,0,2,0,0,160.85092120437173,NORMAL,NORMAL
1.5057795920724404,243,2387,52435,443,2,1,2,0,0,171.74136909863654,NORMAL,NORMAL
0.8937904043725977,1115,3407,50210,5432,1,3,1,0,0,133.83954277460808,NORMAL,NORMAL
1.307271637237907,1483,5272,64705,443,1,1,1,0,0,155.3402062219908,NORMAL,NORMAL
0.05525107107883183,58,0,62859,268,1,100,2,0,0,797.955269151088,MALICIOUS,PORT_SCAN
2.8507307545287,1211,11037,51149,443,1,2,0,0,0,172.8499063835399,NORMAL,NORMAL
0.16503236298594876,79,112,55528,445,1,28,32,5,0,233.94001479624433,MALICIOUS,BRUTE_FORCE
0.17238571267443784,119,86,55116,22,1,19,50,23,0,234.4071460747987,MALICIOUS,BRUTE_FORCE
0.9543026826692782,1514,5805,64663,443,1,3,5,0,0,126.34860844792422,NORMAL,NORMAL
1.58557077376235,269,2783,61264,443,2,2,0,0,0,81.74209774335554,NORMAL,NORMAL
0.04612234640444159,49,0,51375,849,1,93,1,0,0,583.9135694251053,MALICIOUS,PORT_SCAN
0.6091031079127645,316,362,53659,22,1,6,3,1,1,352.4461901464524,MALICIOUS,PRIVILEGE_ESCALATION
1.4305018331237265,210,2927,59988,80,2,1,1,0,0,118.31328818979182,NORMAL,NORMAL
0.0704904297559537,538,2994,53609,443,1,4,4,0,0,176.52401943190364,NORMAL,NORMAL
0.23666366850626352,207,8283,51312,80,1,3,1,0,0,121.78521580219498,NORMAL,NORMAL
3.4930932462751616,436,1210,51690,443,1,3,1,0,0,176.23451298009462,NORMAL,NORMAL
1.542331466482516,1307,5756,54195,443,1,3,4,0,0,185.8255656465225,NORMAL,NORMAL
0.317467860927559,668,2152,55025,443,1,1,1,0,0,165.85278728031452,NORMAL,NORMAL
2.638688017505389,351,996,61093,22,1,4,2,1,0,121.43548951781548,SUSPICIOUS,SUSPICIOUS_LOGIN
0.15098107712360415,1076,1270,62444,80,1,0,3,0,0,189.138312226662,NORMAL,NORMAL
1.018465828850988,205,12597,61610,8080,1,3,1,0,0,181.38417151592097,NORMAL,NORMAL
0.589511648598422,77,114,51477,22,1,17,38,18,0,221.0246916081377,MALICIOUS,BRUTE_FORCE
0.8073340271768297,173,4129,63385,3306,1,2,5,0,0,158.8842147696916,NORMAL,NORMAL
22.183485345061115,13445395,4379,58989,53,1,1,1,0,0,249407.25937109455,MALICIOUS,DATA_EXFILTRATION
1.3979315613917886,700,1511,49252,443,1,0,1,0,0,181.93545888405737,NORMAL,NORMAL
0.414554358902634,427,2030,65467,80,2,3,1,0,0,130.87649099519479,NORMAL,NORMAL
0.022716485194101292,54,0,49381,761,1,70,1,0,0,1123.6072682022927,MALICIOUS,PORT_SCAN
0.848622824653009,421,3738,55803,53,1,2,2,0,0,144.05476320065173,NORMAL,NORMAL
0.027581765073323175,50,0,56228,615,1,40,2,0,0,1110.246539128598,MALICIOUS,PORT_SCAN
4.244561769828671,788,1335,53639,22,1,2,3,1,0,121.39208702703274,SUSPICIOUS,SUSPICIOUS_LOGIN
0.26106972890758096,943,7127,53345,443,1,2,3,0,0,128.6656417111858,NORMAL,NORMAL
0.6991023478951914,217,321,59050,22,1,7,3,0,1,284.43170231406003,MALICIOUS,PRIVILEGE_ESCALATION
0.7162003406874698,181,3995,55804,443,1,2,3,0,0,174.64522562364837,NORMAL,NORMAL
1.9500488264586946,279,6400,50281,53,1,1,1,0,0,171.8314685412942,NORMAL,NORMAL
2.9565680436710178,308,3825,63721,53,1,4,3,0,0,169.7541843573581,NORMAL,NORMAL
0.6077230568010609,537,2590,51408,443,2,0,3,0,0,101.00103971880768,NORMAL,NORMAL
1.1996648664990537,422,7703,60686,443,1,2,3,0,0,110.48269568376317,NORMAL,NORMAL
0.42536673331710856,550,7944,58422,443,2,0,2,0,0,103.99087287031045,NORMAL,NORMAL
1.881389337845021,6189,611,63967,443,1,13,18,0,0,1538.5276983576682,MALICIOUS,WEB_ATTACK
0.8085300154801076,605,2226,57962,443,1,1,4,0,0,69.39966241971638,NORMAL,NORMAL
0.20422294188008375,199,105,54180,22,1,33,17,8,0,176.81057751469984,MALICIOUS,BRUTE_FORCE
0.022187679172577558,66,0,52114,673,1,55,1,0,0,1087.0987365622236,MALICIOUS,PORT_SCAN
2.3693724200131863,229,1551,57065,53,1,3,1,0,0,97.53601417120359,NORMAL,NORMAL
2.1810392800315825,955,3917,50034,80,1,1,1,0,0,71.78858862354392,NORMAL,NORMAL
4.745368221753987,288,1342,56981,3389,1,2,5,2,0,174.67647754635726,SUSPICIOUS,SUSPICIOUS_LOGIN
0.8952230316892191,545,3673,62181,443,1,3,4,0,0,128.36351555960775,NORMAL,NORMAL
1.4480913880589446,303,330,60472,22,1,3,5,1,1,363.9177295888212,MALICIOUS,PRIVILEGE_ESCALATION
0.01957117467048113,47,0,58817,901,2,82,2,0,0,726.3070205074177,MALICIOUS,PORT_SCAN
2.0566679661205853,419,313,49186,445,1,4,6,0,1,252.2054476724186,MALICIOUS,PRIVILEGE_ESCALATION
1.8413584604739754,206,2611,52823,5432,1,1,3,0,0,234.49737538115392,NORMAL,NORMAL
0.5801317079219424,4227,864,57541,8080,1,11,20,0,0,634.0968174690976,MALICIOUS,WEB_ATTACK
0.28861227763883035,567,6162,63297,5432,1,2,3,0,0,44.665350765513224,NORMAL,NORMAL
6.19603380213739,390,6094,58018,53,1,3,1,0,0,140.84479347368233,NORMAL,NORMAL
0.06008533660395176,768,7671,56231,80,1,1,3,0,0,155.0050571463546,NORMAL,NORMAL
2.6978752959822336,88,2953,56519,443,1,3,5,0,0,159.82904365593487,NORMAL,NORMAL
2.1643945889295755,2307,865,61922,80,1,20,17,0,0,2626.082377921841,MALICIOUS,WEB_ATTACK
3.4562007091618394,473,5021,52542,443,1,0,2,0,0,188.02498180680664,NORMAL,NORMAL
2.8460785802174877,191,5146,59681,3306,1,4,1,0,0,186.62615217033377,NORMAL,NORMAL
0.3132576938074583,117,63,65324,445,1,35,16,6,0,243.3667388729423,MALICIOUS,BRUTE_FORCE
0.27673221144155735,4683,253,59843,8080,1,24,15,0,0,1004.0970980463837,MALICIOUS,WEB_ATTACK
0.04580050736802618,586,11390,56038,80,1,2,2,0,0,213.44456525685246,NORMAL,NORMAL
0.5410721061937572,176,3893,61941,443,1,3,2,0,0,191.49101522559283,NORMAL,NORMAL
1.0619815537525041,308,5270,57687,80,1,1,1,0,0,169.12151260769133,NORMAL,NORMAL
1.7211916419150746,458,1446,56746,443,1,5,4,1,0,243.1083575641462,SUSPICIOUS,SUSPICIOUS_LOGIN
0.7302269410619009,192,5077,53943,53,1,1,3,0,0,196.05156754150988,NORMAL,NORMAL
1.4387331851963674,917,6769,49641,443,1,5,5,0,0,103.85504038869297,NORMAL,NORMAL
1.3768556772305613,152,6277,53225,8080,1,3,1,0,0,151.6156050711418,NORMAL,NORMAL
3.1391258459065163,368,7523,59645,80,1,0,3,0,0,199.47906113593876,NORMAL,NORMAL
4.7034486814167575,178,2756,53294,443,1,5,3,0,0,173.66284073812392,NORMAL,NORMAL
4.044400185401839,839,2054,64945,443,1,0,3,0,0,184.2080603099305,NORMAL,NORMAL
0.5321286456863029,213,96,60464,22,1,20,26,20,0,219.07987398577717,MALICIOUS,BRUTE_FORCE
0.6321704112558197,505,7406,62396,443,1,1,2,0,0,198.81616268783716,NORMAL,NORMAL
3.1444614389256738,920,4119,55019,53,1,2,4,0,0,103.09633564589029,NORMAL,NORMAL
0.14169453073830449,198,46,58719,445,1,48,16,11,0,153.18097375304046,MALICIOUS,BRUTE_FORCE
0.023539318766052933,53,0,45703,541,1,88,2,0,0,1109.7767942495566,MALICIOUS,PORT_SCAN
3.0306887756637035,473,1340,56805,3389,1,2,3,2,0,238.41861294549426,SUSPICIOUS,SUSPICIOUS_LOGIN
0.18066662448168996,770,4048,57777,443,1,3,0,0,0,152.92392308846604,NORMAL,NORMAL
1.8170714483668362,6333,888,53849,8080,1,23,15,0,0,1627.707886879986,MALICIOUS,WEB_ATTACK
1.0719909622455703,1118,4800,64686,80,1,1,2,0,0,174.4053418035174,NORMAL,NORMAL
1.9252312850740982,739,5826,63273,80,1,2,2,0,0,211.61764959106694,NORMAL,NORMAL
0.713831108709087,95,51,55702,22,1,25,15,17,0,107.85861788653463,MALICIOUS,BRUTE_FORCE
3.13534126553991,641,1009,49536,3389,1,4,4,2,1,209.45475222733708,SUSPICIOUS,SUSPICIOUS_LOGIN
0.5127758953267075,3965,777,63788,443,1,15,17,0,0,1718.9708351827467,MALICIOUS,WEB_ATTACK
0.5566259424063003,641,7180,56546,80,1,0,1,0,0,129.20379408235115,NORMAL,NORMAL
1.1445215999866774,1839,227,51292,80,1,11,9,0,0,887.487773213765,MALICIOUS,WEB_ATTACK
0.03589431236389668,47,0,53795,804,1,86,2,0,0,606.6448537648307,MALICIOUS,PORT_SCAN
1.6624293985815612,5063,486,64282,80,1,9,13,0,0,1777.4908415438344,MALICIOUS,WEB_ATTACK
0.10531416563856041,671,3657,64637,443,1,1,0,0,0,189.7848967709998,NORMAL,NORMAL
0.8983449597335025,1189,2680,51440,80,1,2,2,0,0,89.55783864348537,NORMAL,NORMAL
0.019812979319574105,69,0,51218,224,1,105,1,0,0,739.2056144795234,MALICIOUS,PORT_SCAN
1.6535892701534491,506,2623,53282,443,1,1,1,0,0,154.35133455415863,NORMAL,NORMAL
1.1123156509681535,3925,473,65021,443,1,19,20,0,0,1136.5646835228456,MALICIOUS,WEB_ATTACK
0.03273079357545041,59,0,49441,600,1,31,2,0,0,836.760092779848,MALICIOUS,PORT_SCAN
3.4569411197565887,228,2588,64576,80,1,0,1,0,0,168.404807484634,NORMAL,NORMAL
1.6644038613269538,254,949,55997,53,1,1,1,0,0,111.43294924075056,NORMAL,NORMAL
4.744131694746194,579,1356,60719,3389,1,2,3,3,0,115.13902855187658,SUSPICIOUS,SUSPICIOUS_LOGIN
0.16607083964646038,86,52,52630,3389,1,49,38,9,0,118.68900287632954,MALICIOUS,BRUTE_FORCE
0.02187926540581269,51,0,62737,639,2,104,2,0,0,1020.0930041884782,MALICIOUS,PORT_SCAN
0.538228269243961,121,4210,59548,443,2,1,1,0,0,150.13213427553072,NORMAL,NORMAL
0.4790355395599907,823,4694,59296,80,1,2,4,0,0,212.83428599028798,NORMAL,NORMAL
0.1082849669227341,390,9546,59486,80,1,1,0,0,0,155.77305886904148,NORMAL,NORMAL
0.07993472925239366,63,0,49667,902,1,50,2,0,0,720.4886778271937,MALICIOUS,PORT_SCAN
0.30852254251215183,1338,4254,58908,443,1,2,1,0,0,135.94048014158162,NORMAL,NORMAL
1.9392067668551598,530,4124,53782,8080,1,4,4,0,0,167.81288374424076,NORMAL,NORMAL
0.8671585455120114,460,2998,63292,80,1,3,0,0,0,122.4614735844806,NORMAL,NORMAL
1.9907082482987648,376,6508,62632,443,1,2,2,0,0,106.65815230205925,NORMAL,NORMAL
1.1279402655488262,317,4528,51123,53,1,2,0,0,0,175.73231122014258,NORMAL,NORMAL
0.05440621870429334,46,0,42674,253,1,67,1,0,0,744.5601327372348,MALICIOUS,PORT_SCAN
2.598538016935342,425,382,59809,22,1,7,7,0,1,362.2367626360681,MALICIOUS,PRIVILEGE_ESCALATION
0.7170083434868905,865,7424,64746,443,1,1,3,0,0,145.1229861980392,NORMAL,NORMAL
1.5852420031753882,1980,290,55863,443,1,24,15,0,0,1617.1007660052244,MALICIOUS,WEB_ATTACK
0.06634281745665774,51,0,44753,68,1,75,2,0,0,1044.2703306034482,MALICIOUS,PORT_SCAN
2.6068835685843603,415,737,63118,22,1,3,3,3,0,230.83073640176218,SUSPICIOUS,SUSPICIOUS_LOGIN
24.29620175339043,12261575,1101,60739,53,1,2,1,0,0,274696.021827805,MALICIOUS,DATA_EXFILTRATION
1.226615360028858,985,3695,58103,53,1,2,1,0,0,182.91954368013285,NORMAL,NORMAL
4.862608592013724,430,6007,63030,5432,1,2,3,0,0,214.79661149306224,NORMAL,NORMAL
0.32113087000056173,149,5442,64198,80,1,1,1,0,0,59.47621837643709,NORMAL,NORMAL
0.061468144917951266,44,0,48036,422,1,44,2,0,0,546.063189198245,MALICIOUS,PORT_SCAN
1.3886491886042538,295,1951,50105,53,2,4,1,0,0,149.56562032503146,NORMAL,NORMAL
0.43373319026177193,4373,220,64594,80,1,22,13,0,0,1635.7604330542777,MALICIOUS,WEB_ATTACK
1.5561916519515209,453,844,54239,443,1,1,2,0,0,115.46540952925497,NORMAL,NORMAL
1.8300063922209364,3466,233,59676,80,1,11,16,0,0,1461.4613554203142,MALICIOUS,WEB_ATTACK
2.6720134830366886,507,3974,63425,53,1,0,4,0,0,171.94461997580646,NORMAL,NORMAL
3.594232367313219,297,6320,56022,53,2,0,1,0,0,92.20414977389039,NORMAL,NORMAL
2.628661967365245,243,3322,52123,53,1,2,2,0,0,198.36350845891033,NORMAL,NORMAL
1.6486170194547451,901,4435,50979,443,1,0,3,0,0,122.66688721931331,NORMAL,NORMAL
1.85764056967529,362,422,54909,22,1,7,5,0,1,383.96417640689174,MALICIOUS,PRIVILEGE_ESCALATION
1.7255181775188717,1005,2626,60008,80,1,3,6,0,0,118.88533229026625,NORMAL,NORMAL
0.1539708172740626,89,78,63019,22,1,54,51,15,0,130.12793932127138,MALICIOUS,BRUTE_FORCE
2.0889358517444405,429,338,55428,445,1,7,4,1,1,378.74581489951805,MALICIOUS,PRIVILEGE_ESCALATION
0.10469186848954537,940,4762,62448,8080,1,0,4,0,0,102.0151619343728,NORMAL,NORMAL
1.4269169396705406,3878,681,50217,80,1,17,24,0,0,2767.767860368407,MALICIOUS,WEB_ATTACK
2.5513140218897625,125,2625,52918,443,1,3,2,0,0,136.74131493407023,NORMAL,NORMAL
0.8947853788185924,5641,283,55337,80,1,18,23,0,0,2971.0264436449456,MALICIOUS,WEB_ATTACK
1.063366208381787,776,4557,59245,8080,1,2,2,0,0,194.51537012048394,NORMAL,NORMAL
1.012060415246935,715,3432,62945,80,1,1,6,0,0,209.64673256901534,NORMAL,NORMAL
1.8107493738202545,1822,749,51923,443,1,13,24,0,0,2665.8723865291217,MALICIOUS,WEB_ATTACK
1.738678375044261,121,4613,61835,53,1,1,2,0,0,178.5396382015805,NORMAL,NORMAL
0.0741047754862414,56,0,40210,667,1,61,2,0,0,748.2689783589635,MALICIOUS,PORT_SCAN
1.31874805115467,662,1065,50791,22,1,3,4,3,0,201.17759912407573,SUSPICIOUS,SUSPICIOUS_LOGIN
1.2948917833497944,250,930,59421,443,1,3,0,0,0,76.5663872934179,NORMAL,NORMAL
1.634534582243402,153,3202,54579,53,1,4,2,0,0,234.89437491711186,NORMAL,NORMAL
1.587396713990725,301,4558,60766,5432,1,0,1,0,0,95.1349572057163,NORMAL,NORMAL
1.467423669984467,226,9421,62555,80,1,1,2,0,0,196.29143576647655,NORMAL,NORMAL
0.8731811870413888,1615,8521,62151,443,1,1,2,0,0,128.92415978651565,NORMAL,NORMAL
0.05799553153944516,61,0,64740,436,1,71,1,0,0,905.9962664681372,MALICIOUS,PORT_SCAN
3.6901665797233782,439,6928,57598,53,2,2,0,0,0,136.3104032010977,NORMAL,NORMAL
0.10308715406089432,216,4691,62609,443,2,3,2,0,0,194.5874971112761,NORMAL,NORMAL
0.42332074879360515,1348,6873,58180,443,1,2,3,0,0,122.57781714065979,NORMAL,NORMAL
1.6656328513797236,331,4715,62821,80,1,1,2,0,0,125.53227513192806,NORMAL,NORMAL
0.7333890872075736,1126,903,59762,80,1,1,2,0,0,133.9900345338821,NORMAL,NORMAL
0.004269300377798611,1268,3372,59608,443,1,1,0,0,0,67.15280469678135,NORMAL,NORMAL
1.4764573080716228,438,3669,59210,53,1,3,1,0,0,172.48758122740966,NORMAL,NORMAL
0.025169182763353577,245,6460,58685,443,1,0,4,0,0,204.66986946777587,NORMAL,NORMAL
1.5431849954306414,3594,624,50021,80,1,10,22,0,0,1701.9935394937052,MALICIOUS,WEB_ATTACK
3.1674067940933375,900,3778,61467,443,1,2,1,0,0,192.0284314362771,NORMAL,NORMAL
2.364429181723754,770,3609,53782,443,1,1,4,0,0,129.8949967880503,NORMAL,NORMAL
1.9884947966884867,285,479,52436,445,1,5,5,1,1,377.98621415708817,MALICIOUS,PRIVILEGE_ESCALATION
0.7823049441790173,300,3835,60500,80,1,4,1,0,0,87.73483305904385,NORMAL,NORMAL
0.9108859955210228,1113,3978,50431,443,2,4,0,0,0,172.2169141097184,NORMAL,NORMAL
1.4528844940601502,1644,2211,64241,5432,1,2,2,0,0,190.2368540924527,NORMAL,NORMAL
1.058184810788303,362,3914,62385,443,2,1,1,0,0,111.6002156208936,NORMAL,NORMAL
19.815088581243884,2361072,4740,49995,443,2,1,1,0,0,353540.8656621694,MALICIOUS,DATA_EXFILTRATION
0.15414762474629948,740,5619,59217,80,1,2,0,0,0,209.2073230752746,NORMAL,NORMAL
0.3351789353107668,192,86,49946,22,1,30,49,12,0,227.43105313338597,MALICIOUS,BRUTE_FORCE
0.5770660506787108,158,73,63032,22,1,53,24,7,0,104.70061743946738,MALICIOUS,BRUTE_FORCE
1.9605460588571408,1329,1736,56776,443,1,2,1,0,0,153.83661589126137,NORMAL,NORMAL
0.6458337229080744,702,8733,50997,80,1,4,0,0,0,131.92432123108628,NORMAL,NORMAL
0.654960019634998,1087,9837,64261,80,1,3,4,0,0,121.22110462648251,NORMAL,NORMAL
1.7070431904677301,371,1823,49812,443,1,1,5,0,0,91.95297239793764,NORMAL,NORMAL
0.4723708202121516,169,6209,49718,80,1,5,1,0,0,181.6422597968128,NORMAL,NORMAL
1.8465953999728515,330,3752,59061,443,2,2,0,0,0,153.6341182127305,NORMAL,NORMAL
1.44164430699689,328,2255,50913,443,1,6,3,0,0,153.17437870601145,NORMAL,NORMAL
46.16122259783372,9425135,1822,62410,8443,2,3,1,0,0,274835.7115735867,MALICIOUS,DATA_EXFILTRATION
0.9386121971032622,629,2400,61246,443,1,2,1,0,0,192.6979841803605,NORMAL,NORMAL
0.012964930798306414,66,0,53791,24,1,103,2,0,0,785.4257958929069,MALICIOUS,PORT_SCAN
2.1289389751783396,5958,398,51989,80,1,10,22,0,0,2165.1267267854764,MALICIOUS,WEB_ATTACK
0.04909346472259042,60,0,43570,9,1,119,1,0,0,722.7384093936092,MALICIOUS,PORT_SCAN
0.48654506953891274,560,6403,60565,53,1,2,2,0,0,167.67103986354925,NORMAL,NORMAL
0.7061715832966984,197,450,53734,22,1,3,6,0,1,179.31196185153584,MALICIOUS,PRIVILEGE_ESCALATION
1.0627779479536104,925,4915,49410,53,1,1,4,0,0,46.683507542821474,NORMAL,NORMAL
0.2245456945358073,78,81,61293,3389,1,28,22,13,0,144.71853749031192,MALICIOUS,BRUTE_FORCE
1.434265574617998,508,601,59528,3389,1,5,2,2,0,343.1177775348567,SUSPICIOUS,SUSPICIOUS_LOGIN
0.6848890661359216,324,9315,55602,5432,1,3,1,0,0,227.02939640504246,NORMAL,NORMAL
0.9331356694229553,427,3572,53223,53,2,0,0,0,0,151.9843351428089,NORMAL,NORMAL
0.894738381446596,952,5379,58795,5432,1,2,0,0,0,152.96016047771462,NORMAL,NORMAL
4.69100744322579,89,3142,52263,53,1,1,4,0,0,183.1819688090062,NORMAL,NORMAL
0.31017599361602965,94,144,53350,3389,1,35,15,19,0,199.2776030237493,MALICIOUS,BRUTE_FORCE
2.058879254080637,4853,592,54218,80,1,22,12,0,0,928.0148938986756,MALICIOUS,WEB_ATTACK
1.164838792309074,686,3889,54245,53,2,1,1,0,0,101.5317922856292,NORMAL,NORMAL
0.33012308859588607,839,4290,50259,3306,1,2,1,0,0,126.18894306825177,NORMAL,NORMAL
0.6767809212936949,912,2750,59453,80,1,3,2,0,0,143.50008942657405,NORMAL,NORMAL
4.895045293415827,552,402,64947,3389,1,3,4,2,0,306.1374715192908,SUSPICIOUS,SUSPICIOUS_LOGIN
1.6694309089114774,834,3145,58119,443,1,4,1,0,0,223.20065144460597,NORMAL,NORMAL
1.2397757334380608,999,5219,64369,80,1,1,1,0,0,159.84063856704134,NORMAL,NORMAL
0.7439664512495535,497,5133,55205,53,2,2,2,0,0,177.83117050108953,NORMAL,NORMAL
1.6569293485724736,842,8908,55639,443,1,2,1,0,0,142.5416022793523,NORMAL,NORMAL
4.01475492355236,709,2496,55149,3306,1,3,4,0,0,180.62262719590944,NORMAL,NORMAL
2.1852350550016832,740,4991,55813,443,1,2,3,0,0,189.40928408137668,NORMAL,NORMAL
2.2802737314646135,4341,325,51061,443,1,13,22,0,0,1650.3103099586347,MALICIOUS,WEB_ATTACK
2.216875479497374,276,6277,50492,3306,2,1,1,0,0,139.87681116481272,NORMAL,NORMAL
0.3925036084901182,202,87,56161,22,1,45,44,24,0,191.97081549560968,MALICIOUS,BRUTE_FORCE
0.8152893335013123,1842,6667,49545,443,1,1,3,0,0,167.9217914902726,NORMAL,NORMAL
0.49478524295449033,851,2323,58858,443,2,1,0,0,0,189.68718836921107,NORMAL,NORMAL
0.13499441042671975,153,128,52121,22,1,30,41,21,0,209.54614060343923,MALICIOUS,BRUTE_FORCE
1.855345522749566,4850,484,49747,443,1,20,14,0,0,2168.9456536449834,MALICIOUS,WEB_ATTACK
0.7714528301984237,86,138,51551,3389,1,31,32,23,0,207.34417819697705,MALICIOUS,BRUTE_FORCE
3.5394997372324113,125,5228,57786,443,2,0,2,0,0,137.5983190296819,NORMAL,NORMAL
0.49837112285108665,737,2475,49960,80,1,1,1,0,0,180.338245708114,NORMAL,NORMAL
4.889993758752238,400,4543,52874,443,1,6,0,0,0,112.89786676753087,NORMAL,NORMAL
1.447274052805408,3264,520,49830,443,1,20,12,0,0,1236.6156682804394,MALICIOUS,WEB_ATTACK
1.551382151743684,1393,4348,64279,8080,1,2,2,0,0,134.62420541117342,NORMAL,NORMAL
38.88062444717917,10326474,7841,56881,9001,2,1,1,0,0,489171.22061052633,MALICIOUS,DATA_EXFILTRATION
2.938765874488639,1410,6046,54673,80,2,2,2,0,0,179.22873727727765,NORMAL,NORMAL
3.0174822429623345,323,7574,64568,53,1,1,3,0,0,249.95469544663146,NORMAL,NORMAL
1.0999075826186364,306,3569,65026,53,1,2,1,0,0,217.57851591994964,NORMAL,NORMAL
0.2519314588267561,346,2024,52518,53,1,2,2,0,0,182.75456262340424,NORMAL,NORMAL
0.023335960603059508,67,0,62813,815,1,60,2,0,0,841.4476051618713,MALICIOUS,PORT_SCAN
0.19057686718238487,664,4868,61743,3306,1,2,1,0,0,147.6953719547597,NORMAL,NORMAL
0.05264779425789824,914,2710,62233,80,1,3,2,0,0,185.40946454599913,NORMAL,NORMAL
4.0684605555620825,1660,4656,56435,80,1,2,3,0,0,178.87999367123305,NORMAL,NORMAL
1.6190855245451976,673,11299,52299,443,1,0,1,0,0,191.29861042204587,NORMAL,NORMAL
0.14734377596052817,274,6772,58621,80,1,3,4,0,0,127.71719225510726,NORMAL,NORMAL
2.025149425984892,314,5647,61673,80,1,2,1,0,0,128.6052953161861,NORMAL,NORMAL
3.1585406903682434,282,7149,51784,8080,1,0,1,0,0,176.00503907394216,NORMAL,NORMAL
0.768209033674361,218,66,52335,445,1,23,40,10,0,141.00185121940598,MALICIOUS,BRUTE_FORCE
1.7498830728712182,3407,357,58123,80,1,19,8,0,0,740.3907797476804,MALICIOUS,WEB_ATTACK
1.3376898644131128,2466,414,52978,443,1,21,15,0,0,2337.1933940421195,MALICIOUS,WEB_ATTACK
1.9414079458319602,104,5380,54345,53,1,1,2,0,0,225.0800897358177,NORMAL,NORMAL
2.212642946751407,736,4791,64045,443,1,1,4,0,0,94.7192972523025,NORMAL,NORMAL
0.5614552110464368,243,7640,65416,443,2,4,3,0,0,204.47043653360893,NORMAL,NORMAL
1.1728975462135638,1122,4008,65461,80,1,4,1,0,0,119.61524635806761,NORMAL,NORMAL
2.9513741600438674,600,7219,64248,80,1,2,2,0,0,202.7443131271218,NORMAL,NORMAL
0.7908633447222349,290,4153,62184,443,1,1,2,0,0,124.56658137182143,NORMAL,NORMAL
1.3035570016737386,418,10978,57498,443,2,0,1,0,0,197.59564215499964,NORMAL,NORMAL
0.43248931329418117,285,2711,59860,80,2,0,3,0,0,125.53465053221764,NORMAL,NORMAL
0.8152083099513607,482,2865,59807,53,2,5,0,0,0,160.6513492179452,NORMAL,NORMAL
0.8208288962742298,309,2262,49270,53,1,2,1,0,0,142.89965898043235,NORMAL,NORMAL
1.0285424601669588,1367,6911,58513,443,1,2,1,0,0,75.0019040450328,NORMAL,NORMAL
0.3028764719694261,316,6606,57415,443,1,3,4,0,0,155.41609929934447,NORMAL,NORMAL
0.7520138119572635,404,7369,57001,80,1,2,2,0,0,191.29651885338393,NORMAL,NORMAL
0.29405941447203376,931,5147,57790,8080,1,2,4,0,0,143.5820377275871,NORMAL,NORMAL
2.0337274451210954,659,1166,55353,443,1,3,2,2,1,231.40319170184125,SUSPICIOUS,SUSPICIOUS_LOGIN
0.9148424617063853,732,5589,52103,8080,2,6,1,0,0,178.4278733595521,NORMAL,NORMAL
1.6046440095719008,4241,774,50702,443,1,23,9,0,0,2677.6760182586263,MALICIOUS,WEB_ATTACK
0.3416171551411659,283,4604,65407,80,1,1,5,0,0,239.1919403816725,NORMAL,NORMAL
1.67318369530317,860,5124,59498,443,1,3,2,0,0,179.69776954587826,NORMAL,NORMAL
82.84124359908587,8793731,3373,60390,53,1,2,1,0,0,140868.44638821814,MALICIOUS,DATA_EXFILTRATION
3.2505161448654247,309,3633,59399,443,1,3,0,0,0,126.18416508558104,NORMAL,NORMAL
2.3313227785358444,268,412,53418,445,1,3,6,0,1,244.0027625956472,MALICIOUS,PRIVILEGE_ESCALATION
0.5600712525408507,139,89,64235,3389,1,52,38,10,0,238.81854723469115,MALICIOUS,BRUTE_FORCE
3.4529108982970955,556,5034,51724,443,1,0,4,0,0,161.41976813145374,NORMAL,NORMAL
0.8629286161141425,4313,249,58125,80,1,20,8,0,0,979.4230769826859,MALICIOUS,WEB_ATTACK
7.479819329177765,643,3197,59763,5432,1,4,3,0,0,226.35975400929541,NORMAL,NORMAL
1.4336364828265284,4084,281,49416,80,1,14,22,0,0,1070.9999634832016,MALICIOUS,WEB_ATTACK
0.5968625501781807,168,66,64720,22,1,26,37,22,0,166.2798251849634,MALICIOUS,BRUTE_FORCE
1.6053941838443502,3438,520,62823,443,1,11,20,0,0,1394.6745034867035,MALICIOUS,WEB_ATTACK
0.2170185014009648,62,114,56732,22,1,32,39,6,0,170.49586342572417,MALICIOUS,BRUTE_FORCE
2.263132335031295,407,382,62485,445,1,6,4,0,1,341.2452328358785,MALICIOUS,PRIVILEGE_ESCALATION
1.3429300491511413,328,4755,62209,53,1,3,0,0,0,233.90780756021306,NORMAL,NORMAL
0.4706100318169699,202,103,54942,22,1,58,45,19,0,141.31590680923964,MALICIOUS,BRUTE_FORCE
0.019438887723544872,45,0,42949,291,1,32,1,0,0,513.3436621758448,MALICIOUS,PORT_SCAN
0.567772752996072,208,143,49640,3389,1,51,58,24,0,121.42254794917457,MALICIOUS,BRUTE_FORCE
1.498319553445575,361,3156,57169,443,1,2,0,0,0,116.57550968023308,NORMAL,NORMAL
0.0696557717285786,65,0,60157,350,1,84,1,0,0,948.0108806554676,MALICIOUS,PORT_SCAN
3.3205435973388315,330,9127,49257,80,1,6,3,0,0,218.04049642146896,NORMAL,NORMAL
0.12521836018974178,228,8403,57807,80,2,2,3,0,0,232.30864321206332,NORMAL,NORMAL
2.1804994193837026,203,8513,53931,443,2,2,3,0,0,52.87667691755837,NORMAL,NORMAL
0.9070607447229135,350,1847,59385,5432,2,0,5,0,0,137.2953234649868,NORMAL,NORMAL
0.7898470031754978,219,87,65189,3389,1,20,20,21,0,232.09679616015092,MALICIOUS,BRUTE_FORCE
1.0454038412852997,260,2842,55715,443,1,0,2,0,0,130.3692070398784,NORMAL,NORMAL
2.3619206178192904,56,7468,65055,3306,1,0,0,0,0,167.08800334073223,NORMAL,NORMAL
1.8453929251538934,971,4306,62996,8080,1,1,1,0,0,131.74010806126552,NORMAL,NORMAL
1.0165492194472565,1180,7183,55296,443,1,3,2,0,0,55.252351725913655,NORMAL,NORMAL
1.7639219094034413,468,3497,49413,80,1,0,2,0,0,153.2637472028299,NORMAL,NORMAL
1.363425319143011,485,536,52580,3389,1,5,4,2,0,315.106573076528,SUSPICIOUS,SUSPICIOUS_LOGIN
0.32489681833834183,963,3969,64606,3306,2,3,1,0,0,113.0641254402984,NORMAL,NORMAL
0.2224131290817103,399,9050,56219,80,1,2,1,0,0,226.96151375354995,NORMAL,NORMAL
0.6127070247005175,125,99,63758,22,1,18,38,23,0,148.89741960900855,MALICIOUS,BRUTE_FORCE
0.050106959136934096,61,0,64873,606,2,49,2,0,0,686.0649048357975,MALICIOUS,PORT_SCAN
0.6928643050357082,1965,229,60793,443,1,20,22,0,0,1992.1061729490452,MALICIOUS,WEB_ATTACK
1.4929678791620624,658,4665,53559,80,2,4,0,0,0,153.8778776564092,NORMAL,NORMAL
1.8512501188964992,356,2156,59172,443,2,1,4,0,0,117.29986800423133,NORMAL,NORMAL
1.664967252672291,1220,3349,63039,443,1,2,2,0,0,134.39470591553274,NORMAL,NORMAL
2.7348844036696933,581,4287,56950,80,1,4,1,0,0,193.9068842272107,NORMAL,NORMAL
38.85110930629941,8482501,5133,65044,53,1,3,1,0,0,347225.0345463897,MALICIOUS,DATA_EXFILTRATION
0.3328290967110217,151,121,63938,22,1,18,15,7,0,167.5619339240477,MALICIOUS,BRUTE_FORCE
0.16226203798988176,162,5461,57551,443,1,2,3,0,0,121.33164684331915,NORMAL,NORMAL
92.52869373660674,2726683,6083,61734,443,1,1,1,0,0,447264.1667196255,MALICIOUS,DATA_EXFILTRATION
0.018273570014693957,138,2523,54662,53,1,3,1,0,0,187.9403281486668,NORMAL,NORMAL
0.36331126927655333,157,138,58805,445,1,38,48,6,0,205.12256816232207,MALICIOUS,BRUTE_FORCE
0.7520958164802387,186,100,59184,22,1,26,31,9,0,224.43029317306176,MALICIOUS,BRUTE_FORCE
0.054154444287616704,562,7578,52175,443,1,2,1,0,0,150.8187272003482,NORMAL,NORMAL
0.07076048203925736,60,0,47315,46,1,60,1,0,0,706.344864078652,MALICIOUS,PORT_SCAN
1.079530127023237,810,3114,55151,443,1,1,2,0,0,120.41724479682071,NORMAL,NORMAL
0.10635571434517317,156,112,62134,22,1,17,44,22,0,212.43075516960386,MALICIOUS,BRUTE_FORCE
2.822314376236491,818,4750,53454,53,2,3,1,0,0,186.0797381100055,NORMAL,NORMAL
1.2989451425626832,392,3352,52717,443,1,4,1,0,0,141.11829725471515,NORMAL,NORMAL
0.06347562397990061,54,0,45845,589,1,67,1,0,0,566.4451778038231,MALICIOUS,PORT_SCAN
1.8613654336187908,413,1877,57213,80,1,2,0,0,0,184.47181847332,NORMAL,NORMAL
1.0942674915338753,5829,256,52396,443,1,15,18,0,0,2780.9347893741397,MALICIOUS,WEB_ATTACK
0.674375317090089,106,82,57736,22,1,33,30,7,0,206.9728576895307,MALICIOUS,BRUTE_FORCE
0.42334327386734294,338,4651,57738,3306,1,5,6,0,0,134.200281856688,NORMAL,NORMAL
3.36556304594143,670,702,49863,443,1,4,5,2,0,144.4235863902342,SUSPICIOUS,SUSPICIOUS_LOGIN
2.2083183989856847,3507,470,61851,8080,1,21,23,0,0,1873.7538608131372,MALICIOUS,WEB_ATTACK
1.0508892849996494,362,3603,62289,5432,1,4,2,0,0,158.50679824680617,NORMAL,NORMAL
0.051677912277871316,62,0,45426,65,1,57,2,0,0,1015.8669991686032,MALICIOUS,PORT_SCAN
2.13660032641518,667,3946,54714,80,1,4,1,0,0,128.92795338228854,NORMAL,NORMAL
2.4349079805502405,3463,433,65433,8080,1,18,12,0,0,1588.105991793072,MALICIOUS,WEB_ATTACK
0.285322024713938,367,4264,51028,80,1,0,1,0,0,147.15185278921138,NORMAL,NORMAL
0.26908602144171445,423,3359,54381,80,1,4,3,0,0,169.6970848923145,NORMAL,NORMAL
4.126871401734548,558,622,55602,22,1,3,4,1,0,107.66313874317059,SUSPICIOUS,SUSPICIOUS_LOGIN
2.15345670111705,243,419,54775,22,1,4,6,0,1,154.9833845519904,MALICIOUS,PRIVILEGE_ESCALATION
0.01307866565214533,125,5729,61669,443,1,3,3,0,0,106.65092597242996,NORMAL,NORMAL
0.8360419805716025,108,3371,56471,443,1,0,4,0,0,102.90566448797227,NORMAL,NORMAL
0.17365652940578563,524,3307,50896,5432,1,1,1,0,0,158.97747675582752,NORMAL,NORMAL
1.1013752211509935,89,4006,64459,443,2,2,0,0,0,116.22686204841983,NORMAL,NORMAL
2.3432608360542924,1295,4509,63819,3306,1,2,3,0,0,94.02507815417995,NORMAL,NORMAL
0.858179630116509,413,6420,55788,80,1,1,4,0,0,202.22507046272037,NORMAL,NORMAL
0.6474674643389158,571,5063,55187,80,1,2,1,0,0,130.55703887704726,NORMAL,NORMAL
0.8744131555644965,461,8993,57569,443,1,4,5,0,0,120.03426941225595,NORMAL,NORMAL
1.1980123549312618,1206,222,58783,443,1,12,20,0,0,1698.6232301430407,MALICIOUS,WEB_ATTACK
2.317682927392616,6424,784,60873,80,1,11,8,0,0,1677.0911016490836,MALICIOUS,WEB_ATTACK
0.7195813608494923,4984,502,49848,80,1,12,9,0,0,1182.9729284753494,MALICIOUS,WEB_ATTACK
1.9259160347424098,870,2482,58525,53,1,1,1,0,0,149.90876260963478,NORMAL,NORMAL
3.719387853703001,592,5557,51912,53,1,2,1,0,0,120.57669941908914,NORMAL,NORMAL
1.1210967209381544,370,4886,60300,443,1,2,2,0,0,97.55115959299539,NORMAL,NORMAL
0.3466480620922302,481,3932,64314,443,1,1,5,0,0,122.14155640853247,NORMAL,NORMAL
4.20018490146135,714,5575,57186,80,1,2,0,0,0,138.38988976640164,NORMAL,NORMAL
0.10033486755356202,560,4103,53984,443,1,2,5,0,0,198.0022385850977,NORMAL,NORMAL
1.7099862829460475,4270,616,49836,8080,1,10,19,0,0,1357.4928184159717,MALICIOUS,WEB_ATTACK
0.2173300761366128,2567,808,61947,80,1,23,19,0,0,1636.8617212049287,MALICIOUS,WEB_ATTACK
0.06624859045482306,68,0,52797,108,1,57,2,0,0,719.8830538905424,MALICIOUS,PORT_SCAN
1.0090406466341684,1081,5378,63118,53,1,2,0,0,0,127.02235971635986,NORMAL,NORMAL
2.113925566483725,227,2319,63052,80,1,0,0,0,0,127.83676814639097,NORMAL,NORMAL
1.3090225936424456,1120,1745,53951,443,1,3,3,0,0,177.13197644768164,NORMAL,NORMAL
0.4538612543200224,605,6527,54570,53,1,3,2,0,0,136.0541963633147,NORMAL,NORMAL
3.00984430274951,268,1186,54381,22,1,2,4,1,0,288.10586345562126,SUSPICIOUS,SUSPICIOUS_LOGIN
0.04967186123142339,60,0,55529,146,1,93,1,0,0,587.798466014549,MALICIOUS,PORT_SCAN
0.28863559455801957,2833,785,57421,443,1,9,20,0,0,1873.2806184301946,MALICIOUS,WEB_ATTACK
0.2993326309080857,218,42,63715,22,1,30,53,6,0,220.92848824165625,MALICIOUS,BRUTE_FORCE
0.7067838162983638,1048,3087,61068,443,1,4,2,0,0,142.05427138528864,NORMAL,NORMAL
2.367692740635805,232,10906,64117,443,2,1,5,0,0,162.40566693532912,NORMAL,NORMAL
1.1308015054432696,5402,545,58053,443,1,21,13,0,0,1780.485172163212,MALICIOUS,WEB_ATTACK
0.05040568604630859,50,0,62432,694,1,97,2,0,0,1157.2037758578442,MALICIOUS,PORT_SCAN
0.5895043651756251,62,52,61721,22,1,22,26,12,0,230.63771398212646,MALICIOUS,BRUTE_FORCE
7.498001801965595,52,10436,49164,53,1,0,3,0,0,159.681282584248,NORMAL,NORMAL
0.2560092248328474,775,1706,55991,443,1,4,2,0,0,105.93223789771676,NORMAL,NORMAL
0.23780495175008234,733,5679,64834,443,2,1,0,0,0,200.90280651714278,NORMAL,NORMAL
2.776846814201854,317,487,55398,445,1,5,5,0,1,273.45905577448264,MALICIOUS,PRIVILEGE_ESCALATION
0.011939186813060403,48,0,57730,91,1,64,1,0,0,928.3075994553553,MALICIOUS,PORT_SCAN
1.9328741485103134,98,5825,61792,443,1,1,4,0,0,96.18526191058005,NORMAL,NORMAL
0.022643997482053695,60,0,43009,996,1,104,1,0,0,904.6545955529631,MALICIOUS,PORT_SCAN
3.370275155157443,574,1428,52644,443,1,5,4,3,0,163.97600043769154,SUSPICIOUS,SUSPICIOUS_LOGIN
0.10504616592502786,323,3929,52094,443,1,0,2,0,0,160.75112452882414,NORMAL,NORMAL
0.7186539929687497,1925,2348,64268,3306,1,3,2,0,0,149.14943791951413,NORMAL,NORMAL
0.3237888620780348,75,92,59753,22,1,53,16,14,0,106.88780323134172,MALICIOUS,BRUTE_FORCE
1.2702415097467525,452,7997,49439,443,1,3,2,0,0,181.18061834743472,NORMAL,NORMAL
1.5916531655118118,2114,2673,63178,3306,1,1,2,0,0,64.00415213259485,NORMAL,NORMAL
2.7376538918487254,378,194,54370,22,1,7,7,0,1,368.28227153065814,MALICIOUS,PRIVILEGE_ESCALATION
0.2546176186187003,101,5901,61304,443,1,1,2,0,0,160.67304684321547,NORMAL,NORMAL
0.05372134054199401,61,0,58649,542,1,62,2,0,0,528.5232343353451,MALICIOUS,PORT_SCAN
0.6058605468740761,552,3134,56203,443,1,2,3,0,0,167.4751508576533,NORMAL,NORMAL
0.5205735802563156,446,309,60707,445,1,6,3,1,1,298.79829687980185,MALICIOUS,PRIVILEGE_ESCALATION
1.9507845778126536,6404,685,60952,443,1,14,24,0,0,1352.8290263452027,MALICIOUS,WEB_ATTACK
0.030251157347537763,52,0,58003,817,1,84,2,0,0,928.5001165910319,MALICIOUS,PORT_SCAN
0.5014220824625183,596,7068,63947,3306,1,3,1,0,0,155.4591929515257,NORMAL,NORMAL
0.23810558360083878,242,7093,54403,8080,1,1,2,0,0,197.7863964049947,NORMAL,NORMAL
0.07321973252564154,562,4436,51833,443,1,2,3,0,0,162.2738495714741,NORMAL,NORMAL
0.7227854398325462,1100,8296,61145,53,1,3,2,0,0,55.40578508833951,NORMAL,NORMAL
1.4219441101698904,521,1535,57200,443,1,1,2,0,0,168.12664450046702,NORMAL,NORMAL
0.42527986546277297,6279,849,52384,443,1,10,8,0,0,965.7495042905701,MALICIOUS,WEB_ATTACK
1.9563260697524192,1141,1675,63116,443,1,2,2,0,0,169.70248711435013,NORMAL,NORMAL
1.6342917597182776,1442,2205,58456,443,1,1,2,0,0,80.10204215064148,NORMAL,NORMAL
1.9148640335618188,6264,652,51129,443,1,18,17,0,0,1667.3187845796258,MALICIOUS,WEB_ATTACK
1.2797658254550812,2500,618,60957,443,1,19,14,0,0,2612.600533251585,MALICIOUS,WEB_ATTACK
0.006559224737619619,951,7011,57195,80,1,2,2,0,0,199.44522887224872,NORMAL,NORMAL
70.29259975341895,5412236,3171,62768,9001,1,2,1,0,0,189611.1674781439,MALICIOUS,DATA_EXFILTRATION
1.3379999129261289,292,151,52091,22,1,5,5,0,1,164.5889375344804,MALICIOUS,PRIVILEGE_ESCALATION
5.565083868277315,125,5501,63906,5432,1,4,4,0,0,142.0748231885104,NORMAL,NORMAL
0.6161669407209472,87,101,62862,22,1,48,43,22,0,82.62437297060754,MALICIOUS,BRUTE_FORCE
4.769250209898187,274,953,54571,443,1,5,5,2,0,333.4856176697191,SUSPICIOUS,SUSPICIOUS_LOGIN
2.324766213596952,1492,3751,54181,53,1,4,5,0,0,148.30696361428056,NORMAL,NORMAL
0.6464133952765531,741,7528,52119,80,2,1,2,0,0,152.9636160606979,NORMAL,NORMAL
1.221103618815233,256,8678,58886,80,1,3,3,0,0,67.9591004589561,NORMAL,NORMAL
1.0002505074264898,1453,2527,51019,443,1,1,4,0,0,139.1883072950202,NORMAL,NORMAL
0.06444846162112734,46,0,52403,107,1,61,2,0,0,668.8588681173344,MALICIOUS,PORT_SCAN
0.9647441374855987,288,7061,61422,5432,1,0,4,0,0,134.5228221360021,NORMAL,NORMAL
0.6274320276858425,330,3838,51825,443,1,4,1,0,0,75.11378252504316,NORMAL,NORMAL
2.3271812511477217,1834,1523,54143,443,1,0,2,0,0,151.59173806562023,NORMAL,NORMAL
1.1703992208192076,1067,12335,59813,443,2,4,1,0,0,148.29838846296872,NORMAL,NORMAL
1.7452536967250003,1910,864,54945,443,1,17,24,0,0,1471.5911527039223,MALICIOUS,WEB_ATTACK
1.4823129295778312,504,2224,63228,443,1,2,0,0,0,183.0724816122766,NORMAL,NORMAL
0.4916511767385714,68,2817,53170,443,2,0,2,0,0,167.31378215401108,NORMAL,NORMAL
5.122268022427636,371,3802,61180,443,1,1,3,0,0,163.20126215733185,NORMAL,NORMAL
0.7266860578054133,835,1338,64782,443,1,4,2,0,0,181.8727081174072,NORMAL,NORMAL
0.7739881639722123,117,89,54605,22,1,54,55,22,0,102.4420870433197,MALICIOUS,BRUTE_FORCE
0.9205080181780323,1027,2584,56628,443,1,2,1,0,0,137.57174405085922,NORMAL,NORMAL
3.4419190286292474,686,1315,62474,22,1,5,4,2,0,215.5573807183061,SUSPICIOUS,SUSPICIOUS_LOGIN
1.4386146636306685,790,5732,51265,53,2,0,2,0,0,232.2166296258053,NORMAL,NORMAL
1.5845523340098944,119,1780,50184,443,2,4,3,0,0,209.12671808926228,NORMAL,NORMAL
0.04730970028047457,55,0,63089,179,1,48,1,0,0,700.1441178145667,MALICIOUS,PORT_SCAN
0.5352098057389769,238,6363,64685,5432,1,1,2,0,0,168.41406975199052,NORMAL,NORMAL
0.10112246475279105,667,4198,63887,443,1,0,1,0,0,214.41171921931482,NORMAL,NORMAL
65.86362183227098,6280247,1020,65522,53,2,3,1,0,0,213813.76790490845,MALICIOUS,DATA_EXFILTRATION
0.05902986785508385,49,0,48038,610,2,82,2,0,0,983.9742675791183,MALICIOUS,PORT_SCAN
3.339253803550604,1235,5013,52342,443,1,4,2,0,0,150.17363460198092,NORMAL,NORMAL
0.8532132165432345,583,8207,49666,5432,1,2,3,0,0,159.8810657442045,NORMAL,NORMAL
0.6835148732550447,2197,531,54200,443,1,15,21,0,0,2285.535544653567,MALICIOUS,WEB_ATTACK
0.5592860116983469,268,6595,60214,443,1,0,7,0,0,71.6244530423325,NORMAL,NORMAL
0.36112469886069176,641,4827,59004,443,1,3,2,0,0,111.75457188165842,NORMAL,NORMAL
0.3185636049365633,33,5330,56514,443,1,5,1,0,0,123.32766668191411,NORMAL,NORMAL
1.5652105707549064,398,2314,49330,80,1,1,3,0,0,165.21207209779314,NORMAL,NORMAL
3.8381768495849213,1129,13540,52696,443,2,1,2,0,0,100.51540487208067,NORMAL,NORMAL
0.989162577528074,439,5157,55938,80,1,4,2,0,0,136.59848431926594,NORMAL,NORMAL
1.1560686988773492,400,3750,50669,53,1,1,1,0,0,182.19355364685936,NORMAL,NORMAL
2.1598602070075428,616,8696,62091,443,1,0,4,0,0,146.76295953262868,NORMAL,NORMAL
2.431672215973247,298,497,53803,445,1,3,7,1,1,298.850020548797,MALICIOUS,PRIVILEGE_ESCALATION
0.08554296876752236,1203,6026,58185,80,2,1,2,0,0,245.66219283965836,NORMAL,NORMAL
1.2781126168901995,202,6089,63144,443,1,5,1,0,0,179.02555246203872,NORMAL,NORMAL
1.6916253930718268,826,3061,63449,443,1,1,1,0,0,164.1944657861999,NORMAL,NORMAL
69.92914912682949,12738020,5164,64047,443,1,3,1,0,0,313106.4998398184,MALICIOUS,DATA_EXFILTRATION
2.181547727051775,780,13394,65315,443,1,2,3,0,0,158.7201880873238,NORMAL,NORMAL
1.1586003404337686,278,2438,61590,443,1,1,2,0,0,200.30088333552794,NORMAL,NORMAL
0.18510008862261826,489,6752,54695,443,1,1,4,0,0,83.88839650539,NORMAL,NORMAL
1.3081283903230059,519,688,56400,3389,1,5,5,3,1,199.36122140873113,SUSPICIOUS,SUSPICIOUS_LOGIN
0.43944447163464306,709,1647,51505,443,2,2,1,0,0,168.18938230153532,NORMAL,NORMAL
4.256186174617181,234,4371,52915,3306,1,1,1,0,0,152.61939437828846,NORMAL,NORMAL
1.4339225411452245,129,9594,58111,8080,1,1,0,0,0,105.67550166964523,NORMAL,NORMAL
2.01274135207221,3621,235,52163,8080,1,23,21,0,0,1787.725420399425,MALICIOUS,WEB_ATTACK
0.7998946103132982,724,4253,64908,443,1,1,3,0,0,101.4903754050078,NORMAL,NORMAL
0.5275574399851435,463,2059,56967,5432,1,3,1,0,0,65.87226469411307,NORMAL,NORMAL
2.3132764805953605,5142,323,56387,443,1,11,11,0,0,1514.8174398461888,MALICIOUS,WEB_ATTACK
2.595291295306533,573,6025,51037,53,1,8,1,0,0,150.79981944825678,NORMAL,NORMAL
3.994035429243668,1730,3412,54429,443,1,3,5,0,0,168.06815813583768,NORMAL,NORMAL
0.7683530145638725,302,3188,53146,443,1,0,2,0,0,163.37308218214014,NORMAL,NORMAL
0.40714356763132026,1282,3812,59221,443,1,0,2,0,0,131.63408310621878,NORMAL,NORMAL
0.27977225723941906,731,4429,50909,80,1,3,5,0,0,130.55903920552785,NORMAL,NORMAL
1.7162796399524312,451,1686,57290,443,1,2,5,0,0,102.7678767341153,NORMAL,NORMAL
2.0854021967394942,3513,440,63411,443,1,21,22,0,0,2329.753028408163,MALICIOUS,WEB_ATTACK
0.6134517489419928,204,75,54413,22,1,18,20,22,0,207.9531826109437,MALICIOUS,BRUTE_FORCE
0.6876624037716944,150,41,62227,3389,1,31,51,13,0,129.31932707655852,MALICIOUS,BRUTE_FORCE
1.0749605074314919,286,437,54604,22,1,6,7,0,1,368.29277901394926,MALICIOUS,PRIVILEGE_ESCALATION
0.6221757635668617,107,134,61144,22,1,42,30,8,0,180.8962568036984,MALICIOUS,BRUTE_FORCE
1.2927425440133506,589,6368,49428,80,1,2,4,0,0,226.13252325696988,NORMAL,NORMAL
0.5401549502854534,482,3077,50361,443,1,0,3,0,0,169.210420056237,NORMAL,NORMAL
3.8175826389528127,485,3868,58701,443,1,2,2,0,0,125.26017259782637,NORMAL,NORMAL
0.03258550311059844,55,0,56170,69,1,70,1,0,0,813.5045926114146,MALICIOUS,PORT_SCAN
0.04016069256863319,48,0,55851,51,1,62,2,0,0,821.745719797147,MALICIOUS,PORT_SCAN
1.2271251118145563,1625,3784,63702,443,2,0,3,0,0,154.93676534003845,NORMAL,NORMAL
1.059500613268181,991,2272,49721,53,1,1,1,0,0,108.61845476606851,NORMAL,NORMAL
4.451689985053831,153,2042,51886,443,1,4,0,0,0,89.49617996644736,NORMAL,NORMAL
0.07729741714460152,54,0,52416,58,1,104,1,0,0,759.4684800452584,MALICIOUS,PORT_SCAN
0.9960556891141124,116,5996,54592,53,1,3,2,0,0,107.00142874316815,NORMAL,NORMAL
0.27095213671074214,146,2791,60559,443,1,3,3,0,0,126.27712083943067,NORMAL,NORMAL
1.8404517279689991,6428,546,56150,443,1,9,19,0,0,1616.3860032698026,MALICIOUS,WEB_ATTACK
0.12343874717829582,112,2537,64202,80,1,2,0,0,0,170.00192965782884,NORMAL,NORMAL
1.0520723763709134,458,1395,56954,8080,1,4,3,0,0,156.70536361091962,NORMAL,NORMAL
0.1639740628953854,217,2685,63866,443,1,3,2,0,0,171.63473780847664,NORMAL,NORMAL
0.9989024170294101,1235,3370,51387,80,1,1,1,0,0,214.0665383067674,NORMAL,NORMAL
1.5142917038312238,711,3140,62071,443,1,3,4,0,0,174.6758111264444,NORMAL,NORMAL
0.2744910169030765,180,7958,57866,443,1,1,3,0,0,144.5438913542384,NORMAL,NORMAL
0.02364430132941955,65,0,54910,143,1,102,1,0,0,677.3271303040307,MALICIOUS,PORT_SCAN
0.06977680985488963,850,6216,52587,443,1,0,3,0,0,104.91610192612164,NORMAL,NORMAL
0.5712640782466688,191,53,54748,22,1,36,56,9,0,214.20684016887296,MALICIOUS,BRUTE_FORCE
0.5590597965239391,160,69,55867,22,1,39,16,19,0,173.4711341268243,MALICIOUS,BRUTE_FORCE
1.1183692570694588,631,10034,49678,80,1,1,3,0,0,203.90712342050494,NORMAL,NORMAL
1.7766031678602139,660,4731,62259,80,1,0,2,0,0,157.67712473894247,NORMAL,NORMAL
2.476616648430377,5101,518,61918,443,1,19,12,0,0,2588.224652688605,MALICIOUS,WEB_ATTACK
1.9403893528048002,459,6979,61166,443,2,1,4,0,0,144.5898269842523,NORMAL,NORMAL
0.6674440740562657,63,130,59741,22,1,59,41,10,0,229.39987296485958,MALICIOUS,BRUTE_FORCE
0.8561509658888571,173,390,54245,445,1,3,3,0,1,315.3069575570373,MALICIOUS,PRIVILEGE_ESCALATION
2.635912747115581,460,802,56690,3389,1,5,3,2,1,320.77902089288324,SUSPICIOUS,SUSPICIOUS_LOGIN
0.6966963611984328,198,112,64897,22,1,59,22,14,0,106.18655687232803,MALICIOUS,BRUTE_FORCE
0.5686960097169457,109,90,51063,22,1,28,47,6,0,162.0513826082871,MALICIOUS,BRUTE_FORCE
0.04898698939953203,68,0,62891,288,1,54,1,0,0,670.7705562835467,MALICIOUS,PORT_SCAN
0.02931801024877439,68,0,51355,797,2,42,1,0,0,503.093516229251,MALICIOUS,PORT_SCAN
0.22536752989729933,625,3399,56333,80,2,1,4,0,0,145.26448650623087,NORMAL,NORMAL
0.07769608789697764,42,0,50339,203,1,47,1,0,0,581.7352278774404,MALICIOUS,PORT_SCAN
1.9782322380191522,3585,809,58894,80,1,15,19,0,0,1497.109498865214,MALICIOUS,WEB_ATTACK
1.363725001096802,453,2601,61165,443,2,4,2,0,0,147.10283721430866,NORMAL,NORMAL
0.07727802895644184,57,0,50379,82,1,79,1,0,0,546.0832237092917,MALICIOUS,PORT_SCAN
0.5048078011287594,78,92,63321,3389,1,16,15,20,0,170.09668816364623,MALICIOUS,BRUTE_FORCE
0.6209044376271705,127,51,61592,22,1,48,20,24,0,133.31571102185518,MALICIOUS,BRUTE_FORCE
2.9004875776779766,420,816,59908,3389,1,5,5,3,0,257.80445272938323,SUSPICIOUS,SUSPICIOUS_LOGIN
4.343794450898065,350,954,50540,22,1,3,4,1,0,130.5858039631104,SUSPICIOUS,SUSPICIOUS_LOGIN
2.178276845907389,117,2888,57841,53,1,1,2,0,0,101.05475467388328,NORMAL,NORMAL
2.9663062992402898,634,8967,49508,443,1,1,3,0,0,186.45049132151294,NORMAL,NORMAL
2.8673126996899883,185,876,62532,443,1,1,0,0,0,181.43435550975585,NORMAL,NORMAL
1.153716722363166,513,6413,64897,53,1,3,1,0,0,118.7862658376914,NORMAL,NORMAL
0.5551271635309742,79,6430,57684,8080,1,1,1,0,0,157.1645604547387,NORMAL,NORMAL
0.13219962501692084,76,129,56204,22,1,52,40,22,0,192.04305244342908,MALICIOUS,BRUTE_FORCE
0.37379745983052526,79,141,64899,22,1,26,23,24,0,156.66709885847462,MALICIOUS,BRUTE_FORCE
0.4783270133062167,836,3070,64624,80,1,2,5,0,0,136.13386554279558,NORMAL,NORMAL
0.060136257240340336,909,5928,64304,443,1,1,1,0,0,131.80194189610103,NORMAL,NORMAL
0.5880029705454191,600,7287,60136,80,1,3,1,0,0,86.10698637909066,NORMAL,NORMAL
0.5869990425503354,187,61,62905,22,1,42,50,6,0,96.46384932679372,MALICIOUS,BRUTE_FORCE
0.03196384998121527,55,0,40736,146,1,60,1,0,0,506.59407985937713,MALICIOUS,PORT_SCAN
1.07552956312337,928,3621,52782,443,2,3,2,0,0,205.54439147571745,NORMAL,NORMAL
1.1891690032400015,405,2409,64657,80,1,2,3,0,0,80.52734365823898,NORMAL,NORMAL
1.0344608398220831,323,3582,51032,80,1,6,2,0,0,161.5243270278156,NORMAL,NORMAL
9.18409957045494,552,7311,62958,53,1,2,4,0,0,147.03351948455656,NORMAL,NORMAL
1.2482645536926804,374,4562,58062,443,1,2,2,0,0,36.05891645393575,NORMAL,NORMAL
2.9082948164785654,362,438,49452,445,1,7,7,1,1,170.97205055942382,MALICIOUS,PRIVILEGE_ESCALATION
0.41355053568635003,310,5006,59289,443,1,1,1,0,0,207.34500079283785,NORMAL,NORMAL
2.262900121362042,1044,4879,54505,80,1,1,1,0,0,201.47195410903606,NORMAL,NORMAL
2.4779734269001468,402,4484,58279,443,2,3,3,0,0,190.11640538870355,NORMAL,NORMAL
2.8124471687713273,1026,3241,57243,443,1,2,1,0,0,225.9967837419038,NORMAL,NORMAL
6.265397320845802,364,3734,61507,53,1,1,1,0,0,150.2585674879039,NORMAL,NORMAL
0.07253848418892965,570,5983,59908,80,1,3,1,0,0,115.2649687854024,NORMAL,NORMAL
0.4020996698534619,555,7238,63712,5432,1,3,1,0,0,108.77868539062847,NORMAL,NORMAL
0.059922777215091885,61,0,62203,438,1,90,2,0,0,551.9569168950834,MALICIOUS,PORT_SCAN
2.3964705276584994,333,1423,62508,22,1,3,5,2,0,259.9621865991994,SUSPICIOUS,SUSPICIOUS_LOGIN
0.3494572342491693,2905,5075,64064,443,2,1,4,0,0,92.78081742450112,NORMAL,NORMAL
3.264003154719509,640,3924,55364,80,1,0,6,0,0,103.76927998240915,NORMAL,NORMAL
2.020010727743904,1334,218,62332,80,1,13,20,0,0,2507.3260935724984,MALICIOUS,WEB_ATTACK
0.04689292268562916,40,0,63901,94,1,72,1,0,0,854.3599706753857,MALICIOUS,PORT_SCAN
4.654760694146997,689,501,57720,443,1,3,5,2,0,342.98093965617164,SUSPICIOUS,SUSPICIOUS_LOGIN
0.6733415011721746,105,97,56091,3389,1,45,23,16,0,167.45918848971945,MALICIOUS,BRUTE_FORCE
0.06863924296837903,69,0,55344,444,1,88,1,0,0,967.0171774536475,MALICIOUS,PORT_SCAN
3.488089378533128,588,4697,54787,53,1,3,4,0,0,133.4639454130875,NORMAL,NORMAL
4.311799713429229,427,783,57298,22,1,4,3,1,0,316.8794085171753,SUSPICIOUS,SUSPICIOUS_LOGIN
1.8993403385156018,1430,3998,55232,5432,1,4,0,0,0,198.53516530396436,NORMAL,NORMAL
3.11555762229204,144,7589,50679,80,1,5,2,0,0,216.23645035376856,NORMAL,NORMAL
0.053542995542660184,67,0,44216,337,1,73,1,0,0,878.5482584498168,MALICIOUS,PORT_SCAN
0.3607120634212039,5442,581,59053,443,1,12,19,0,0,1098.4822485403743,MALICIOUS,WEB_ATTACK
4.152705870961288,790,1060,63800,443,1,4,5,1,0,129.83910360722012,SUSPICIOUS,SUSPICIOUS_LOGIN
0.05220411347250515,42,0,43324,929,1,114,2,0,0,1038.6152769886771,MALICIOUS,PORT_SCAN
0.7288379436424746,95,3108,62293,80,2,4,3,0,0,168.05563705424234,NORMAL,NORMAL
0.5600690920953214,67,72,63917,22,1,44,59,14,0,213.81351755095505,MALICIOUS,BRUTE_FORCE
3.656237172350298,775,861,62311,3389,1,4,5,2,1,137.16952872643722,SUSPICIOUS,SUSPICIOUS_LOGIN
0.2541392420209618,63,131,64167,22,1,21,23,8,0,81.21499650576956,MALICIOUS,BRUTE_FORCE
1.4674330158362756,584,1411,53934,22,1,4,3,3,1,274.65635684615825,SUSPICIOUS,SUSPICIOUS_LOGIN
0.7704866777267405,954,5497,55501,80,1,2,1,0,0,189.85403950363138,NORMAL,NORMAL
0.07340572937997972,48,0,54773,1007,1,109,1,0,0,712.0294279317673,MALICIOUS,PORT_SCAN
4.579300855895184,488,1209,54096,443,1,4,5,1,0,281.8805846431153,SUSPICIOUS,SUSPICIOUS_LOGIN
5.740328639610128,372,1577,65332,443,1,2,0,0,0,117.54909071196256,NORMAL,NORMAL
3.265355191288255,278,1272,58428,443,1,5,3,2,0,343.0818058457308,SUSPICIOUS,SUSPICIOUS_LOGIN
2.1839834167425356,296,924,60209,3306,1,2,2,0,0,116.32093883751594,NORMAL,NORMAL
0.3870844311363717,474,2506,61996,443,1,0,1,0,0,143.9618819301358,NORMAL,NORMAL
0.43654766223693325,581,4371,60608,443,1,4,4,0,0,193.19480136968303,NORMAL,NORMAL
1.0282921973560946,609,2691,65502,443,1,1,1,0,0,141.4562703117983,NORMAL,NORMAL
0.2940378542003308,148,5346,63896,80,1,4,2,0,0,213.27020462921493,NORMAL,NORMAL
0.6179616891098952,746,2905,63811,8080,2,0,3,0,0,43.72904019544009,NORMAL,NORMAL
0.3116511023951427,428,8211,59164,80,1,3,2,0,0,229.33243487520485,NORMAL,NORMAL
2.2288782347046183,3154,691,49625,80,1,10,8,0,0,1975.9508746719634,MALICIOUS,WEB_ATTACK
0.05024401772391797,55,0,48448,630,1,98,1,0,0,1122.9021311906795,MALICIOUS,PORT_SCAN
0.7047829550675107,175,130,59411,3389,1,30,16,17,0,206.4253851431759,MALICIOUS,BRUTE_FORCE
0.7699436314550296,98,130,56127,22,1,31,55,14,0,208.99198619609692,MALICIOUS,BRUTE_FORCE
0.0759121357566442,59,0,40452,583,1,39,1,0,0,841.6212146593155,MALICIOUS,PORT_SCAN
0.40005990660026114,146,4688,54075,5432,1,0,2,0,0,127.32200467158334,NORMAL,NORMAL
0.3688383033934892,269,6276,53550,53,1,4,4,0,0,199.21937425433407,NORMAL,NORMAL
0.2193132165041465,970,891,49868,8080,1,0,2,0,0,100.76183159755391,NORMAL,NORMAL
0.4635651897500195,349,1487,59901,80,1,2,3,0,0,149.80152063839847,NORMAL,NORMAL
0.8420798943714995,463,1514,49719,80,1,3,2,0,0,58.97212676288581,NORMAL,NORMAL
1.9459925679381493,977,6309,53190,443,2,1,0,0,0,173.49527433151715,NORMAL,NORMAL
0.11399501357121905,28,2818,51748,80,1,1,2,0,0,128.71518301813543,NORMAL,NORMAL
2.783372293947371,1231,5523,64845,80,1,2,1,0,0,147.845104832522,NORMAL,NORMAL
0.897031596901734,427,1384,49499,80,1,1,1,0,0,141.81292854740195,NORMAL,NORMAL
1.4992893081776255,5220,377,54717,443,1,11,22,0,0,2033.6575950623856,MALICIOUS,WEB_ATTACK
3.600850975593798,662,616,56464,3389,1,3,3,3,1,318.9188957825621,SUSPICIOUS,SUSPICIOUS_LOGIN
0.751901510591757,936,4239,50646,443,2,1,1,0,0,117.10377516957692,NORMAL,NORMAL
0.03452838595971973,41,0,53341,735,1,58,2,0,0,1168.6192232276867,MALICIOUS,PORT_SCAN
1.1250453559899305,110,14459,65155,80,2,2,2,0,0,169.41263986241813,NORMAL,NORMAL
0.9455990691272977,1412,496,59611,443,1,14,14,0,0,2686.249449588797,MALICIOUS,WEB_ATTACK
1.504682515244845,5325,341,54986,80,1,10,13,0,0,1465.3470369337124,MALICIOUS,WEB_ATTACK
90.38885728226327,1539899,6480,49868,8443,1,2,1,0,0,385133.46915474266,MALICIOUS,DATA_EXFILTRATION
1.047311689912782,789,2505,51868,53,1,3,3,0,0,100.78546237605327,NORMAL,NORMAL
0.5403847730348819,763,8400,51596,443,1,2,3,0,0,167.41281521412017,NORMAL,NORMAL
0.02702015300926494,69,0,47103,106,1,95,1,0,0,740.1641316135712,MALICIOUS,PORT_SCAN
0.44747938640933205,460,3298,53064,53,1,0,4,0,0,111.3710934717289,NORMAL,NORMAL
0.6112859332302367,804,3737,56037,80,1,3,1,0,0,160.83297395818735,NORMAL,NORMAL
0.7262374081660687,153,55,59596,22,1,31,41,13,0,243.78926138870057,MALICIOUS,BRUTE_FORCE
1.9930605902992347,1205,480,65342,443,1,18,8,0,0,1199.8544379117652,MALICIOUS,WEB_ATTACK
0.04234525539250666,68,0,52718,861,2,104,2,0,0,1112.0044518934646,MALICIOUS,PORT_SCAN
1.3890495122594924,650,3502,62359,443,1,1,2,0,0,238.57319770226385,NORMAL,NORMAL
2.0642652387991633,3498,883,57324,80,1,15,14,0,0,1570.9910754018201,MALICIOUS,WEB_ATTACK
2.454216543181566,113,10556,50786,5432,1,1,0,0,0,117.62510234624733,NORMAL,NORMAL
1.590927246258965,384,256,51796,445,1,6,7,0,1,342.4960291038892,MALICIOUS,PRIVILEGE_ESCALATION
0.34167512012447065,132,6511,57024,5432,1,1,2,0,0,109.92000727296261,NORMAL,NORMAL
89.03687794617048,13958645,6535,64416,53,1,1,1,0,0,70598.59836527483,MALICIOUS,DATA_EXFILTRATION
2.1297052132219063,169,5237,56439,53,1,4,1,0,0,134.93789395910937,NORMAL,NORMAL
1.3081063333328695,205,1723,51801,443,1,3,1,0,0,195.90990786985253,NORMAL,NORMAL
0.6219832051803861,66,125,53555,22,1,48,53,14,0,143.89130339442275,MALICIOUS,BRUTE_FORCE
3.1628782902402106,556,3502,51294,53,1,0,0,0,0,182.82139315669787,NORMAL,NORMAL
0.22410076684195582,564,6311,53181,80,1,3,0,0,0,88.4916876587999,NORMAL,NORMAL
1.879185555512717,5588,715,50231,443,1,23,13,0,0,2108.3192084600005,MALICIOUS,WEB_ATTACK
0.918218276403979,1106,1340,58028,443,1,3,3,0,0,183.63566281548478,NORMAL,NORMAL
0.3276983384199228,27,3220,52957,443,1,3,1,0,0,217.41148512860264,NORMAL,NORMAL
1.862632968294252,486,4554,53334,80,1,0,0,0,0,68.65784848620035,NORMAL,NORMAL
2.657453327484777,541,999,49322,443,1,2,5,1,1,186.7845324803213,SUSPICIOUS,SUSPICIOUS_LOGIN
0.7084638359461074,1065,3387,50739,443,1,0,0,0,0,115.18568069553778,NORMAL,NORMAL
3.6559332743771042,951,5739,60266,443,1,2,1,0,0,178.44135921046905,NORMAL,NORMAL
0.8452326618540391,832,5628,64242,443,1,4,1,0,0,121.74500304829856,NORMAL,NORMAL
2.8661006642991014,701,446,60144,3389,1,4,5,3,0,182.58263208904498,SUSPICIOUS,SUSPICIOUS_LOGIN
0.25571953460619157,1970,266,58789,443,1,19,23,0,0,835.9604780080656,MALICIOUS,WEB_ATTACK
0.7288471586722004,66,107,64535,3389,1,28,58,21,0,145.34993947030983,MALICIOUS,BRUTE_FORCE
1.8661032181286412,494,9583,61170,53,1,0,1,0,0,172.79605585770568,NORMAL,NORMAL
0.3305189985055753,94,49,56935,3389,1,43,20,23,0,124.2807243037355,MALICIOUS,BRUTE_FORCE
1.2445646740760523,185,2644,50612,80,1,0,2,0,0,147.7148003649801,NORMAL,NORMAL
0.4092423407798453,549,3990,63467,443,1,5,2,0,0,117.33575251441665,NORMAL,NORMAL
0.5156258237110679,214,292,51126,445,1,6,7,1,1,293.46965085917077,MALICIOUS,PRIVILEGE_ESCALATION
2.497363082031628,874,4547,50714,443,1,0,6,0,0,145.78481022091373,NORMAL,NORMAL
0.147579375332687,160,49,55119,22,1,40,15,8,0,190.5143839461865,MALICIOUS,BRUTE_FORCE
23.225656890201,1013274,1753,64859,53,1,3,1,0,0,61823.224760721205,MALICIOUS,DATA_EXFILTRATION
0.01822230381523764,45,0,42090,825,1,104,1,0,0,1032.9419888359512,MALICIOUS,PORT_SCAN
0.4242373260546094,316,1988,62799,443,2,1,2,0,0,178.9654623725799,NORMAL,NORMAL
86.59656772882687,6780644,3497,55203,443,1,3,1,0,0,99756.97287767683,MALICIOUS,DATA_EXFILTRATION
0.3262705301072665,364,6163,58467,80,1,1,5,0,0,184.25839252595145,NORMAL,NORMAL
0.5570907436864556,2276,596,55489,80,1,23,10,0,0,2432.527060123888,MALICIOUS,WEB_ATTACK
0.2912043270493543,161,118,65478,3389,1,22,17,19,0,154.59055441656903,MALICIOUS,BRUTE_FORCE
2.1715281859579187,369,1440,49500,53,1,1,4,0,0,150.5429463753682,NORMAL,NORMAL
1.9012968543334725,164,3326,56273,80,2,0,2,0,0,147.65881710493872,NORMAL,NORMAL
2.8672161538857424,262,295,51843,445,1,3,7,0,1,255.45411720216535,MALICIOUS,PRIVILEGE_ESCALATION
0.05857910764210455,62,0,57144,215,1,79,1,0,0,677.5324509766327,MALICIOUS,PORT_SCAN
0.06167899472147874,51,0,44384,428,2,73,1,0,0,1075.435982708926,MALICIOUS,PORT_SCAN
0.010579762722883261,51,0,56257,871,1,98,1,0,0,984.2922661850985,MALICIOUS,PORT_SCAN
0.6368561110384534,658,1171,60630,443,1,1,2,0,0,134.709910097125,NORMAL,NORMAL
0.30562060713184586,532,3513,52903,443,1,1,2,0,0,210.07811860754384,NORMAL,NORMAL
4.442536941255151,296,5282,54219,443,1,1,0,0,0,195.01083805693423,NORMAL,NORMAL
6.813224637018357,542,3707,54997,80,1,1,3,0,0,156.6602816173912,NORMAL,NORMAL
0.9175363969648691,586,2260,52636,80,1,0,2,0,0,162.5046849387104,NORMAL,NORMAL
0.11372356818402275,96,139,49623,445,1,20,40,5,0,81.42309830204441,MALICIOUS,BRUTE_FORCE
4.361917804101192,617,961,56767,22,1,3,2,2,1,180.8440518548392,SUSPICIOUS,SUSPICIOUS_LOGIN
0.11849566256578316,217,128,58279,3389,1,21,52,22,0,86.62888699331695,MALICIOUS,BRUTE_FORCE
0.5375120768082619,592,6264,61816,80,1,3,3,0,0,230.56454893438976,NORMAL,NORMAL
0.01671593346092752,46,0,51245,126,1,37,1,0,0,992.1273313835247,MALICIOUS,PORT_SCAN
0.030577352684789123,41,0,62586,466,1,78,2,0,0,611.6672527903681,MALICIOUS,PORT_SCAN
1.2297149395057112,848,5363,64849,443,1,4,3,0,0,139.6999219787234,NORMAL,NORMAL
0.04615134325225087,41,0,50512,948,1,108,2,0,0,1011.4229249079303,MALICIOUS,PORT_SCAN
3.4488975949778857,827,11675,51344,8080,1,3,3,0,0,170.37512465344423,NORMAL,NORMAL
1.3325814539035723,6283,659,64639,80,1,22,13,0,0,1139.6688354726289,MALICIOUS,WEB_ATTACK
0.6767841450828356,68,145,57402,22,1,51,44,24,0,181.9376661556875,MALICIOUS,BRUTE_FORCE
0.28262624221374594,418,7623,56726,3306,1,1,2,0,0,142.5779806794105,NORMAL,NORMAL
1.6112843969375144,119,9799,55474,443,1,4,1,0,0,97.75369198084186,NORMAL,NORMAL
0.00860603813012109,177,5861,59307,443,1,0,4,0,0,46.93480932557776,NORMAL,NORMAL
0.03558938481945776,45,0,59694,683,1,47,1,0,0,948.5345434113661,MALICIOUS,PORT_SCAN
2.4698216158663264,112,1203,58596,8080,1,1,4,0,0,79.84100232222707,NORMAL,NORMAL
99.73169418846388,14637907,4456,63571,9001,2,2,1,0,0,109095.96130026114,MALICIOUS,DATA_EXFILTRATION
0.7720275840014477,111,673,62972,3306,2,2,1,0,0,106.56189065685861,NORMAL,NORMAL
0.3737848862579792,774,2354,56335,80,1,3,4,0,0,212.60405762434368,NORMAL,NORMAL
1.9973675559757988,953,4592,61081,443,1,1,1,0,0,228.96467268639742,NORMAL,NORMAL
0.03280014072775036,45,0,49048,302,1,63,1,0,0,544.6986829747912,MALICIOUS,PORT_SCAN
1.4684007005503794,3132,205,60354,8080,1,18,17,0,0,739.5589581287801,MALICIOUS,WEB_ATTACK
51.38052049253205,863238,5862,59039,443,1,1,1,0,0,130332.33336680096,MALICIOUS,DATA_EXFILTRATION
0.6695848456830465,148,121,65013,3389,1,16,36,11,0,198.49156011028722,MALICIOUS,BRUTE_FORCE
1.5934512440833846,463,993,56154,22,1,2,3,1,0,322.67189676905787,SUSPICIOUS,SUSPICIOUS_LOGIN
0.496657107003606,148,94,54543,3389,1,38,26,7,0,181.17835835170513,MALICIOUS,BRUTE_FORCE
0.58846032277368,289,445,55895,445,1,6,5,0,1,357.7637266459597,MALICIOUS,PRIVILEGE_ESCALATION
1.463692670446269,6215,625,51834,80,1,17,19,0,0,899.6445049207919,MALICIOUS,WEB_ATTACK
0.6637715037128608,143,7139,63524,443,1,2,1,0,0,128.94060709239025,NORMAL,NORMAL
0.5384894507598693,506,7471,64179,53,1,1,1,0,0,142.48423106845445,NORMAL,NORMAL
0.031367711880076976,59,0,46109,303,1,112,1,0,0,1136.3884011378404,MALICIOUS,PORT_SCAN
0.8404046218330574,480,4470,51967,443,1,4,3,0,0,174.230964306871,NORMAL,NORMAL
0.128903108937931,252,1853,63761,3306,1,3,1,0,0,108.14827755923064,NORMAL,NORMAL
0.29055276544678893,552,7417,57088,443,1,5,2,0,0,193.61795603164018,NORMAL,NORMAL
0.047752703538557824,67,0,40007,189,1,39,2,0,0,600.4036850587082,MALICIOUS,PORT_SCAN
0.5978301717569207,493,4236,64912,80,1,3,2,0,0,167.19662561692417,NORMAL,NORMAL
0.759336438539346,1580,1367,62147,443,2,1,0,0,0,135.1471555443595,NORMAL,NORMAL
68.6868956695294,10062026,6462,55464,443,2,1,1,0,0,182765.54517159544,MALICIOUS,DATA_EXFILTRATION
2.078906134064808,1665,9181,53330,80,1,0,2,0,0,174.04215776846146,NORMAL,NORMAL
0.07578546867054417,68,0,42677,290,1,90,1,0,0,884.8875193152468,MALICIOUS,PORT_SCAN
0.16246926811639417,1425,6463,61848,80,2,4,4,0,0,184.1012848353982,NORMAL,NORMAL
3.5185768311831493,358,427,60517,443,1,5,4,2,0,268.09255780665353,SUSPICIOUS,SUSPICIOUS_LOGIN
0.19117365167749503,906,2377,56723,53,1,3,1,0,0,142.82643522266522,NORMAL,NORMAL
0.5734014982923508,1295,6517,54849,53,1,3,1,0,0,76.19979744270539,NORMAL,NORMAL
0.0486602656124412,48,0,62413,641,1,30,1,0,0,805.6727129677147,MALICIOUS,PORT_SCAN
0.3049152607259251,1122,7511,52872,5432,1,2,3,0,0,124.72358834295436,NORMAL,NORMAL
4.119238820261783,150,5692,54263,8080,1,2,6,0,0,80.2303149224285,NORMAL,NORMAL
0.6074905584991618,743,1569,63084,53,1,1,2,0,0,220.62610275564225,NORMAL,NORMAL
0.2871935647718584,861,3205,58588,53,2,3,3,0,0,200.3907674403907,NORMAL,NORMAL
4.472795709909912,300,1348,58889,443,1,3,2,2,0,154.54670223389576,SUSPICIOUS,SUSPICIOUS_LOGIN
0.07576444398118772,52,0,42064,232,1,109,2,0,0,620.2066137732031,MALICIOUS,PORT_SCAN
0.5466135916333277,1204,5679,60850,443,1,1,3,0,0,178.4589514953192,NORMAL,NORMAL
1.1607660371264188,306,381,50382,445,1,6,3,1,1,376.3480154146831,MALICIOUS,PRIVILEGE_ESCALATION
0.2507764025605738,894,3489,61796,80,1,6,3,0,0,144.70297660226652,NORMAL,NORMAL
0.4075568201778541,159,44,64991,22,1,57,54,22,0,114.07403132683987,MALICIOUS,BRUTE_FORCE
0.7855432754189307,649,9043,56576,443,1,4,2,0,0,129.70863341334646,NORMAL,NORMAL
0.06582619315724074,46,0,47286,631,1,33,2,0,0,508.6007347708676,MALICIOUS,PORT_SCAN
2.2848510049268884,1031,3720,56985,443,1,0,4,0,0,112.89884236589327,NORMAL,NORMAL
0.9814638184837834,100,8174,64374,443,1,2,1,0,0,181.67572043080187,NORMAL,NORMAL
1.039483871781559,771,2438,65476,53,2,0,0,0,0,166.05863870338112,NORMAL,NORMAL
0.013078446784626954,59,0,40533,125,1,75,2,0,0,953.3686567621583,MALICIOUS,PORT_SCAN
2.9342449231720575,248,2256,49218,443,1,1,5,0,0,168.63093273963293,NORMAL,NORMAL
0.042091071131148614,50,0,44612,495,1,60,2,0,0,962.7663595134736,MALICIOUS,PORT_SCAN
0.20453797223889794,1021,9449,57103,53,1,1,1,0,0,152.48444526865725,NORMAL,NORMAL
1.5935284522051112,1003,4700,51862,443,1,3,1,0,0,186.31901022478345,NORMAL,NORMAL
1.3069761050070416,796,6287,58830,443,1,2,1,0,0,132.61480868470895,NORMAL,NORMAL
0.16119516456302935,1048,3831,50237,3306,2,5,0,0,0,148.85676993555708,NORMAL,NORMAL
1.7490586607903984,434,3031,61158,443,1,1,3,0,0,190.86007590674376,NORMAL,NORMAL
0.9222394776361238,455,8103,58329,80,1,0,4,0,0,149.08527750804473,NORMAL,NORMAL
2.0876948288898403,182,3466,54887,53,2,0,0,0,0,185.31944821847162,NORMAL,NORMAL
0.39516536836634647,125,1855,52035,3306,1,3,3,0,0,126.80105603436704,NORMAL,NORMAL
1.1436207870735422,1155,3372,64484,53,1,2,1,0,0,166.15282234717222,NORMAL,NORMAL
0.06712869931837227,595,8396,61799,443,2,1,4,0,0,129.3286361915491,NORMAL,NORMAL
30.482221246720748,1898437,2832,50406,9001,1,1,1,0,0,315626.63362541416,MALICIOUS,DATA_EXFILTRATION
1.4009184371008359,577,5298,56654,80,1,4,2,0,0,114.59158660765132,NORMAL,NORMAL
1.802579991181004,1401,1587,54901,3306,1,0,2,0,0,121.82751161999444,NORMAL,NORMAL
0.9765602763143589,245,433,55694,445,1,7,7,1,1,225.62565181534302,MALICIOUS,PRIVILEGE_ESCALATION
3.713778559379031,796,1341,55447,443,1,3,5,3,0,321.1609384446896,SUSPICIOUS,SUSPICIOUS_LOGIN
3.4736268159103663,482,846,63914,3389,1,2,3,3,0,314.47863274955466,SUSPICIOUS,SUSPICIOUS_LOGIN
0.3815948605214894,200,88,55939,22,1,51,48,20,0,101.83049828522472,MALICIOUS,BRUTE_FORCE
3.3828671878011454,176,3789,49157,443,1,1,6,0,0,133.01945603021773,NORMAL,NORMAL
0.5375336485871964,278,1969,57864,80,1,2,1,0,0,76.19967974266007,NORMAL,NORMAL
0.04902668772518135,55,0,44448,945,1,38,2,0,0,678.9512423060654,MALICIOUS,PORT_SCAN
2.701494797756097,249,5352,61579,80,1,3,3,0,0,146.9031054013101,NORMAL,NORMAL
0.024544818653612466,42,0,41506,404,1,52,1,0,0,643.4288147949173,MALICIOUS,PORT_SCAN
0.36362865522483434,578,4364,52077,80,1,2,1,0,0,85.11628087318128,NORMAL,NORMAL
1.21909929627714,461,3303,62015,80,1,2,1,0,0,206.02626298272799,NORMAL,NORMAL
0.6458098360498749,712,2576,63638,80,1,0,1,0,0,129.14933610705654,NORMAL,NORMAL
2.131817371201758,183,389,57939,22,1,5,4,1,1,369.4020227020389,MALICIOUS,PRIVILEGE_ESCALATION
0.009180151291133835,379,8271,55172,443,1,0,2,0,0,120.37874471479124,NORMAL,NORMAL
0.028931492199700613,57,0,56759,36,1,32,2,0,0,714.4855790662106,MALICIOUS,PORT_SCAN
0.8897148691253263,100,4884,58057,443,1,0,1,0,0,136.00864956172592,NORMAL,NORMAL
1.919026609257404,740,6650,51467,443,1,1,2,0,0,89.50823873393944,NORMAL,NORMAL
0.04752837388727031,52,0,40024,965,1,96,1,0,0,902.9829055059456,MALICIOUS,PORT_SCAN
1.1842344994327965,631,5403,50065,3306,1,2,1,0,0,189.59440562343997,NORMAL,NORMAL
3.7381971294807976,545,1198,49497,22,1,5,3,2,0,269.90014096640937,SUSPICIOUS,SUSPICIOUS_LOGIN
0.024687324884999272,43,0,47343,970,1,90,1,0,0,832.3677901246332,MALICIOUS,PORT_SCAN
0.24048892495948443,692,7511,49966,53,2,1,1,0,0,182.22298811224692,NORMAL,NORMAL
0.24097535027842826,278,5155,54601,443,1,2,1,0,0,143.20491763927288,NORMAL,NORMAL
1.7896892358746583,286,3924,52815,5432,1,1,2,0,0,149.21061949525716,NORMAL,NORMAL
1.2303327632349284,214,3888,61158,80,1,2,1,0,0,114.15159884891943,NORMAL,NORMAL
0.9123135262192281,122,3382,57259,80,1,1,1,0,0,153.74181684313174,NORMAL,NORMAL
0.8264871611591827,271,5197,57755,5432,1,1,0,0,0,179.03694446593607,NORMAL,NORMAL
0.5377401780683968,112,100,58488,3389,1,45,26,14,0,110.52101936872381,MALICIOUS,BRUTE_FORCE
0.025865683686769697,48,0,54638,613,1,79,1,0,0,621.4747815038027,MALICIOUS,PORT_SCAN
0.3241134793299098,434,6484,51330,8080,2,2,0,0,0,124.0201770923336,NORMAL,NORMAL
0.19380250177523556,827,3790,58370,80,1,4,2,0,0,156.10806797674857,NORMAL,NORMAL
2.8694214801651676,821,2259,62284,80,1,3,2,0,0,152.78145292347847,NORMAL,NORMAL
1.460861523189943,462,3923,65093,80,1,4,1,0,0,176.63998188085472,NORMAL,NORMAL
0.23496624602033597,195,127,53005,22,1,49,30,11,0,96.8751375778409,MALICIOUS,BRUTE_FORCE
2.9273292056473172,780,3278,56889,443,1,3,3,0,0,125.04551805196185,NORMAL,NORMAL
2.1270562870372642,455,3396,59564,80,1,2,2,0,0,151.12699918315602,NORMAL,NORMAL
0.43185255133881717,187,97,53109,22,1,30,15,13,0,245.71108937545236,MALICIOUS,BRUTE_FORCE
0.2285423409008081,240,2566,51384,443,1,3,2,0,0,78.44468617836236,NORMAL,NORMAL
0.013558259192140749,54,0,56299,641,1,46,1,0,0,1146.5685676365651,MALICIOUS,PORT_SCAN
2.9644401051192055,297,4110,56541,3306,2,4,0,0,0,163.62616545648567,NORMAL,NORMAL
0.8356811580304964,420,1018,65307,80,2,2,3,0,0,120.76660401209317,NORMAL,NORMAL
0.7921756720742934,936,9285,63269,80,1,2,0,0,0,189.0475055154879,NORMAL,NORMAL
3.822966435779194,1156,4993,50563,5432,1,0,1,0,0,126.36933731996713,NORMAL,NORMAL
0.05632641923823291,528,4410,51385,443,1,3,0,0,0,119.01651038940102,NORMAL,NORMAL
0.02693742869314992,101,3568,60835,443,1,1,1,0,0,180.09933508296874,NORMAL,NORMAL
0.9823531586774688,5229,838,63384,80,1,14,23,0,0,2545.4236026744697,MALICIOUS,WEB_ATTACK
0.07925376958634768,58,0,47985,640,1,116,2,0,0,917.5369878376525,MALICIOUS,PORT_SCAN
0.7152240851615065,194,3108,56810,443,1,5,1,0,0,148.3609664756802,NORMAL,NORMAL
0.5359130878943971,440,3252,59822,80,1,1,1,0,0,134.5835594909305,NORMAL,NORMAL
0.07621659539835984,62,0,45508,957,2,105,1,0,0,778.4431010672351,MALICIOUS,PORT_SCAN
0.1936920647322895,583,4667,62129,443,1,3,1,0,0,150.07214025425657,NORMAL,NORMAL
0.07711888590924515,57,0,62869,661,1,69,1,0,0,601.1394313393519,MALICIOUS,PORT_SCAN
1.183301884709215,671,4064,64810,8080,1,3,2,0,0,109.19480442953325,NORMAL,NORMAL
4.160159699503421,369,487,60471,443,1,5,3,1,0,292.2198834106131,SUSPICIOUS,SUSPICIOUS_LOGIN
5.050960752428264,1198,2352,51565,443,1,0,0,0,0,108.12753949395645,NORMAL,NORMAL
0.7838111907432697,361,7536,55852,443,1,0,1,0,0,114.32605149089144,NORMAL,NORMAL
0.1342886869825692,94,147,54540,22,1,37,57,13,0,172.82927526339307,MALICIOUS,BRUTE_FORCE
2.491992298630543,300,4455,53932,80,1,1,1,0,0,184.8765595524957,NORMAL,NORMAL
0.5045851922054507,952,3519,59714,443,2,1,7,0,0,244.74865860779002,NORMAL,NORMAL
0.06289132167905007,1096,7615,60522,443,1,2,4,0,0,240.093791839257,NORMAL,NORMAL
1.890565979527635,586,4815,64060,53,1,1,2,0,0,158.46508384133404,NORMAL,NORMAL
0.32081392157569655,456,5500,62774,443,1,6,1,0,0,130.2435411545248,NORMAL,NORMAL
0.05315486734554451,40,0,44469,309,1,65,1,0,0,1093.8442757242515,MALICIOUS,PORT_SCAN
2.0534923706072963,408,341,63260,445,1,3,5,1,1,332.1456784317277,MALICIOUS,PRIVILEGE_ESCALATION
0.07352578695809611,56,0,52954,579,1,80,1,0,0,792.4223981144909,MALICIOUS,PORT_SCAN
0.6823364901675377,203,117,54628,3389,1,41,44,19,0,85.98335305364826,MALICIOUS,BRUTE_FORCE
0.2917555494073917,575,7376,62275,3306,1,1,2,0,0,236.68983892531978,NORMAL,NORMAL
0.019435599591790906,62,0,49751,665,1,99,2,0,0,950.4472249609362,MALICIOUS,PORT_SCAN
0.7981241339131266,432,6146,56302,443,1,0,3,0,0,167.89218973260807,NORMAL,NORMAL
1.8758042022381047,4620,832,54227,80,1,15,19,0,0,2009.1462336991888,MALICIOUS,WEB_ATTACK
0.7356463123387814,163,80,56832,445,1,21,34,14,0,179.99771018100006,MALICIOUS,BRUTE_FORCE
0.7467032700010807,495,5085,62440,80,1,2,2,0,0,79.35241009887493,NORMAL,NORMAL
0.7304004303964862,1001,4175,60794,80,1,2,3,0,0,139.8907562657066,NORMAL,NORMAL
0.5400975265747605,256,5695,60591,443,1,3,1,0,0,96.54514786892521,NORMAL,NORMAL
0.2732160377913829,180,3971,61908,53,1,2,1,0,0,129.7445754201399,NORMAL,NORMAL
2.870563641526393,561,4343,56689,443,1,2,0,0,0,189.94380437761365,NORMAL,NORMAL
0.3393981623976528,952,2386,53708,80,2,0,4,0,0,132.616130819642,NORMAL,NORMAL
3.447668754256089,148,4580,62271,443,2,2,1,0,0,164.79362763012182,NORMAL,NORMAL
0.23704529757180257,61,81,62733,22,1,58,52,8,0,149.84393715225207,MALICIOUS,BRUTE_FORCE
9.506971360794193,408,1162,50627,53,1,0,0,0,0,169.7113589569411,NORMAL,NORMAL
0.01035242452656473,59,0,63436,910,2,46,1,0,0,1003.6044264781862,MALICIOUS,PORT_SCAN
0.5348611324081104,151,4177,64346,8080,1,1,2,0,0,175.44621940157742,NORMAL,NORMAL
3.9054273325460525,546,1467,57354,443,1,5,5,3,1,294.6080605902947,SUSPICIOUS,SUSPICIOUS_LOGIN
3.7698881340559174,2039,4893,64093,80,1,3,3,0,0,167.96432362761547,NORMAL,NORMAL
3.452781445442161,702,916,57821,22,1,5,5,2,0,328.24946612268604,SUSPICIOUS,SUSPICIOUS_LOGIN
0.019067719353740402,46,0,59178,113,1,43,1,0,0,604.1711918383884,MALICIOUS,PORT_SCAN
2.182875879659977,595,785,55460,3389,1,5,4,3,1,129.41522026053468,SUSPICIOUS,SUSPICIOUS_LOGIN
1.2195813668303626,1876,559,59586,80,1,16,21,0,0,1435.1922048568617,MALICIOUS,WEB_ATTACK
0.6246013494928048,92,127,53526,22,1,19,27,12,0,229.18302368647232,MALICIOUS,BRUTE_FORCE
0.035034883066293904,59,0,52315,439,2,104,2,0,0,1077.87690632873,MALICIOUS,PORT_SCAN
0.26474097003089464,275,1989,64909,443,1,3,2,0,0,62.173102346970126,NORMAL,NORMAL
1.4156621305491315,767,9437,64569,443,2,3,4,0,0,166.2229599516333,NORMAL,NORMAL
1.300878034419597,358,3952,55884,53,1,2,3,0,0,117.2494203421831,NORMAL,NORMAL
0.19896048472255481,553,9582,49704,53,2,4,4,0,0,205.325800034891,NORMAL,NORMAL
0.5842667163759955,485,2854,59210,3306,1,1,1,0,0,146.03198003322146,NORMAL,NORMAL
0.3918881368278883,222,4737,55184,443,1,3,2,0,0,184.86097544351736,NORMAL,NORMAL
10.276453706949106,154,5177,50773,443,1,1,5,0,0,148.60879720524233,NORMAL,NORMAL
2.491451949121746,164,4182,56425,5432,2,2,2,0,0,126.80645867048867,NORMAL,NORMAL
0.10324393015720426,80,130,52928,22,1,24,35,14,0,90.85406492709826,MALICIOUS,BRUTE_FORCE
1.317291377303542,680,5751,51375,8080,1,4,3,0,0,182.59290880992424,NORMAL,NORMAL
0.7912073267545934,369,7405,54776,443,2,1,5,0,0,133.5431610936252,NORMAL,NORMAL
0.4509999231011016,341,4662,64478,443,2,2,4,0,0,190.27686023381682,NORMAL,NORMAL
0.025700075514183005,66,0,44692,219,1,115,1,0,0,550.4076849640257,MALICIOUS,PORT_SCAN
110.5402448825702,14572446,7209,62832,8443,1,2,1,0,0,365415.5454255747,MALICIOUS,DATA_EXFILTRATION
0.6949691685919253,210,6328,63811,443,1,4,2,0,0,151.75860811112975,NORMAL,NORMAL
0.11101833547120502,195,4463,52822,443,1,2,5,0,0,201.27803519718634,NORMAL,NORMAL
0.39541230934742055,4656,313,53524,443,1,15,24,0,0,1528.081228427905,MALICIOUS,WEB_ATTACK
0.3019755005174052,482,1579,65014,80,1,1,2,0,0,178.61240800225576,NORMAL,NORMAL
1.420157886048166,187,2175,53809,443,1,2,2,0,0,150.955803879452,NORMAL,NORMAL
3.2192402168470817,454,4904,51462,80,2,3,1,0,0,168.01647839717867,NORMAL,NORMAL
0.9627375160324908,214,4780,53147,53,1,1,4,0,0,170.71316218768365,NORMAL,NORMAL
0.07429036760967118,55,0,64922,287,1,80,1,0,0,818.6934634629954,MALICIOUS,PORT_SCAN
2.2477301937259813,499,6091,64983,443,1,1,0,0,0,188.2963938092876,NORMAL,NORMAL
0.48372794209490627,3092,732,58137,80,1,24,11,0,0,2149.2742780772223,MALICIOUS,WEB_ATTACK
0.6359097850500355,808,6118,53502,80,2,4,1,0,0,166.56535892088138,NORMAL,NORMAL
3.993692041953312,199,2558,61508,80,1,0,1,0,0,194.13921356376164,NORMAL,NORMAL
0.7404495220527019,1114,4614,64043,443,1,3,1,0,0,133.66669102523605,NORMAL,NORMAL
0.7130757628307212,560,9177,56378,443,2,2,0,0,0,115.32033703841475,NORMAL,NORMAL
0.22680046152663613,1042,8921,58632,443,1,1,4,0,0,118.274986193314,NORMAL,NORMAL
1.634678251475855,5780,641,63461,443,1,19,19,0,0,2576.509551184934,MALICIOUS,WEB_ATTACK
0.6761702624737083,126,97,64493,22,1,50,57,12,0,234.66634087730412,MALICIOUS,BRUTE_FORCE
0.37324475670736323,1128,3824,55079,53,1,2,2,0,0,178.9477154184361,NORMAL,NORMAL
1.1633272222772286,363,2547,62632,443,1,4,4,0,0,110.45219644535547,NORMAL,NORMAL
1.2028408501271197,275,4415,58326,80,1,1,2,0,0,155.18547736606786,NORMAL,NORMAL
0.07393082041601788,662,4000,52101,443,1,5,2,0,0,170.11137707580775,NORMAL,NORMAL
0.3124114427412856,1830,4822,55915,443,1,2,1,0,0,103.8612802139476,NORMAL,NORMAL
0.7891018859112511,64,1662,56186,3306,1,0,3,0,0,108.86579120669526,NORMAL,NORMAL
2.2703980752466486,1376,7764,59816,80,1,5,2,0,0,161.24462323986862,NORMAL,NORMAL
1.1050085944380332,582,1109,49884,3389,1,5,3,1,0,113.36234884138516,SUSPICIOUS,SUSPICIOUS_LOGIN
0.7056427097229467,112,2703,61332,8080,1,5,3,0,0,153.30860956238845,NORMAL,NORMAL
4.4468225932660825,369,1064,50710,22,1,5,3,1,0,255.0319585075209,SUSPICIOUS,SUSPICIOUS_LOGIN
0.5622609406082015,4670,745,64241,443,1,14,12,0,0,2798.650456712004,MALICIOUS,WEB_ATTACK
0.5640201609981699,100,132,57834,22,1,31,52,5,0,136.08419753960465,MALICIOUS,BRUTE_FORCE
0.19660676523604662,592,1546,54015,80,1,1,4,0,0,117.78643174030809,NORMAL,NORMAL
1.6199110595206947,3511,690,60120,80,1,12,20,0,0,1295.2029763225723,MALICIOUS,WEB_ATTACK
0.05691515749313028,273,2372,61265,53,1,4,2,0,0,184.18573689371294,NORMAL,NORMAL
0.32436826092704857,245,8024,58655,443,2,3,0,0,0,116.54059156784231,NORMAL,NORMAL
4.005099111069971,286,1145,64494,443,1,2,5,3,1,245.80745607724037,SUSPICIOUS,SUSPICIOUS_LOGIN
2.351075220166328,415,6168,55548,80,2,2,0,0,0,167.43901558000184,NORMAL,NORMAL
0.0740578584347253,59,0,51068,1008,1,108,1,0,0,673.0440981756215,MALICIOUS,PORT_SCAN
3.2100312977402443,636,3221,52836,80,1,1,1,0,0,232.90394163050075,NORMAL,NORMAL
20.404382060037147,11898888,2632,53254,8443,1,1,1,0,0,249956.70384960895,MALICIOUS,DATA_EXFILTRATION
3.1850227629961356,530,3102,50390,443,1,1,1,0,0,198.64026155645905,NORMAL,NORMAL
0.4555097333416165,89,107,58694,3389,1,51,19,11,0,205.56955835638416,MALICIOUS,BRUTE_FORCE
0.041311780935046644,44,0,43318,886,1,41,1,0,0,648.5672297786891,MALICIOUS,PORT_SCAN
0.6632490062278301,100,80,59228,445,1,17,34,23,0,80.79522875320748,MALICIOUS,BRUTE_FORCE
0.054079430616397355,57,0,49236,405,1,105,2,0,0,680.3236431758274,MALICIOUS,PORT_SCAN
1.639542061863914,582,4716,58040,53,1,0,0,0,0,121.11124924200234,NORMAL,NORMAL
0.764700606944722,151,60,61298,3389,1,48,18,20,0,246.47224322622395,MALICIOUS,BRUTE_FORCE
1.3870160631253954,388,3305,61969,3306,1,0,1,0,0,171.77961331298744,NORMAL,NORMAL
0.14535532891802225,600,4604,60845,3306,1,3,2,0,0,78.81037955348557,NORMAL,NORMAL
0.9676131195509419,3144,344,57952,80,1,24,13,0,0,2290.3464711833126,MALICIOUS,WEB_ATTACK
0.18387473243124547,1417,680,54836,53,1,2,2,0,0,109.72829762693584,NORMAL,NORMAL
1.8158346596747408,169,4427,52315,53,1,1,1,0,0,235.6679198945528,NORMAL,NORMAL
0.5377208617540419,268,5677,58654,8080,1,2,0,0,0,73.01624485472126,NORMAL,NORMAL
2.290643061979689,495,3397,53535,443,1,1,1,0,0,139.12385198737633,NORMAL,NORMAL
0.7330047507734674,114,2115,61723,80,1,2,0,0,0,144.46518639193707,NORMAL,NORMAL
0.801629548429506,862,6146,56693,443,1,2,1,0,0,149.23909946807976,NORMAL,NORMAL
116.97561157703959,1343780,7444,50362,53,1,2,1,0,0,349807.5532519785,MALICIOUS,DATA_EXFILTRATION
1.710079372017046,806,1995,56490,53,1,4,4,0,0,141.22038601679213,NORMAL,NORMAL
0.06567867326394054,90,5329,52861,443,1,4,1,0,0,188.57669832481398,NORMAL,NORMAL
1.1408029869795164,732,4436,64637,80,1,0,0,0,0,137.16007728386455,NORMAL,NORMAL
2.3770583175894866,778,731,49581,3389,1,2,4,2,0,123.66003913033923,SUSPICIOUS,SUSPICIOUS_LOGIN
2.4629634997045975,685,4421,54401,80,1,3,0,0,0,190.43358940081254,NORMAL,NORMAL
0.25183130589335867,4034,422,51763,80,1,13,13,0,0,1279.425437417261,MALICIOUS,WEB_ATTACK
2.228457965269133,5058,273,57497,443,1,20,20,0,0,1087.3094433958347,MALICIOUS,WEB_ATTACK
4.531482810550327,736,1335,56202,443,1,5,3,3,1,230.72445301374515,SUSPICIOUS,SUSPICIOUS_LOGIN
1.8655304610525336,110,4064,50166,80,1,2,3,0,0,179.09010425568272,NORMAL,NORMAL
0.024662304816247274,43,0,62804,309,1,48,1,0,0,782.8524628156123,MALICIOUS,PORT_SCAN
0.20804447348111715,136,144,63295,22,1,42,34,24,0,116.2196331946931,MALICIOUS,BRUTE_FORCE
2.0088185298619012,795,8684,49399,5432,1,0,3,0,0,112.14058169603858,NORMAL,NORMAL
0.3363122067739702,305,2889,56229,443,1,2,3,0,0,147.64932316191425,NORMAL,NORMAL
2.460324269483821,2146,251,62383,443,1,14,24,0,0,1661.6890695930788,MALICIOUS,WEB_ATTACK
1.2059162065658988,488,4930,58592,53,1,1,3,0,0,146.50407418684696,NORMAL,NORMAL
1.2208000859202013,245,6793,62413,53,1,1,4,0,0,111.27321677884406,NORMAL,NORMAL
1.3468828742986811,745,4956,58513,80,1,1,0,0,0,104.21764029774208,NORMAL,NORMAL
1.9709482933258518,140,4801,51267,53,1,4,5,0,0,148.52141166720367,NORMAL,NORMAL
2.861708504040506,102,6729,63781,443,1,1,3,0,0,113.81542500024935,NORMAL,NORMAL
0.9368658991714875,341,2381,54451,443,1,2,1,0,0,99.99897868863803,NORMAL,NORMAL
0.520672898776086,196,54,50719,22,1,25,17,11,0,190.2538637797577,MALICIOUS,BRUTE_FORCE
2.856797622245459,237,4767,56537,443,1,4,3,0,0,112.60208650128092,NORMAL,NORMAL
1.7685667376489245,533,3317,57797,53,1,3,2,0,0,41.06129493928364,NORMAL,NORMAL
0.3739445995056618,1788,4401,63795,443,1,3,2,0,0,143.13129733615116,NORMAL,NORMAL
5.209097856726014,1522,2959,54734,443,1,1,2,0,0,178.12570168880015,NORMAL,NORMAL
0.32982144867484264,1644,4319,55958,8080,1,3,2,0,0,181.25566004729382,NORMAL,NORMAL
0.13054323703779072,373,2109,54497,3306,1,3,2,0,0,186.67717815487356,NORMAL,NORMAL
0.22077948234609787,609,4627,50175,5432,1,3,4,0,0,180.6148664832106,NORMAL,NORMAL
1.150942946187019,2548,543,54114,443,1,8,24,0,0,703.7122125662302,MALICIOUS,WEB_ATTACK
0.0413327547536011,67,0,57758,573,1,71,1,0,0,596.2746894089187,MALICIOUS,PORT_SCAN
0.6970264147046373,346,2807,63988,80,1,0,2,0,0,173.5617646313932,NORMAL,NORMAL
1.2378480886145993,858,2308,55069,3306,1,3,0,0,0,162.9666540995377,NORMAL,NORMAL
0.01228050767904405,55,0,55701,416,1,99,2,0,0,1165.9109305978873,MALICIOUS,PORT_SCAN
1.0198755873611511,729,683,56477,22,1,2,4,3,0,279.071195211087,SUSPICIOUS,SUSPICIOUS_LOGIN
1.5308807725765465,516,2953,57051,5432,1,1,1,0,0,221.78099393568849,NORMAL,NORMAL
0.07028099723953422,68,0,47514,870,1,50,1,0,0,939.6594462724943,MALICIOUS,PORT_SCAN
0.2953386623647436,848,4286,60312,8080,1,0,1,0,0,71.05613073520321,NORMAL,NORMAL
106.27916462573461,4121980,5203,56146,443,1,2,1,0,0,154718.33249735748,MALICIOUS,DATA_EXFILTRATION
1.7140819179019813,1180,3776,57178,443,1,3,2,0,0,106.93050585489377,NORMAL,NORMAL
0.16504221610819966,149,121,49399,3389,1,52,36,21,0,84.28252342622494,MALICIOUS,BRUTE_FORCE
1.2261631317282278,1900,341,55641,80,1,9,23,0,0,1741.094647212507,MALICIOUS,WEB_ATTACK
1.5845413816582918,799,2645,63185,3306,1,0,1,0,0,158.77209348801745,NORMAL,NORMAL
1.3347398899859884,426,6963,58943,80,1,3,1,0,0,97.51343480578416,NORMAL,NORMAL
0.3020985729156492,43,4023,50891,53,1,3,1,0,0,152.30491052638382,NORMAL,NORMAL
1.2296493371741828,361,7393,50657,443,1,2,1,0,0,143.76741441540506,NORMAL,NORMAL
1.9736942518922076,3545,465,62617,443,1,19,19,0,0,1291.3098689582757,MALICIOUS,WEB_ATTACK
0.6290720376653376,76,124,53459,3389,1,30,42,16,0,112.56250155732812,MALICIOUS,BRUTE_FORCE
1.4467520998799694,745,3307,54437,80,1,0,2,0,0,155.39496633118557,NORMAL,NORMAL
1.0829333567654942,245,4213,58323,5432,1,5,3,0,0,149.95912391189222,NORMAL,NORMAL
3.641969304534007,1428,2126,64248,443,1,3,0,0,0,177.0203999071914,NORMAL,NORMAL
0.7316659387223914,157,40,59659,3389,1,39,45,14,0,140.03549936340136,MALICIOUS,BRUTE_FORCE
4.228165230915052,288,2279,58516,443,2,2,2,0,0,212.6565808677218,NORMAL,NORMAL
1.2000447171211894,3357,399,63660,80,1,18,16,0,0,1828.866085467294,MALICIOUS,WEB_ATTACK
1.0056653651954408,287,4322,63162,8080,1,3,2,0,0,161.3446882202004,NORMAL,NORMAL
2.086836059201165,5415,254,58437,443,1,11,13,0,0,1695.6143672249352,MALICIOUS,WEB_ATTACK
1.0416837969739021,3259,254,57845,80,1,12,20,0,0,2492.3468321142773,MALICIOUS,WEB_ATTACK
0.41135484952360624,128,7401,65123,443,1,0,2,0,0,77.73935290924439,NORMAL,NORMAL
2.9144367006703704,409,6671,53602,53,1,2,2,0,0,236.42213799646487,NORMAL,NORMAL
0.05690799934215065,54,0,56970,357,1,74,2,0,0,896.7429022943061,MALICIOUS,PORT_SCAN
4.659186341867654,430,825,49972,22,1,3,5,2,0,161.17361779024716,SUSPICIOUS,SUSPICIOUS_LOGIN
1.5684779646803304,3251,648,64374,443,1,9,21,0,0,1869.9808149197029,MALICIOUS,WEB_ATTACK
0.7427876651681392,839,2512,61026,443,1,1,1,0,0,169.30593068589764,NORMAL,NORMAL
0.770097741153372,962,3119,54505,443,1,2,2,0,0,205.68155006348366,NORMAL,NORMAL
2.3087288312580556,732,832,59633,443,1,2,2,2,0,156.09006183505238,SUSPICIOUS,SUSPICIOUS_LOGIN
0.732724022359406,285,7102,61612,5432,1,3,5,0,0,160.18924549520838,NORMAL,NORMAL
2.7047543149262676,568,2891,65224,8080,1,0,0,0,0,179.5351510206504,NORMAL,NORMAL
2.4775432769571144,239,2775,50348,80,1,3,2,0,0,159.90047666304818,NORMAL,NORMAL
1.9059037401647818,4793,464,56968,80,1,16,10,0,0,2377.1387949962386,MALICIOUS,WEB_ATTACK
0.3940666286582647,190,114,50499,22,1,46,30,21,0,246.70665654237257,MALICIOUS,BRUTE_FORCE
0.6491267539568167,60,55,54521,22,1,20,26,20,0,143.87972979481304,MALICIOUS,BRUTE_FORCE
0.5237048080510261,137,10711,62434,80,1,3,2,0,0,161.30125388377982,NORMAL,NORMAL
0.49525195596493493,1276,4917,57589,80,1,1,3,0,0,175.99675379900833,NORMAL,NORMAL
4.2256037088476095,405,4706,53070,53,1,3,2,0,0,149.27696346577102,NORMAL,NORMAL
0.24819952090510888,147,121,58010,22,1,47,20,23,0,129.9012526057762,MALICIOUS,BRUTE_FORCE
22.515649032932355,6055774,4922,55848,8443,1,2,1,0,0,350040.42568190943,MALICIOUS,DATA_EXFILTRATION
1.1570728325622097,657,5374,53811,80,2,0,1,0,0,157.75204700850173,NORMAL,NORMAL
0.7057309918510964,165,116,53254,22,1,38,21,9,0,121.22915981443334,MALICIOUS,BRUTE_FORCE
3.0236726115624872,1033,4376,55874,8080,1,2,2,0,0,173.1171290434132,NORMAL,NORMAL
0.11126858716266778,332,3646,49259,8080,1,3,0,0,0,175.78839958280793,NORMAL,NORMAL
0.00566221528546084,607,1576,64325,53,1,0,2,0,0,185.32928586709346,NORMAL,NORMAL
0.056709121660160795,40,0,54461,779,1,103,2,0,0,826.7216542232441,MALICIOUS,PORT_SCAN
1.4102979873911081,1009,2774,53193,53,1,1,1,0,0,118.41137671590042,NORMAL,NORMAL
0.5599518360572939,231,4468,50462,53,1,1,2,0,0,154.03516258454383,NORMAL,NORMAL
1.3195762606717638,399,5720,57614,80,1,3,4,0,0,54.45874150089256,NORMAL,NORMAL
0.6700668480640866,250,5291,60750,5432,2,5,6,0,0,139.55487299146222,NORMAL,NORMAL
0.023740370791541177,67,0,63617,697,1,32,2,0,0,768.6590739334679,MALICIOUS,PORT_SCAN
1.2502935973188696,591,1464,63733,22,1,2,3,2,1,130.76638038818635,SUSPICIOUS,SUSPICIOUS_LOGIN
0.743469667359114,77,45,52465,3389,1,55,59,23,0,242.82598539411373,MALICIOUS,BRUTE_FORCE
0.016259025748032067,44,0,41643,719,1,83,2,0,0,652.5880449139117,MALICIOUS,PORT_SCAN
0.9065313137704918,915,4911,52059,80,2,3,1,0,0,219.90219630493053,NORMAL,NORMAL
0.16111678442318228,817,1659,60025,443,1,3,2,0,0,126.17897309632568,NORMAL,NORMAL
0.8848003319655577,383,370,61862,22,1,3,3,1,1,150.75688456948077,MALICIOUS,PRIVILEGE_ESCALATION
4.3964274488026405,1036,2893,50432,443,1,5,4,0,0,132.78473132522154,NORMAL,NORMAL
0.2615746107766963,369,3831,55780,53,1,2,2,0,0,213.94588682018866,NORMAL,NORMAL
1.7632044940489782,1468,3902,56624,443,1,1,5,0,0,210.77349508537174,NORMAL,NORMAL
4.174818506915043,510,7961,62531,80,1,2,4,0,0,181.1569014822714,NORMAL,NORMAL
0.017893885563707038,57,0,47678,495,1,93,2,0,0,963.4307397372177,MALICIOUS,PORT_SCAN
0.9428967190597879,1077,4304,65070,80,1,0,2,0,0,189.98524174373935,NORMAL,NORMAL
0.0214475560642637,379,1602,61862,8080,2,2,0,0,0,129.29655790134905,NORMAL,NORMAL
3.7227994403456055,529,834,56787,443,1,3,0,0,0,116.11115799003598,NORMAL,NORMAL
2.5547106290323263,253,740,50121,443,1,2,5,3,0,283.09380504322326,SUSPICIOUS,SUSPICIOUS_LOGIN
0.6134392226156832,118,3627,62467,80,1,2,3,0,0,140.31179611302863,NORMAL,NORMAL
4.0648176751187,419,4933,50577,8080,1,1,5,0,0,102.06431500191819,NORMAL,NORMAL
44.6641746699969,7838266,7593,60469,443,1,2,1,0,0,412021.7942101564,MALICIOUS,DATA_EXFILTRATION
1.3541305927206273,1489,6580,56955,443,2,3,4,0,0,137.9389481692261,NORMAL,NORMAL
0.6774081668076584,940,2371,56170,80,2,2,3,0,0,155.41502671947262,NORMAL,NORMAL
0.5786831131856959,740,6116,49718,5432,1,2,2,0,0,98.08368069028361,NORMAL,NORMAL
51.59066325383813,8428596,6709,63964,443,1,1,1,0,0,383375.41414092266,MALICIOUS,DATA_EXFILTRATION
0.133637683229728,684,7984,57743,53,1,2,5,0,0,98.01196181672056,NORMAL,NORMAL
1.9799690569978634,824,2600,56451,443,1,3,0,0,0,180.69904290080132,NORMAL,NORMAL
0.043120058963826036,1160,3005,63022,80,1,9,1,0,0,182.8119349803586,NORMAL,NORMAL
2.4274873152398473,5639,358,62221,80,1,18,20,0,0,2256.502889254384,MALICIOUS,WEB_ATTACK
2.846107380938624,155,292,64190,445,1,5,4,1,1,163.48155400038794,MALICIOUS,PRIVILEGE_ESCALATION
0.42972208973983306,871,5807,59369,80,1,3,0,0,0,147.16367571676966,NORMAL,NORMAL
1.3906976091283174,1576,5329,54717,443,1,2,1,0,0,165.11316884888632,NORMAL,NORMAL
0.3325067111072138,557,4544,49752,80,1,3,3,0,0,170.22077463598893,NORMAL,NORMAL
3.339992658642805,555,6600,49331,443,1,1,4,0,0,181.92364194646245,NORMAL,NORMAL
0.8813681953988958,388,3222,54523,80,2,1,1,0,0,172.08714220229453,NORMAL,NORMAL
1.1583011172712534,195,3242,62236,443,2,5,5,0,0,119.26286425442218,NORMAL,NORMAL
3.2805870256734746,629,7643,54565,53,1,2,0,0,0,132.53735794281337,NORMAL,NORMAL
1.3365910569585728,594,8907,64334,3306,1,2,1,0,0,133.23660592051695,NORMAL,NORMAL
1.7625148458671003,4711,342,51913,80,1,9,10,0,0,2023.451526193457,MALICIOUS,WEB_ATTACK
0.2625784304116825,586,6750,60154,5432,1,1,2,0,0,158.6427501621515,NORMAL,NORMAL
0.36680467211127554,63,42,50958,3389,1,57,31,13,0,210.0290025505,MALICIOUS,BRUTE_FORCE
0.07467362601463104,42,0,55461,116,1,33,2,0,0,709.6346731331394,MALICIOUS,PORT_SCAN
1.2762250431139393,312,1447,61277,443,1,4,4,2,0,247.57663758557348,SUSPICIOUS,SUSPICIOUS_LOGIN
0.06320942232871245,61,0,47214,529,1,118,2,0,0,986.0338633262804,MALICIOUS,PORT_SCAN
0.14128474855638457,74,112,56666,3389,1,42,39,20,0,183.65488934221602,MALICIOUS,BRUTE_FORCE
0.7441089090609567,169,89,52057,3389,1,34,25,23,0,101.9269749662448,MALICIOUS,BRUTE_FORCE
0.7666494676817064,198,114,61693,22,1,26,56,13,0,119.44919468170303,MALICIOUS,BRUTE_FORCE
3.8237583489543887,614,2128,58973,3306,1,2,0,0,0,126.39141551198043,NORMAL,NORMAL
0.28847589047508204,505,5326,63741,8080,2,2,5,0,0,161.72289893194724,NORMAL,NORMAL
1.6407839070810581,364,2484,49289,8080,1,1,2,0,0,73.84550099503198,NORMAL,NORMAL
3.179213686176902,667,4883,58302,443,1,4,4,0,0,120.94195238498568,NORMAL,NORMAL
0.28694296297953026,90,139,62104,445,1,31,29,24,0,116.24092719217151,MALICIOUS,BRUTE_FORCE
4.3438325855308015,445,8209,53507,443,2,1,2,0,0,238.36735866754714,NORMAL,NORMAL
4.525451515102673,592,1260,57427,22,1,2,4,3,0,175.77597017503547,SUSPICIOUS,SUSPICIOUS_LOGIN
2.333455654773328,435,5214,63587,53,1,1,1,0,0,177.01562941171954,NORMAL,NORMAL
0.543661905086363,195,114,52051,3389,1,21,35,16,0,144.78830405570864,MALICIOUS,BRUTE_FORCE
1.4316428931126097,5623,627,60188,443,1,17,24,0,0,2936.6793059923307,MALICIOUS,WEB_ATTACK
3.0910569000590224,562,5971,62061,443,1,2,2,0,0,127.39305473576084,NORMAL,NORMAL
0.036237868984402705,58,0,63187,277,1,76,1,0,0,886.6481286318694,MALICIOUS,PORT_SCAN
0.03049038150636683,394,708,54539,8080,1,1,2,0,0,98.37909090834839,NORMAL,NORMAL
0.5436450140196026,83,147,53904,22,1,40,50,12,0,126.27981232106852,MALICIOUS,BRUTE_FORCE
3.251578199123961,180,2937,53531,80,1,3,2,0,0,161.99825875023436,NORMAL,NORMAL
0.039803736448363276,68,0,62611,593,1,85,1,0,0,719.9410901731742,MALICIOUS,PORT_SCAN
2.9709098150046764,490,6559,63868,443,2,2,2,0,0,159.67466806054165,NORMAL,NORMAL
2.199767965283687,543,637,57258,443,1,3,4,2,0,263.7973287157773,SUSPICIOUS,SUSPICIOUS_LOGIN
0.6584633590633069,1522,525,60124,80,1,14,24,0,0,1873.5786937873686,MALICIOUS,WEB_ATTACK
0.8243617116709776,675,4545,50051,80,1,3,2,0,0,144.4044822928804,NORMAL,NORMAL
0.1685277036668353,570,5314,62843,53,1,1,3,0,0,199.83286219854017,NORMAL,NORMAL
0.06145911322923417,54,0,62022,827,1,96,1,0,0,965.101347357607,MALICIOUS,PORT_SCAN
0.45019432917353186,180,149,59329,22,1,22,54,15,0,170.73511562925825,MALICIOUS,BRUTE_FORCE
2.0411988306681312,156,2264,51426,80,1,2,4,0,0,134.4895286917391,NORMAL,NORMAL
1.286258223913226,639,3430,61834,8080,1,2,2,0,0,166.88057437642775,NORMAL,NORMAL
0.516512803085249,98,6567,61149,53,1,4,1,0,0,161.31771547434798,NORMAL,NORMAL
0.49209249919562437,164,135,49753,22,1,21,57,10,0,225.59841338103766,MALICIOUS,BRUTE_FORCE
0.26672766566673667,213,13328,59652,8080,1,1,2,0,0,94.01001194581629,NORMAL,NORMAL
0.8164751989402004,396,197,51533,445,1,6,5,0,1,233.61931222932753,MALICIOUS,PRIVILEGE_ESCALATION
4.456532761071445,482,2081,60388,443,1,1,1,0,0,150.249947308897,NORMAL,NORMAL
0.4575969109727314,1322,1075,64140,3306,1,2,2,0,0,148.7685399034634,NORMAL,NORMAL
1.2818579864335076,412,202,49960,445,1,4,5,0,1,337.1836732169305,MALICIOUS,PRIVILEGE_ESCALATION
2.292903185393705,632,2663,57122,53,1,1,1,0,0,124.52561652285571,NORMAL,NORMAL
2.2633404384010016,3094,388,50318,80,1,9,21,0,0,2927.0639787371174,MALICIOUS,WEB_ATTACK
2.7708245878051208,761,1360,52425,443,1,4,5,1,0,102.99736964068289,SUSPICIOUS,SUSPICIOUS_LOGIN
2.699044099031485,107,4585,53110,443,2,1,1,0,0,204.38706946007798,NORMAL,NORMAL
1.165051864994398,903,6888,52543,80,1,3,2,0,0,94.77605176401396,NORMAL,NORMAL
0.5043638525600462,5472,714,50247,443,1,12,19,0,0,1621.0399536697141,MALICIOUS,WEB_ATTACK
1.3477203948451515,891,3857,54401,5432,1,3,2,0,0,88.47857168938236,NORMAL,NORMAL
0.21722899710795365,180,65,52171,22,1,36,15,16,0,163.4405188807824,MALICIOUS,BRUTE_FORCE
0.3865628149601773,406,6721,55192,80,1,0,4,0,0,96.16081279013005,NORMAL,NORMAL
2.092281475010473,283,6849,59499,5432,1,2,1,0,0,94.04369348205032,NORMAL,NORMAL
0.4463971072403434,107,138,51994,3389,1,15,57,14,0,112.50871269816261,MALICIOUS,BRUTE_FORCE
1.3814099730944294,1253,4951,61349,443,1,3,1,0,0,57.01282910054124,NORMAL,NORMAL
0.6835764952089554,62,3468,64960,443,1,1,1,0,0,154.17652794767602,NORMAL,NORMAL
0.31288885437705316,117,96,51338,3389,1,22,31,18,0,224.8731606200171,MALICIOUS,BRUTE_FORCE
0.7851427468081142,1270,2773,63128,443,1,2,1,0,0,141.15267888612937,NORMAL,NORMAL
0.5937475091337912,139,117,63099,3389,1,52,53,13,0,235.48428636084518,MALICIOUS,BRUTE_FORCE
0.5832049514870946,70,123,52953,22,1,16,39,8,0,163.04806780757843,MALICIOUS,BRUTE_FORCE
4.796196626223293,181,3128,56842,80,1,3,1,0,0,157.6388242751189,NORMAL,NORMAL
0.16995703349434832,1754,5347,65146,80,1,2,0,0,0,147.9460333730344,NORMAL,NORMAL
1.8777057451264167,358,3134,49598,53,1,1,4,0,0,132.63369328568893,NORMAL,NORMAL
0.5355907470651807,575,1813,55286,443,1,1,1,0,0,131.59440446184985,NORMAL,NORMAL
2.189968181370553,2271,530,49913,443,1,8,8,0,0,2631.7920286266217,MALICIOUS,WEB_ATTACK
1.6489860517464172,218,6082,62886,443,2,1,2,0,0,268.45134787805404,NORMAL,NORMAL
0.7658909051993719,351,4930,50419,443,1,1,0,0,0,119.28093992227691,NORMAL,NORMAL
0.36933945172536,167,117,49835,22,1,15,20,15,0,103.87483276357597,MALICIOUS,BRUTE_FORCE
42.41708419582072,12456727,6803,52434,8443,2,2,1,0,0,206474.81472208715,MALICIOUS,DATA_EXFILTRATION
1.6079070861325544,480,5419,53854,80,1,1,1,0,0,146.23741139087278,NORMAL,NORMAL
0.5581257013434276,345,3413,49571,3306,1,2,2,0,0,108.34188192900726,NORMAL,NORMAL
0.42473798619753056,3251,695,55674,443,1,19,21,0,0,1926.4644217267403,MALICIOUS,WEB_ATTACK
0.4429316361437774,669,5516,56510,443,1,0,2,0,0,155.56474939740647,NORMAL,NORMAL
1.8772890890526668,257,407,59118,443,1,4,5,1,0,261.66011185669936,SUSPICIOUS,SUSPICIOUS_LOGIN
3.4103765877359935,114,4770,50189,8080,1,2,3,0,0,152.74722838602153,NORMAL,NORMAL
0.0547623459752992,52,0,58252,780,2,92,2,0,0,1033.6728826125661,MALICIOUS,PORT_SCAN
1.5551417202083195,229,1923,49527,443,1,0,4,0,0,120.27767600275948,NORMAL,NORMAL
0.8310645222255177,1229,10431,51632,443,1,5,1,0,0,121.68635256979023,NORMAL,NORMAL
0.10080826957192957,200,148,49159,445,1,36,31,9,0,238.3245464633776,MALICIOUS,BRUTE_FORCE
0.252448541587379,520,1699,60673,80,1,3,2,0,0,159.0915458733962,NORMAL,NORMAL
1.3913391969096436,5208,619,60127,443,1,19,20,0,0,1309.5250976132183,MALICIOUS,WEB_ATTACK
0.14457232348489374,147,105,53032,3389,1,37,47,16,0,230.76093556732974,MALICIOUS,BRUTE_FORCE
1.8711179308833503,177,1792,53876,80,1,1,3,0,0,169.708773862681,NORMAL,NORMAL
0.053378876613327866,40,0,64406,356,1,31,1,0,0,713.7342636704999,MALICIOUS,PORT_SCAN
1.0717456003189452,75,3513,60333,443,1,2,4,0,0,48.81135157578157,NORMAL,NORMAL
0.8249635747331108,694,6851,56160,8080,1,1,1,0,0,95.89490534970457,NORMAL,NORMAL
0.57827975156587,778,5062,57304,53,1,3,2,0,0,132.61157880378218,NORMAL,NORMAL
0.057512210883552926,60,0,54770,766,1,107,1,0,0,945.4084512822301,MALICIOUS,PORT_SCAN
3.909409534153456,133,4947,53549,80,1,4,3,0,0,173.6893279440256,NORMAL,NORMAL
0.9702068882796233,1257,5837,63178,8080,1,2,1,0,0,128.89785207441557,NORMAL,NORMAL
2.9160314506097187,355,618,60313,443,1,2,4,1,0,330.8198853235342,SUSPICIOUS,SUSPICIOUS_LOGIN
0.015681883931313853,65,0,43713,14,1,74,2,0,0,1084.947025107906,MALICIOUS,PORT_SCAN
0.03200281591128467,58,0,42415,978,1,31,1,0,0,968.4291660058923,MALICIOUS,PORT_SCAN
1.852047917719322,1243,5449,49410,80,1,2,2,0,0,95.60400587503213,NORMAL,NORMAL
7.845607254428765,453,3630,53388,53,1,4,1,0,0,84.38933443098736,NORMAL,NORMAL
1.2250018663770452,250,267,51721,445,1,7,6,1,1,289.0235544830555,MALICIOUS,PRIVILEGE_ESCALATION
0.41512118327223546,5501,347,57851,443,1,24,9,0,0,1693.5836971127062,MALICIOUS,WEB_ATTACK
104.43154420626385,12552150,3193,64010,8443,1,1,1,0,0,154556.1364020629,MALICIOUS,DATA_EXFILTRATION
1.856579337646601,137,3858,55255,80,1,1,1,0,0,115.70281938560811,NORMAL,NORMAL
0.6306571449538377,272,1849,51747,80,1,4,3,0,0,170.88509303250464,NORMAL,NORMAL
1.3458405481224471,207,8530,56683,443,1,5,0,0,0,131.61804235352975,NORMAL,NORMAL
0.7701942382551548,337,5920,56426,80,1,2,0,0,0,135.06402926493723,NORMAL,NORMAL
0.05846199565881122,62,0,56012,457,1,113,1,0,0,1169.5189203283867,MALICIOUS,PORT_SCAN
0.8357786655293538,1343,7866,62443,80,1,1,2,0,0,80.17056341693615,NORMAL,NORMAL
1.286298732890917,168,4487,50022,443,1,5,2,0,0,139.05996072800139,NORMAL,NORMAL
7.820727381660623,879,2703,49914,53,2,1,3,0,0,159.40681747914323,NORMAL,NORMAL
2.5631177917120858,425,6070,50782,53,2,4,3,0,0,152.8637419134254,NORMAL,NORMAL
42.374203572883985,8653684,7200,56039,443,1,2,1,0,0,469614.6450055314,MALICIOUS,DATA_EXFILTRATION
1.304290275124056,2627,641,54502,443,1,9,12,0,0,1189.485280783659,MALICIOUS,WEB_ATTACK
1.6103117732061025,461,4259,64112,80,1,4,1,0,0,151.72576078561846,NORMAL,NORMAL
0.21994299949070417,457,4374,62929,53,1,3,3,0,0,158.46149781166847,NORMAL,NORMAL
36.36947517570575,6079843,7377,59632,443,2,2,1,0,0,335069.4802547607,MALICIOUS,DATA_EXFILTRATION
0.7511091981492086,154,149,49186,22,1,41,36,15,0,114.43521154885525,MALICIOUS,BRUTE_FORCE
1.9070122287564995,172,349,60480,22,1,5,7,1,1,185.06673293933858,MALICIOUS,PRIVILEGE_ESCALATION
3.3290895774528995,331,726,56817,443,1,4,3,3,0,138.84523950614096,SUSPICIOUS,SUSPICIOUS_LOGIN
0.029230379602975774,43,0,47181,165,1,57,1,0,0,765.6743551863706,MALICIOUS,PORT_SCAN
2.6174408697403617,1254,7669,61618,443,1,1,5,0,0,224.18723106223183,NORMAL,NORMAL
1.8433680281810876,491,4557,58190,80,1,1,2,0,0,158.6014324854892,NORMAL,NORMAL
1.744319868243137,1192,673,64798,443,1,2,1,0,0,210.30830797253458,NORMAL,NORMAL
4.389843132318287,542,1127,53962,443,1,5,5,1,1,105.98162511313983,SUSPICIOUS,SUSPICIOUS_LOGIN
0.06760179727674148,595,4036,56305,443,2,2,2,0,0,205.18940844346284,NORMAL,NORMAL
0.2067221985197197,1012,2904,64559,8080,1,2,0,0,0,133.0529988208235,NORMAL,NORMAL
0.020372288256411103,46,0,62163,534,1,97,1,0,0,1133.6527192550939,MALICIOUS,PORT_SCAN
6.081452659849838,432,2165,65012,80,1,4,2,0,0,152.26966733187277,NORMAL,NORMAL
2.2504974926650223,2445,477,56677,443,1,17,10,0,0,1601.5015873186221,MALICIOUS,WEB_ATTACK
2.9511574955902926,953,4610,61630,443,1,3,3,0,0,140.910668049508,NORMAL,NORMAL
0.199637342370782,151,3104,50734,443,1,5,5,0,0,142.72432325946514,NORMAL,NORMAL
0.4824587439787194,914,2317,64532,443,1,2,1,0,0,215.08472208639031,NORMAL,NORMAL
0.010795733462625799,63,0,54188,61,1,107,2,0,0,970.3525688139905,MALICIOUS,PORT_SCAN
1.4410348799685901,19,9446,53322,443,1,1,0,0,0,195.79755606891413,NORMAL,NORMAL
1.9554326569296359,325,196,64059,22,1,7,3,0,1,363.7815681835236,MALICIOUS,PRIVILEGE_ESCALATION
4.2182265878367105,141,4260,50533,443,1,1,3,0,0,135.96460905484003,NORMAL,NORMAL
2.781868960753746,162,4235,55029,80,1,1,1,0,0,178.072881211227,NORMAL,NORMAL
3.1041904614138147,212,2495,54579,80,1,0,2,0,0,155.95306916126538,NORMAL,NORMAL
1.0964106549908705,5611,371,62853,80,1,8,22,0,0,1077.5258651176246,MALICIOUS,WEB_ATTACK
1.346889433253668,465,794,52618,80,1,1,3,0,0,138.40004462612163,NORMAL,NORMAL
0.05773572752563846,1313,8035,49516,80,2,1,0,0,0,62.26448766348794,NORMAL,NORMAL
1.099397865978062,402,4337,62420,443,1,3,1,0,0,170.70973287802127,NORMAL,NORMAL
1.2829311709682316,89,2015,58179,443,1,1,5,0,0,134.0213803810859,NORMAL,NORMAL
1.3308805418867962,290,301,65227,22,1,4,4,1,1,366.06271823282196,MALICIOUS,PRIVILEGE_ESCALATION
2.3152794702615545,4604,865,57295,443,1,22,21,0,0,2756.023505054223,MALICIOUS,WEB_ATTACK
2.7123674305339165,443,3988,65290,443,1,2,3,0,0,188.65935455142835,NORMAL,NORMAL
1.7692977955761622,336,7492,53518,443,1,2,1,0,0,138.24019165585725,NORMAL,NORMAL
0.012976007013321595,51,0,43489,17,1,49,1,0,0,1167.4442509785672,MALICIOUS,PORT_SCAN
1.4388153138480981,282,384,64331,22,1,4,3,0,1,280.1612097160643,MALICIOUS,PRIVILEGE_ESCALATION
1.6485624961538043,747,1345,51194,22,1,4,2,2,1,296.71849240520123,SUSPICIOUS,SUSPICIOUS_LOGIN
6.155974819678303,299,4658,52500,443,1,2,1,0,0,90.88911568986731,NORMAL,NORMAL
3.4238672588459713,120,3266,58407,53,1,1,1,0,0,102.7614552861192,NORMAL,NORMAL
0.7456991100656152,531,2805,59395,80,1,3,3,0,0,127.89228184866012,NORMAL,NORMAL
1.1679677561205626,634,6203,55463,3306,1,4,3,0,0,207.34534435271513,NORMAL,NORMAL
1.3989494959936464,2178,882,57292,80,1,18,23,0,0,2866.8278274074814,MALICIOUS,WEB_ATTACK
1.6682071297106267,396,2984,58613,8080,1,0,0,0,0,157.0398900850958,NORMAL,NORMAL
0.7500237115484529,173,205,49732,445,1,4,6,0,1,283.01321279619043,MALICIOUS,PRIVILEGE_ESCALATION
0.2958049224876726,240,3824,55179,443,1,3,3,0,0,82.95314975228243,NORMAL,NORMAL
0.5190095342888128,193,74,57247,3389,1,32,45,24,0,164.8791213149635,MALICIOUS,BRUTE_FORCE
0.04447095276518747,61,0,41358,77,2,89,1,0,0,1047.5705329031057,MALICIOUS,PORT_SCAN
55.091379715781294,5595258,2614,62419,443,1,2,1,0,0,444013.59323997697,MALICIOUS,DATA_EXFILTRATION
0.6620547121726658,136,144,64942,22,1,50,36,8,0,87.30152793952026,MALICIOUS,BRUTE_FORCE
2.131607746566883,451,3014,52464,443,1,0,3,0,0,175.06463196927513,NORMAL,NORMAL
0.9648884129247561,423,4955,52962,3306,1,5,5,0,0,127.05509866739956,NORMAL,NORMAL
1.237689712058224,3119,285,54776,443,1,23,14,0,0,2626.8063069563605,MALICIOUS,WEB_ATTACK
2.8822983785776084,415,1300,56387,22,1,3,5,3,0,325.5411688490572,SUSPICIOUS,SUSPICIOUS_LOGIN
4.575239544092788,845,6932,55883,5432,1,3,0,0,0,183.84054178685074,NORMAL,NORMAL
0.4034593816245573,321,3620,63411,53,2,3,0,0,0,143.12758144789305,NORMAL,NORMAL
3.334207543004516,393,2742,54109,5432,1,3,2,0,0,205.02961547504665,NORMAL,NORMAL
0.203833561946142,1051,2952,54467,53,1,2,0,0,0,177.18390995738704,NORMAL,NORMAL
0.1761879730918957,193,102,61309,22,1,33,22,9,0,172.83418427059445,MALICIOUS,BRUTE_FORCE
0.22349292719454264,969,5566,57727,5432,1,4,1,0,0,123.83770885652929,NORMAL,NORMAL
4.116640561842965,677,1393,58070,443,1,5,5,1,1,170.1908059711894,SUSPICIOUS,SUSPICIOUS_LOGIN
1.1019497439687382,413,2735,49210,80,1,2,3,0,0,117.6778628363985,NORMAL,NORMAL
0.4917064487056926,94,74,55618,22,1,44,46,21,0,91.0665603418594,MALICIOUS,BRUTE_FORCE
0.735836824904768,212,146,52592,3389,1,17,52,20,0,201.9452737599934,MALICIOUS,BRUTE_FORCE
1.350903195138612,394,2537,55668,3306,2,3,2,0,0,142.7711083927288,NORMAL,NORMAL
0.5986162199383667,1684,3950,63864,80,1,5,1,0,0,166.52901798744142,NORMAL,NORMAL
0.19744635402178712,116,138,65193,3389,1,22,42,10,0,221.73803939497708,MALICIOUS,BRUTE_FORCE
2.1077868501929036,3491,634,63286,8080,1,24,24,0,0,1617.6804870680974,MALICIOUS,WEB_ATTACK
1.2667299747859606,208,278,56722,22,1,5,3,1,1,257.20154717279155,MALICIOUS,PRIVILEGE_ESCALATION
0.7527287024935252,441,8646,57937,5432,1,3,0,0,0,177.02074946329142,NORMAL,NORMAL
0.27392198431435455,1793,712,62436,80,1,13,9,0,0,2021.067459868711,MALICIOUS,WEB_ATTACK
0.04960591715470248,938,3059,54969,443,1,0,5,0,0,121.11421292835524,NORMAL,NORMAL
1.9435098129243948,1654,4642,61196,80,1,4,1,0,0,157.31658254481025,NORMAL,NORMAL
58.47310685344045,1591041,7394,58360,443,2,1,1,0,0,197620.1548602776,MALICIOUS,DATA_EXFILTRATION
0.025739175015124162,52,0,59042,423,1,37,1,0,0,753.9709162787478,MALICIOUS,PORT_SCAN
2.0823999133341093,270,621,58928,3389,1,5,3,2,0,279.2406754836852,SUSPICIOUS,SUSPICIOUS_LOGIN
0.03775677808785635,68,0,55762,606,1,34,2,0,0,712.3960606363229,MALICIOUS,PORT_SCAN
3.324529992572446,400,1228,63717,3389,1,4,4,1,0,204.37535207595883,SUSPICIOUS,SUSPICIOUS_LOGIN
0.47075101036204525,421,8442,51524,80,1,2,1,0,0,143.65849230334175,NORMAL,NORMAL
4.049540286099834,453,875,56559,22,1,4,4,3,1,253.14406907698543,SUSPICIOUS,SUSPICIOUS_LOGIN
1.532853571037286,964,3540,60800,80,1,3,4,0,0,131.0219801812413,NORMAL,NORMAL
1.1587163994362717,312,6155,50750,80,2,5,4,0,0,148.1925788629935,NORMAL,NORMAL
0.07192048966089372,67,0,58806,989,1,119,2,0,0,707.134963047753,MALICIOUS,PORT_SCAN
2.9202508160481777,319,408,63272,22,1,5,4,0,1,338.1341535397266,MALICIOUS,PRIVILEGE_ESCALATION
1.5951611246524038,197,6366,58552,443,2,0,1,0,0,90.8862469547379,NORMAL,NORMAL
0.43702048551577755,453,2952,61372,443,1,3,4,0,0,146.82625010005373,NORMAL,NORMAL
6.860869957422128,308,9467,60390,80,1,2,0,0,0,135.93392120846266,NORMAL,NORMAL
1.0183649393295109,424,7947,59494,443,1,2,0,0,0,149.60951210807204,NORMAL,NORMAL
2.417766619963868,332,189,55567,445,1,5,4,0,1,279.36481278844275,MALICIOUS,PRIVILEGE_ESCALATION
0.5912026046432753,1562,6458,50729,443,1,2,0,0,0,122.5925648635797,NORMAL,NORMAL
0.036028569798635224,64,0,56504,457,1,30,2,0,0,721.2064645769655,MALICIOUS,PORT_SCAN
1.0348430465275853,115,1902,56827,443,1,3,2,0,0,147.60294009583902,NORMAL,NORMAL
2.285658556283643,459,6815,64528,53,1,2,1,0,0,182.20925091867642,NORMAL,NORMAL
1.0116129242512657,2179,3369,61008,5432,1,0,4,0,0,186.3365116323247,NORMAL,NORMAL
0.5493708407119098,346,4923,50393,8080,1,6,4,0,0,151.41181562980864,NORMAL,NORMAL
0.04867537496462593,49,0,53598,25,1,72,2,0,0,1137.7297392197715,MALICIOUS,PORT_SCAN
2.6104869389690455,258,336,52628,445,1,3,5,0,1,202.64775700870587,MALICIOUS,PRIVILEGE_ESCALATION
1.0426314987029235,1293,1857,54986,80,1,2,1,0,0,121.02408574153594,NORMAL,NORMAL
0.7613674913050239,6464,353,50556,443,1,16,22,0,0,1174.0237671499785,MALICIOUS,WEB_ATTACK
1.1823834831031432,768,4484,49303,443,1,4,2,0,0,217.44372617355975,NORMAL,NORMAL
0.8003055396867051,93,3827,51398,80,1,2,2,0,0,183.2199253594381,NORMAL,NORMAL
0.10050922555023839,87,79,55695,22,1,33,56,11,0,105.17081560255097,MALICIOUS,BRUTE_FORCE
0.6862099920219586,572,6310,55897,443,1,2,3,0,0,124.75526504826269,NORMAL,NORMAL
2.77430221424223,423,1994,49545,53,1,1,6,0,0,122.34744622978917,NORMAL,NORMAL
0.04341485305333065,54,0,53812,594,1,40,2,0,0,814.1388510905292,MALICIOUS,PORT_SCAN
0.15962107503887746,1075,3174,58268,80,1,3,2,0,0,232.33967819291558,NORMAL,NORMAL
5.23685712652057,145,1227,64985,5432,1,2,1,0,0,220.61816961124387,NORMAL,NORMAL
0.29766972681869025,359,5045,49863,80,1,1,1,0,0,90.78683520706836,NORMAL,NORMAL
0.9839712994965815,148,2163,57593,443,1,5,2,0,0,207.12936857898765,NORMAL,NORMAL
2.7335009639103776,79,7067,52049,80,2,1,3,0,0,104.62513586721987,NORMAL,NORMAL
1.445847928723222,305,5125,55719,80,1,1,0,0,0,152.48092711826905,NORMAL,NORMAL
0.06332627267035058,67,0,60537,696,1,94,1,0,0,882.2768002402333,MALICIOUS,PORT_SCAN
0.048204823245158554,67,0,43525,479,1,82,2,0,0,1007.7516803919748,MALICIOUS,PORT_SCAN
0.09747585440156897,842,4919,60807,80,1,4,0,0,0,128.7705858266875,NORMAL,NORMAL
0.06718959670143931,66,0,46963,69,1,79,1,0,0,904.8442593940072,MALICIOUS,PORT_SCAN
0.39740132461261646,159,43,60050,22,1,36,39,12,0,170.6603682089534,MALICIOUS,BRUTE_FORCE
5.865882772880756,836,4395,64908,443,1,5,2,0,0,98.60722327606405,NORMAL,NORMAL
1.2100713621067054,230,8078,53264,443,1,4,0,0,0,151.4208972311183,NORMAL,NORMAL
2.1276947199805414,5575,603,52679,443,1,20,21,0,0,2986.7232070698115,MALICIOUS,WEB_ATTACK
2.953924689920821,259,2110,57527,3306,1,3,2,0,0,163.26101178306914,NORMAL,NORMAL
0.48837583110943944,532,9923,59921,443,1,0,2,0,0,197.90246267417115,NORMAL,NORMAL
0.6361120313114227,447,8254,52770,443,2,2,0,0,0,141.46680802762924,NORMAL,NORMAL
0.605957990533468,1548,889,51054,443,1,5,3,0,0,155.33773116175922,NORMAL,NORMAL
0.8398358425211119,1126,4891,58532,443,1,3,1,0,0,159.6268312094124,NORMAL,NORMAL
1.039661300232976,428,4848,60161,443,1,2,1,0,0,77.958552705816,NORMAL,NORMAL
0.5663235290884794,457,6655,57614,53,1,6,2,0,0,134.01664018060592,NORMAL,NORMAL
0.03870410636947497,2746,6513,63006,80,1,1,0,0,0,130.60182292806948,NORMAL,NORMAL
0.3114593173464403,601,2823,62439,80,1,3,4,0,0,105.29655829506703,NORMAL,NORMAL
0.8653971176798864,845,3619,59564,443,1,2,0,0,0,140.57386397939192,NORMAL,NORMAL
0.03796204633382315,47,0,40848,950,1,46,1,0,0,1002.7807041880887,MALICIOUS,PORT_SCAN
0.3120949831148505,192,58,56944,445,1,28,24,21,0,226.8760318596036,MALICIOUS,BRUTE_FORCE
0.30632429420357266,135,5170,50035,80,1,1,5,0,0,138.15247201530948,NORMAL,NORMAL
0.011629980548772177,47,0,44328,178,1,119,1,0,0,1051.849981802609,MALICIOUS,PORT_SCAN
0.08556051864256282,1269,3502,50476,443,1,4,2,0,0,135.97708471007982,NORMAL,NORMAL
0.34437293934263763,336,6315,64206,53,1,2,2,0,0,141.42593154759177,NORMAL,NORMAL
1.4379670914296692,453,4221,51278,3306,1,2,1,0,0,184.09079398074783,NORMAL,NORMAL
0.5466971504342726,533,3496,55526,53,1,7,1,0,0,130.43375299263136,NORMAL,NORMAL
2.0910886927023458,812,7935,53219,443,1,0,3,0,0,207.97359025843352,NORMAL,NORMAL
1.8986718007857917,909,4590,52412,443,1,3,1,0,0,181.30169182101002,NORMAL,NORMAL
0.022704784997066827,878,1536,61716,443,1,7,1,0,0,77.71834420272735,NORMAL,NORMAL
0.060426160764628034,49,0,63222,166,1,42,2,0,0,795.3304237927484,MALICIOUS,PORT_SCAN
0.020820432397050954,52,0,62717,362,1,84,2,0,0,552.3911775388385,MALICIOUS,PORT_SCAN
0.0666487003524498,59,0,60916,910,1,67,2,0,0,1057.2959947424288,MALICIOUS,PORT_SCAN
0.4395138617306783,466,5014,57042,443,1,1,4,0,0,130.49792471822093,NORMAL,NORMAL
0.32434258076221506,188,3010,59649,53,1,3,2,0,0,90.57042137109973,NORMAL,NORMAL
1.2738302795665595,446,1413,54878,22,1,3,4,3,0,348.1236064472307,SUSPICIOUS,SUSPICIOUS_LOGIN
0.013248811907110757,54,0,56843,557,1,118,2,0,0,762.6620838818534,MALICIOUS,PORT_SCAN
1.6360626402012866,262,2890,60254,53,1,1,0,0,0,135.04951400128925,NORMAL,NORMAL
1.989562733538411,5218,502,63868,80,1,23,17,0,0,960.5230741715054,MALICIOUS,WEB_ATTACK
0.5414352845204236,610,2900,60090,80,1,0,1,0,0,159.2530437737284,NORMAL,NORMAL
0.5935310034914745,872,8622,50881,443,1,1,0,0,0,202.1775615472847,NORMAL,NORMAL
1.205203798832044,447,4000,63175,3306,1,1,1,0,0,126.66353588225425,NORMAL,NORMAL
0.657366460619236,639,8647,51308,443,1,1,2,0,0,156.52841020109418,NORMAL,NORMAL
0.23168699087078135,908,5015,50916,80,1,3,3,0,0,153.61687915384115,NORMAL,NORMAL
0.40794735786133096,170,7575,52158,443,1,2,0,0,0,115.05786272972591,NORMAL,NORMAL
5.871935299041308,135,3287,56191,80,1,0,4,0,0,189.10579379153742,NORMAL,NORMAL
0.1097688720662566,204,128,58640,22,1,58,22,19,0,115.79275086636466,MALICIOUS,BRUTE_FORCE
0.7706512902455773,99,5770,62166,443,2,3,0,0,0,87.43679244353396,NORMAL,NORMAL
1.48558852759456,271,1437,61321,80,1,3,1,0,0,119.11403754877364,NORMAL,NORMAL
1.7420012325746264,1774,340,53246,80,1,8,8,0,0,2566.539594712385,MALICIOUS,WEB_ATTACK
0.5101621013666563,443,4714,52967,8080,1,0,0,0,0,117.31185585349115,NORMAL,NORMAL
0.1993378818613818,542,3082,57450,8080,2,2,1,0,0,166.30431287143224,NORMAL,NORMAL
0.23323300366344268,182,10626,59633,5432,1,2,2,0,0,98.94656317493849,NORMAL,NORMAL
0.4159205369264183,433,2634,59105,80,1,2,1,0,0,192.7272976311346,NORMAL,NORMAL
1.1065542583587624,218,4452,61435,3306,1,4,0,0,0,118.10529795599783,NORMAL,NORMAL
0.07350206198229334,48,0,49648,621,1,119,1,0,0,612.4684041287587,MALICIOUS,PORT_SCAN
2.4072428793841985,434,722,57358,22,1,4,3,3,0,245.65162435718875,SUSPICIOUS,SUSPICIOUS_LOGIN
2.9350083564692975,1579,6094,50558,53,2,2,2,0,0,193.3931096062443,NORMAL,NORMAL
0.37835490929796656,1246,506,49265,443,1,9,14,0,0,978.9080286454532,MALICIOUS,WEB_ATTACK
0.019114088559054693,47,0,54276,1012,1,97,2,0,0,530.9447097152065,MALICIOUS,PORT_SCAN
0.8951742479004097,306,454,50643,22,1,6,5,1,1,182.25258664999265,MALICIOUS,PRIVILEGE_ESCALATION
1.2121569388733562,397,4585,64186,3306,1,1,0,0,0,160.65320763702184,NORMAL,NORMAL
0.5753544117709215,166,156,56250,22,1,6,3,0,1,225.65940932278627,MALICIOUS,PRIVILEGE_ESCALATION
1.6181855958743907,465,3558,56008,80,2,2,3,0,0,125.6346092314476,NORMAL,NORMAL
0.08163106782645696,1280,2783,54930,80,1,2,1,0,0,123.45775184930352,NORMAL,NORMAL
1.6789873559735098,460,2208,50518,443,1,2,2,0,0,176.56481933871592,NORMAL,NORMAL
0.5622689354161221,109,97,58013,22,1,29,48,24,0,132.5190179235887,MALICIOUS,BRUTE_FORCE
3.321277658164774,469,6948,52347,443,1,4,1,0,0,161.71880781905406,NORMAL,NORMAL
0.5907387537166251,3005,679,51272,443,1,22,23,0,0,1535.1207097770653,MALICIOUS,WEB_ATTACK
2.3874018954360614,22,4544,61134,443,1,2,2,0,0,177.5587734535228,NORMAL,NORMAL
0.08420531429158955,631,3911,51675,80,1,2,0,0,0,157.2224375278988,NORMAL,NORMAL
4.36823685386058,365,4208,58365,80,1,2,1,0,0,82.05115182293586,NORMAL,NORMAL
3.9111163921836534,183,3811,56797,80,1,1,2,0,0,188.3769422824738,NORMAL,NORMAL
0.7641816019762696,370,4684,62538,53,2,2,2,0,0,147.46424708169877,NORMAL,NORMAL
6.226071765431776,625,2837,58164,443,1,2,1,0,0,162.40035632416402,NORMAL,NORMAL
0.6084737847364344,201,51,49488,3389,1,24,58,11,0,135.2654428104782,MALICIOUS,BRUTE_FORCE
1.7221300156735038,152,745,53255,443,1,3,3,0,0,166.02347259643017,NORMAL,NORMAL
0.6077818080902438,208,140,56370,22,1,15,44,17,0,212.18552745584955,MALICIOUS,BRUTE_FORCE
0.04863939144182369,43,0,41851,764,1,86,1,0,0,880.853194946799,MALICIOUS,PORT_SCAN
4.40069479825986,96,3985,61700,53,1,2,2,0,0,72.83993969426241,NORMAL,NORMAL
0.07638518645559131,52,0,49649,341,1,62,2,0,0,1086.27876823284,MALICIOUS,PORT_SCAN
36.771948532424325,12833579,5998,52903,8443,1,2,1,0,0,214565.0513564257,MALICIOUS,DATA_EXFILTRATION
4.971186069869262,562,634,55112,22,1,5,2,1,0,301.2385958981971,SUSPICIOUS,SUSPICIOUS_LOGIN
2.1552772860438387,269,5911,55286,443,1,0,2,0,0,113.64112616875522,NORMAL,NORMAL
0.28119012885032935,565,5431,62076,53,1,1,1,0,0,110.90744046094915,NORMAL,NORMAL
3.2605118729559437,442,553,57809,22,1,4,4,2,1,289.65768989010303,SUSPICIOUS,SUSPICIOUS_LOGIN
1.336244042043581,181,3237,62805,443,1,4,0,0,0,108.53454194487287,NORMAL,NORMAL
1.3602401603167864,558,5903,49704,443,2,1,3,0,0,217.86270464336133,NORMAL,NORMAL
3.523819420042383,613,650,51718,22,1,4,3,1,0,201.48233004946917,SUSPICIOUS,SUSPICIOUS_LOGIN
6.732046384909646,741,4667,60420,5432,1,5,0,0,0,131.46760568442548,NORMAL,NORMAL
2.240157917692582,55,2173,50711,80,1,2,1,0,0,187.87048533045066,NORMAL,NORMAL
0.5253944836785963,441,156,64220,445,1,5,3,1,1,214.81215232592209,MALICIOUS,PRIVILEGE_ESCALATION
2.8242517397543185,366,5412,61445,53,1,3,2,0,0,135.809927214846,NORMAL,NORMAL
4.3038619965736835,777,867,60095,22,1,2,3,3,0,262.6778672435154,SUSPICIOUS,SUSPICIOUS_LOGIN
0.44356188609759484,169,145,64791,22,1,54,29,10,0,186.86556050044305,MALICIOUS,BRUTE_FORCE
1.4092426213331104,992,5352,50865,443,1,2,0,0,0,198.503383278942,NORMAL,NORMAL
0.040904057676761314,55,0,61408,85,1,74,1,0,0,589.2734406010893,MALICIOUS,PORT_SCAN
1.7988335838072866,2138,8887,59912,443,1,0,0,0,0,182.169531787307,NORMAL,NORMAL
0.48810508829876587,1108,1994,56118,443,1,1,1,0,0,135.6382566799889,NORMAL,NORMAL
0.12505368733746636,89,131,60110,22,1,21,28,24,0,107.75891843547484,MALICIOUS,BRUTE_FORCE
0.8373269158282104,482,6676,61402,443,1,2,4,0,0,163.6836098508394,NORMAL,NORMAL
0.15342032135417974,104,116,54489,445,1,34,16,8,0,135.98105706084783,MALICIOUS,BRUTE_FORCE
1.6707443087598755,110,8037,58017,443,1,3,3,0,0,173.74968703364846,NORMAL,NORMAL
0.5030271278189039,141,4195,55716,53,1,3,1,0,0,151.3561089472935,NORMAL,NORMAL
1.800893311430571,423,2227,63190,80,1,1,1,0,0,154.1076206699435,NORMAL,NORMAL
0.6273245512563649,3032,519,51026,80,1,20,16,0,0,782.1735597806401,MALICIOUS,WEB_ATTACK
1.8921189137999415,235,3318,57692,443,1,0,2,0,0,109.59654164561829,NORMAL,NORMAL
4.178931149292314,408,3146,60937,443,2,1,3,0,0,101.7359152407729,NORMAL,NORMAL
0.5501418649052335,402,3107,58925,80,1,1,2,0,0,101.68044708755306,NORMAL,NORMAL
2.452477216289186,1132,4883,57169,443,1,3,4,0,0,151.9829091719762,NORMAL,NORMAL
0.22766388442777333,732,6091,52880,8080,1,2,2,0,0,146.6757876633358,NORMAL,NORMAL
0.6877546640197034,117,124,60393,3389,1,15,27,5,0,216.58380084520326,MALICIOUS,BRUTE_FORCE
0.2617590985290443,260,2371,60003,80,1,0,2,0,0,140.93288891615848,NORMAL,NORMAL
0.07372872961546771,53,0,57726,639,1,95,1,0,0,958.3060549929507,MALICIOUS,PORT_SCAN
1.9307828820400488,5715,686,57367,8080,1,8,17,0,0,2080.2083665866267,MALICIOUS,WEB_ATTACK
0.9396914659613531,650,5554,60932,443,2,2,1,0,0,137.04727949900501,NORMAL,NORMAL
0.16087575586130476,201,74,61037,3389,1,47,43,12,0,85.80930813244207,MALICIOUS,BRUTE_FORCE
1.2948597196447489,1063,5489,58100,80,1,1,1,0,0,157.78514311669645,NORMAL,NORMAL
1.788567749333204,750,4501,61500,80,1,1,1,0,0,192.9472804839501,NORMAL,NORMAL
1.1799973352378401,98,1073,54935,443,1,3,2,0,0,80.25787182216115,NORMAL,NORMAL
0.0185927864172111,57,0,52795,891,1,60,2,0,0,541.8856166408143,MALICIOUS,PORT_SCAN
0.5136723357561745,202,4796,58379,443,1,0,1,0,0,117.10320270471198,NORMAL,NORMAL
0.8578085498543049,616,10027,52934,443,1,1,3,0,0,81.97303981072132,NORMAL,NORMAL
1.4586245850178772,12,4397,51241,443,2,2,3,0,0,146.08153127903756,NORMAL,NORMAL
0.07194748724142115,51,0,59486,360,1,56,1,0,0,837.7151649052462,MALICIOUS,PORT_SCAN
1.4038101919573482,245,204,55580,445,1,4,5,1,1,311.6192031724876,MALICIOUS,PRIVILEGE_ESCALATION
2.296995729614147,2675,620,51850,443,1,22,12,0,0,1544.1489122979215,MALICIOUS,WEB_ATTACK
0.7859088697394383,402,7500,53713,80,1,0,1,0,0,175.06233540937583,NORMAL,NORMAL
1.8324197702868266,337,395,49504,445,1,7,7,1,1,360.69705374629086,MALICIOUS,PRIVILEGE_ESCALATION
2.08240507909201,5411,239,60680,443,1,19,20,0,0,1183.1694576630493,MALICIOUS,WEB_ATTACK
0.7098667140413906,61,4549,54654,80,2,2,1,0,0,192.95367311806407,NORMAL,NORMAL
1.0488368582148784,181,4167,59310,5432,1,2,2,0,0,129.23897124327405,NORMAL,NORMAL
1.7411749039599909,375,9693,52892,443,1,2,2,0,0,82.81018693924017,NORMAL,NORMAL
1.9328238363855936,1175,9346,49415,443,1,0,2,0,0,111.5260136553873,NORMAL,NORMAL
0.6609852824297899,529,1099,59765,443,1,2,0,0,0,146.1310359963181,NORMAL,NORMAL
1.7264248418798198,1489,428,57092,80,1,20,19,0,0,1427.7340950694452,MALICIOUS,WEB_ATTACK
0.537196912909953,131,123,65357,3389,1,22,33,17,0,88.94152478487062,MALICIOUS,BRUTE_FORCE
3.909656134562983,627,2883,53754,443,1,0,6,0,0,188.37508933296914,NORMAL,NORMAL
0.19890478072701984,121,7834,61155,443,1,0,3,0,0,191.38693589221822,NORMAL,NORMAL
0.03814114354871276,54,0,45498,482,1,54,1,0,0,583.423032744988,MALICIOUS,PORT_SCAN
3.603895182778115,109,3716,51437,80,1,5,2,0,0,160.40740078903144,NORMAL,NORMAL
1.4004504117925292,492,5377,54068,53,1,1,1,0,0,99.54180665379565,NORMAL,NORMAL
4.460531690260396,301,3763,58822,443,1,1,2,0,0,162.9199918911319,NORMAL,NORMAL
0.6058185993432667,513,5339,58158,53,1,2,3,0,0,159.00550170301665,NORMAL,NORMAL
0.49392918905891425,143,95,51291,22,1,49,45,16,0,121.64446104526763,MALICIOUS,BRUTE_FORCE
1.5760310437522065,308,1980,53644,443,1,6,3,0,0,102.62964695889,NORMAL,NORMAL
1.1012348439724635,461,8895,61226,443,1,1,1,0,0,154.66647004678015,NORMAL,NORMAL
1.6770538600875842,363,1091,59959,80,2,2,3,0,0,109.28845549344612,NORMAL,NORMAL
1.181099861106444,896,1830,54194,53,1,1,4,0,0,94.37157183629469,NORMAL,NORMAL
0.07941968757645873,65,0,44534,608,1,107,2,0,0,824.272544061131,MALICIOUS,PORT_SCAN
0.2245506731486723,719,3306,53237,80,1,4,4,0,0,161.89921374508663,NORMAL,NORMAL
3.2093101994414512,1437,2414,60298,53,1,0,1,0,0,97.17022869516384,NORMAL,NORMAL
0.5957080572677785,1090,1255,52855,443,2,1,2,0,0,170.2484602398289,NORMAL,NORMAL
3.037361096815432,648,8380,56885,443,1,1,2,0,0,176.90754098434644,NORMAL,NORMAL
0.9301037442351069,285,300,55327,445,1,5,5,1,1,187.74538092813987,MALICIOUS,PRIVILEGE_ESCALATION
2.0998928732924966,531,5154,61839,53,1,2,2,0,0,183.41368149237127,NORMAL,NORMAL
0.3443285548970812,1011,4436,59309,3306,1,5,2,0,0,166.09472673760223,NORMAL,NORMAL
0.04764139813759698,58,0,53142,904,1,94,1,0,0,1016.2675685765114,MALICIOUS,PORT_SCAN
2.517575864254108,584,521,49627,443,1,4,3,2,0,142.5673379529015,SUSPICIOUS,SUSPICIOUS_LOGIN
1.580604136788397,301,8120,60877,3306,2,1,2,0,0,251.54764406949946,NORMAL,NORMAL
0.34533764351701834,285,9333,60915,53,1,0,1,0,0,187.1552880590914,NORMAL,NORMAL
1.959781267420631,136,3886,53406,80,1,2,2,0,0,184.18801739545074,NORMAL,NORMAL
2.887511020533089,365,5708,54198,443,1,4,2,0,0,190.1011608455721,NORMAL,NORMAL
0.22770827705860264,1095,5856,63043,443,1,2,0,0,0,132.88598671490155,NORMAL,NORMAL
0.8044556023690647,1438,3953,56859,80,1,7,2,0,0,105.3708462967349,NORMAL,NORMAL
1.902586761712348,1692,614,61096,80,1,20,17,0,0,2684.3969788366358,MALICIOUS,WEB_ATTACK
1.5476441246419959,3157,669,50083,80,1,15,16,0,0,1720.5458020527847,MALICIOUS,WEB_ATTACK
1.4556218656501054,411,5659,65134,53,1,0,1,0,0,154.6238695471963,NORMAL,NORMAL
0.5839514662809171,434,488,50278,445,1,4,5,1,1,345.03804865558993,MALICIOUS,PRIVILEGE_ESCALATION
0.21013972939265846,197,138,56282,22,1,15,42,6,0,130.8774021242312,MALICIOUS,BRUTE_FORCE
0.2655054417352164,174,96,51911,22,1,37,54,18,0,182.80587758721373,MALICIOUS,BRUTE_FORCE
0.2846624276449784,713,5724,57714,443,2,2,1,0,0,85.1359430838204,NORMAL,NORMAL
0.051735366119886904,62,0,62265,48,1,71,2,0,0,689.9146926293053,MALICIOUS,PORT_SCAN
69.46723745977559,12366019,4264,64936,443,1,3,1,0,0,423052.9546637296,MALICIOUS,DATA_EXFILTRATION
1.0220672168433178,933,3673,53055,80,1,1,1,0,0,157.76528608022574,NORMAL,NORMAL
0.02525215895113997,56,0,53675,742,1,119,2,0,0,545.4384495034925,MALICIOUS,PORT_SCAN
3.5997054738711642,1096,4555,64088,80,1,1,1,0,0,246.45755656162294,NORMAL,NORMAL
2.369289209480935,1249,5269,52479,443,2,2,1,0,0,119.29130186539729,NORMAL,NORMAL
0.3723088416715655,958,1737,62401,8080,1,3,1,0,0,216.8488463776252,NORMAL,NORMAL
1.0919812290088693,809,3014,59538,53,1,1,2,0,0,179.80604757743453,NORMAL,NORMAL
1.5384759061604067,730,1045,56607,22,1,3,5,1,0,305.42457981336315,SUSPICIOUS,SUSPICIOUS_LOGIN
2.0367876344222435,297,2599,65059,80,2,7,1,0,0,65.97344411662975,NORMAL,NORMAL
0.4785869920723987,328,1694,52542,80,1,3,5,0,0,204.8945578106068,NORMAL,NORMAL
0.7121941209805571,736,2808,59609,443,1,1,2,0,0,77.5082088300617,NORMAL,NORMAL
0.5028745145716226,489,4539,57316,443,1,3,1,0,0,248.52968449941145,NORMAL,NORMAL
0.05193229969748186,63,0,56501,480,1,114,1,0,0,542.6241805813612,MALICIOUS,PORT_SCAN
0.7851735043208324,334,2803,56212,443,1,2,2,0,0,154.01777987439124,NORMAL,NORMAL
0.48629653512629367,74,47,51931,3389,1,57,58,7,0,176.35448743840197,MALICIOUS,BRUTE_FORCE
0.8511418957091157,376,1884,51420,80,1,2,2,0,0,144.3770223508062,NORMAL,NORMAL
2.97014481359739,2054,5758,49742,80,1,3,0,0,0,226.85758106213146,NORMAL,NORMAL
2.00925747476916,1456,771,64733,443,1,11,22,0,0,657.6157492988041,MALICIOUS,WEB_ATTACK
0.03576719976282873,54,0,43048,537,1,84,1,0,0,732.1522167078938,MALICIOUS,PORT_SCAN
0.019420266144000782,45,0,41288,176,1,97,2,0,0,935.9092553815228,MALICIOUS,PORT_SCAN
1.8042384783346122,1655,3483,59825,53,1,3,5,0,0,179.59106913115176,NORMAL,NORMAL
2.036595632813127,5473,381,51165,80,1,15,20,0,0,1281.6777101139944,MALICIOUS,WEB_ATTACK
91.85837518053128,8461640,3619,58966,53,1,1,1,0,0,250951.05937440522,MALICIOUS,DATA_EXFILTRATION
0.4622635094123029,1582,5652,49384,53,1,1,1,0,0,209.72966237888417,NORMAL,NORMAL
0.44612986414338096,102,149,62896,22,1,51,32,15,0,215.8872242041456,MALICIOUS,BRUTE_FORCE
2.87521238150194,257,4986,60135,80,1,2,0,0,0,241.85357263717435,NORMAL,NORMAL
0.4708476655335847,76,122,55010,22,1,51,49,24,0,217.1038104522307,MALICIOUS,BRUTE_FORCE
0.012605551931464298,40,0,52100,149,1,114,2,0,0,589.9917318819188,MALICIOUS,PORT_SCAN
1.8076996601576598,408,4434,57744,443,1,2,3,0,0,111.00773696308633,NORMAL,NORMAL
2.2765178540402022,473,4417,54682,53,1,3,1,0,0,153.93393155167394,NORMAL,NORMAL
119.65963982374163,4869305,3007,57290,53,2,1,1,0,0,211606.08194858223,MALICIOUS,DATA_EXFILTRATION
0.07119768311228113,650,7312,50634,80,2,1,3,0,0,128.8973438041096,NORMAL,NORMAL
0.8682504972139837,224,2863,51455,5432,1,0,3,0,0,146.848463996788,NORMAL,NORMAL
1.880597473261148,634,4595,56093,443,1,2,2,0,0,146.32172869582936,NORMAL,NORMAL
0.806315509801296,39,7455,55823,443,1,1,3,0,0,79.83657749322583,NORMAL,NORMAL
115.84474597128347,5060362,5606,55464,9001,1,3,1,0,0,294274.47336890385,MALICIOUS,DATA_EXFILTRATION
0.19217152529776943,454,3916,64307,443,1,1,1,0,0,188.01230367894303,NORMAL,NORMAL
2.007764537923804,4053,359,56342,443,1,21,8,0,0,2562.6771969511287,MALICIOUS,WEB_ATTACK
0.2780339750463525,230,4065,61303,443,1,4,1,0,0,218.63901729262096,NORMAL,NORMAL
1.8265806551450792,3884,807,52048,443,1,9,19,0,0,704.1139277450355,MALICIOUS,WEB_ATTACK
0.22714808526592276,787,5404,53443,443,1,2,1,0,0,107.46224018214754,NORMAL,NORMAL
0.07615919295531418,61,0,60413,402,1,111,2,0,0,1155.9666568846317,MALICIOUS,PORT_SCAN
0.1465073987471353,176,2422,62501,443,1,3,1,0,0,146.75954538202834,NORMAL,NORMAL
1.5497590485300252,271,6283,50429,80,1,0,0,0,0,208.0698768927323,NORMAL,NORMAL
1.981990650234132,3258,634,52255,80,1,12,16,0,0,1891.0802458220758,MALICIOUS,WEB_ATTACK
1.6618782209997378,1131,6839,60101,443,1,1,2,0,0,91.41591746997503,NORMAL,NORMAL
0.048253046489993075,44,0,43045,194,1,110,2,0,0,867.7824675852801,MALICIOUS,PORT_SCAN
2.9425686406733136,361,754,55041,443,1,4,3,2,0,286.23153352607574,SUSPICIOUS,SUSPICIOUS_LOGIN
0.3028322874044194,303,3133,59999,443,1,0,1,0,0,106.55299136884045,NORMAL,NORMAL
0.32538623617525175,802,6034,59922,80,2,3,4,0,0,186.71870682665448,NORMAL,NORMAL
0.1723673281108749,150,3575,55065,443,1,3,2,0,0,203.10042777412838,NORMAL,NORMAL
3.6922116562631557,531,6018,59627,443,1,3,1,0,0,188.23009323640827,NORMAL,NORMAL
2.2808082198964783,415,2323,54623,3306,1,3,2,0,0,157.6762702229965,NORMAL,NORMAL
0.0444961159153552,55,0,61593,966,1,35,2,0,0,1157.8671768030983,MALICIOUS,PORT_SCAN
0.5845203102741795,173,4821,61324,5432,1,1,2,0,0,94.44367315883571,NORMAL,NORMAL
5.3261545036082305,882,6470,57215,443,1,2,1,0,0,168.45454084320372,NORMAL,NORMAL
0.8766787072376478,646,3958,57660,443,1,1,5,0,0,157.39308134486615,NORMAL,NORMAL
0.31721129281682037,321,2391,61141,80,1,0,2,0,0,181.03068869612707,NORMAL,NORMAL
0.8699181346043114,680,3700,54975,3306,1,2,1,0,0,140.36027224579215,NORMAL,NORMAL
0.21159433631560412,785,3715,57091,443,1,1,3,0,0,167.41319345057366,NORMAL,NORMAL
1.0238906611278857,861,6841,63592,80,1,3,3,0,0,158.64574978214938,NORMAL,NORMAL
0.9478228613693431,510,5903,52712,53,1,0,2,0,0,142.42935076252766,NORMAL,NORMAL
0.06884552273187877,54,0,42416,812,2,30,1,0,0,1005.7868318980791,MALICIOUS,PORT_SCAN
0.3127050649495905,697,4249,51423,80,1,3,0,0,0,171.89820563919704,NORMAL,NORMAL
2.5965282507049476,626,1382,53358,3389,1,4,3,1,1,183.91320539101048,SUSPICIOUS,SUSPICIOUS_LOGIN
1.5416704377383073,470,3781,50694,443,1,3,2,0,0,71.5558025591015,NORMAL,NORMAL
4.06220125402903,611,720,59983,443,1,4,2,2,0,140.72718832663207,SUSPICIOUS,SUSPICIOUS_LOGIN
0.1142891652576115,203,55,54027,22,1,25,32,17,0,132.02265110546634,MALICIOUS,BRUTE_FORCE
1.461705160373016,313,3121,51856,443,1,2,2,0,0,164.40792545332866,NORMAL,NORMAL
1.3164266103264897,3093,806,53512,443,1,19,12,0,0,2489.1711674443304,MALICIOUS,WEB_ATTACK
0.5452511401329652,1230,6483,51454,80,2,2,3,0,0,161.79351523255073,NORMAL,NORMAL
0.1104715532653931,985,4649,61661,53,1,2,3,0,0,89.2084478659203,NORMAL,NORMAL
4.071466657112937,641,10603,60947,80,1,4,1,0,0,191.27471930139322,NORMAL,NORMAL
0.08772302905336714,647,6473,55371,53,1,0,1,0,0,171.31022065336742,NORMAL,NORMAL
0.2988891522929397,366,2777,65082,53,1,1,3,0,0,119.5364853985512,NORMAL,NORMAL
0.7738155350862581,204,56,63581,3389,1,53,29,17,0,220.87080502378268,MALICIOUS,BRUTE_FORCE
0.8630180599213129,319,3654,52619,53,1,0,2,0,0,118.85304594811814,NORMAL,NORMAL
1.3596966864433995,498,4448,63080,443,1,1,2,0,0,172.0557819836559,NORMAL,NORMAL
0.010757551060081522,42,0,56093,964,1,83,1,0,0,749.8643808083929,MALICIOUS,PORT_SCAN
3.595020705751838,400,5058,53727,80,1,1,1,0,0,131.5870308326377,NORMAL,NORMAL
2.3446073190299717,529,3181,63394,5432,1,3,1,0,0,214.71306894271922,NORMAL,NORMAL
1.0981415309909537,131,1029,63166,443,1,1,2,0,0,185.40953222960758,NORMAL,NORMAL
38.68113813965955,1828025,1693,63999,9001,2,2,1,0,0,260983.44931573787,MALICIOUS,DATA_EXFILTRATION
1.1730995006583753,1998,4746,63717,443,2,4,2,0,0,151.67920257880093,NORMAL,NORMAL
0.6948556969692425,113,86,51496,22,1,21,41,20,0,210.9952396041926,MALICIOUS,BRUTE_FORCE
1.8757503173592038,1020,4304,58453,8080,1,1,2,0,0,132.13627878972505,NORMAL,NORMAL
0.2362808980688005,64,73,55816,445,1,46,24,16,0,162.58610037530525,MALICIOUS,BRUTE_FORCE
0.0347527352352064,873,2355,62750,53,2,3,2,0,0,128.33014979958043,NORMAL,NORMAL
0.6732747634721641,213,114,50818,3389,1,23,16,18,0,100.38913881929984,MALICIOUS,BRUTE_FORCE
0.4341633682243806,404,5721,62642,443,1,1,1,0,0,198.33654897729863,NORMAL,NORMAL
0.05303893117522517,69,0,62430,957,1,36,1,0,0,1163.1299945400328,MALICIOUS,PORT_SCAN
0.8479913741128203,753,1140,56400,53,2,2,4,0,0,134.5300935008959,NORMAL,NORMAL
0.05073149491844576,48,0,40697,795,1,116,2,0,0,638.8979669501923,MALICIOUS,PORT_SCAN
3.9174941445631184,87,4273,63540,443,1,2,2,0,0,113.67783825718249,NORMAL,NORMAL
0.5438753686795889,438,5940,52558,443,1,3,0,0,0,138.0074617212535,NORMAL,NORMAL
1.9686828195571422,1521,395,54687,443,1,12,12,0,0,2214.6348791988767,MALICIOUS,WEB_ATTACK
0.352037712373536,158,5511,58949,80,1,3,1,0,0,164.84376205255688,NORMAL,NORMAL
0.11377789433601103,99,78,59705,22,1,43,36,23,0,137.3034560088914,MALICIOUS,BRUTE_FORCE
0.1457412587942201,658,4810,60917,80,1,4,2,0,0,154.0827200717063,NORMAL,NORMAL
2.0935717252711905,1498,4604,64166,5432,1,1,2,0,0,140.84815925928314,NORMAL,NORMAL
0.44498730271871545,1211,2884,58150,443,1,1,0,0,0,201.03589538202777,NORMAL,NORMAL
2.824157514848971,535,553,55162,22,1,3,2,1,0,315.15074496953076,SUSPICIOUS,SUSPICIOUS_LOGIN
0.36362101069597513,1222,4738,49333,443,1,1,3,0,0,117.47503624614454,NORMAL,NORMAL
1.8122326273239762,130,1929,49394,443,1,2,0,0,0,150.82115607061084,NORMAL,NORMAL
1.5497867835675208,62,6642,57180,3306,1,1,0,0,0,161.72618892445564,NORMAL,NORMAL
0.02683694598419993,62,0,56437,164,2,105,2,0,0,608.4804266332885,MALICIOUS,PORT_SCAN
0.3087944533792438,135,82,60979,22,1,48,20,20,0,243.16153771355735,MALICIOUS,BRUTE_FORCE
0.685255636273251,248,5574,56295,53,1,1,2,0,0,114.48658204685921,NORMAL,NORMAL
1.5011645136309097,2810,370,53479,80,1,16,17,0,0,2829.635856651841,MALICIOUS,WEB_ATTACK
0.5454137984454421,2184,745,64349,443,1,10,23,0,0,1590.749664010895,MALICIOUS,WEB_ATTACK
0.6458552409108657,226,8533,58295,53,2,1,4,0,0,103.38700672549099,NORMAL,NORMAL
106.63870130897018,7467784,1821,53320,8443,1,2,1,0,0,442952.6117951715,MALICIOUS,DATA_EXFILTRATION
1.2390693020835057,140,5083,62104,443,1,2,1,0,0,190.26498526386058,NORMAL,NORMAL
1.0078985059290262,841,4670,60334,80,2,2,3,0,0,152.3109602682434,NORMAL,NORMAL
0.49190124406533264,210,41,64642,22,1,35,59,24,0,190.5723908521395,MALICIOUS,BRUTE_FORCE
2.202012850258429,938,3391,60734,80,1,0,1,0,0,14.976835992895985,NORMAL,NORMAL
1.4785691201628601,1693,3798,63602,443,1,5,2,0,0,247.0588915696507,NORMAL,NORMAL
12.282016773714876,9662557,3326,49367,443,1,3,1,0,0,405875.28870474175,MALICIOUS,DATA_EXFILTRATION
27.811946758777044,526249,1139,52486,443,1,1,1,0,0,232804.97706963643,MALICIOUS,DATA_EXFILTRATION
0.6102294762314433,195,4656,62617,443,1,4,2,0,0,98.02765287537869,NORMAL,NORMAL
1.4543659403712983,1922,689,52552,8080,1,11,17,0,0,2705.6522936502743,MALICIOUS,WEB_ATTACK
1.106662188866476,460,3265,55348,443,1,2,1,0,0,158.41618855885278,NORMAL,NORMAL
3.398325014907381,675,3906,52116,443,1,1,0,0,0,116.10743888595454,NORMAL,NORMAL
0.0302928664525294,613,8923,62775,443,1,1,4,0,0,236.87972837977165,NORMAL,NORMAL
25.311975244459198,9337345,6433,50482,9001,1,2,1,0,0,61579.66685854025,MALICIOUS,DATA_EXFILTRATION
1.6041449488373667,85,3721,50039,443,2,1,3,0,0,147.19000433782983,NORMAL,NORMAL
1.1605658790058808,470,5122,62641,80,1,1,0,0,0,119.92835799619263,NORMAL,NORMAL
0.03460870492188026,44,0,41331,257,1,69,2,0,0,923.4001325184738,MALICIOUS,PORT_SCAN
1.1796423971426278,249,4541,61386,80,1,1,1,0,0,114.84371809046637,NORMAL,NORMAL
0.9910144244827077,259,4115,55087,80,1,4,2,0,0,165.18842096938232,NORMAL,NORMAL
0.42245947216148977,192,6191,56017,80,1,0,1,0,0,194.2333226517885,NORMAL,NORMAL
0.6012514737892656,2332,727,51914,443,1,23,24,0,0,2617.8752372362505,MALICIOUS,WEB_ATTACK
89.53010495453529,3830779,3260,57930,443,1,3,1,0,0,437786.5905627785,MALICIOUS,DATA_EXFILTRATION
0.04792300367022875,67,0,49168,960,1,60,1,0,0,1100.8500960771457,MALICIOUS,PORT_SCAN
0.7265544368723853,276,4283,58054,53,2,3,2,0,0,85.79318230233869,NORMAL,NORMAL
0.5854477953447079,1880,10100,61105,443,1,1,2,0,0,103.01473292169706,NORMAL,NORMAL
1.653644699616314,744,3937,53153,443,2,2,1,0,0,101.16859665302698,NORMAL,NORMAL
1.4994355224384497,960,11410,59470,80,1,2,1,0,0,150.77320778431078,NORMAL,NORMAL
0.024360977023792647,67,0,49077,116,1,111,1,0,0,808.0501769737257,MALICIOUS,PORT_SCAN
0.3472092585927744,94,67,49453,3389,1,30,29,23,0,128.639723591152,MALICIOUS,BRUTE_FORCE
0.41641887535440875,12,1744,53386,3306,1,2,2,0,0,181.9094525831454,NORMAL,NORMAL
0.011143297968036928,155,4412,63828,80,1,1,2,0,0,185.72223706844147,NORMAL,NORMAL
1.086407735667609,217,290,61870,445,1,4,3,0,1,322.18699381216857,MALICIOUS,PRIVILEGE_ESCALATION
0.06416386098972683,47,0,58868,139,1,48,2,0,0,674.204512090565,MALICIOUS,PORT_SCAN
0.03899727505681707,56,0,64191,671,1,88,1,0,0,542.5349330214129,MALICIOUS,PORT_SCAN
39.596880699137316,6224851,5986,56274,8443,1,1,1,0,0,250209.23436890115,MALICIOUS,DATA_EXFILTRATION
1.317224547401703,1405,8545,63996,80,1,3,0,0,0,155.27000438989168,NORMAL,NORMAL
1.542383252162643,571,3988,49537,53,1,2,0,0,0,98.726313553696,NORMAL,NORMAL
0.026407642008348345,47,0,48420,1019,1,72,2,0,0,600.624111409311,MALICIOUS,PORT_SCAN
2.831831668121919,404,1340,62285,443,1,5,2,0,0,124.10587701949332,NORMAL,NORMAL
1.4262064747783127,4320,642,62674,80,1,10,10,0,0,695.778511451284,MALICIOUS,WEB_ATTACK
0.2328092188826967,118,76,60927,3389,1,48,32,13,0,203.50981083062845,MALICIOUS,BRUTE_FORCE
2.1374236972749414,993,3147,52188,80,1,2,0,0,0,156.2980908549958,NORMAL,NORMAL
0.666629865459495,1104,3731,60239,80,1,1,0,0,0,143.24786177474192,NORMAL,NORMAL
1.3000688637265114,1042,4685,63574,443,1,3,1,0,0,133.1573084659597,NORMAL,NORMAL
0.9387984084321426,298,326,61942,22,1,3,4,0,1,340.39408188928587,MALICIOUS,PRIVILEGE_ESCALATION
1.8258182701039323,3395,321,64525,80,1,20,21,0,0,2854.5803019889663,MALICIOUS,WEB_ATTACK
0.6366940499897209,132,6256,61303,5432,1,2,1,0,0,85.22950903439596,NORMAL,NORMAL
1.7238211393416838,549,6240,54459,53,1,1,2,0,0,146.67325156791858,NORMAL,NORMAL
0.6460473168961062,451,7475,64392,80,1,2,5,0,0,133.81583419547425,NORMAL,NORMAL
0.051302453782588735,58,0,50355,813,1,53,2,0,0,693.3783401704476,MALICIOUS,PORT_SCAN
3.4540805052896886,1743,3966,58604,80,1,1,4,0,0,121.1761515520228,NORMAL,NORMAL
0.6922306912737904,838,3125,56277,443,1,2,0,0,0,218.26419814713847,NORMAL,NORMAL
1.1667335276908,1337,4839,64514,80,1,4,1,0,0,147.3296328729068,NORMAL,NORMAL
0.052461178150580226,66,0,48134,924,1,64,2,0,0,517.3924881098172,MALICIOUS,PORT_SCAN
0.07393773834461134,69,0,51847,889,1,31,1,0,0,872.3903101774886,MALICIOUS,PORT_SCAN
1.561630257798989,469,793,65520,22,1,5,2,2,0,148.0967556464096,SUSPICIOUS,SUSPICIOUS_LOGIN
0.5125343243685746,210,45,58573,3389,1,23,54,10,0,101.08158239828012,MALICIOUS,BRUTE_FORCE
4.130783678407711,426,10277,60642,443,1,1,1,0,0,179.7290436056332,NORMAL,NORMAL
0.2585940304313895,92,92,59607,3389,1,58,19,13,0,159.8520872562892,MALICIOUS,BRUTE_FORCE
1.1556316905601802,383,192,56150,445,1,6,7,0,1,365.391790327487,MALICIOUS,PRIVILEGE_ESCALATION
0.2513252923113197,298,4137,60258,80,1,2,0,0,0,65.54238811511016,NORMAL,NORMAL
0.0070510716381806645,587,3339,53897,443,1,1,0,0,0,101.35718725667259,NORMAL,NORMAL
2.897326852675725,587,6266,63678,3306,1,2,2,0,0,186.9442099771198,NORMAL,NORMAL
1.1214024966970475,1092,13226,63246,443,1,3,3,0,0,166.5222613514473,NORMAL,NORMAL
0.01672513836793516,56,0,57037,38,1,66,1,0,0,801.2778925144951,MALICIOUS,PORT_SCAN
0.45335241241597185,321,3986,56175,53,2,0,3,0,0,105.48943686715782,NORMAL,NORMAL
1.2485599337591136,584,7312,58450,3306,1,1,2,0,0,206.90992544399762,NORMAL,NORMAL
0.41888988987720444,858,3878,54047,80,1,2,1,0,0,134.14424659808782,NORMAL,NORMAL
1.606828623312513,5560,207,58361,80,1,10,12,0,0,2697.271963815395,MALICIOUS,WEB_ATTACK
0.05592213238619031,46,0,55686,884,1,75,2,0,0,1198.3987373019868,MALICIOUS,PORT_SCAN
27.132012507289772,8649142,6603,61880,443,2,1,1,0,0,181493.32187857738,MALICIOUS,DATA_EXFILTRATION
0.6992293274474681,4546,803,60792,443,1,9,9,0,0,2962.89286151639,MALICIOUS,WEB_ATTACK
1.636913258955759,4234,606,51369,443,1,23,11,0,0,1606.3966495863438,MALICIOUS,WEB_ATTACK
0.06978725118729258,49,0,49625,797,1,103,2,0,0,1195.7939962436935,MALICIOUS,PORT_SCAN
1.5335555796627025,1691,314,49461,443,1,13,13,0,0,1502.851052929605,MALICIOUS,WEB_ATTACK
1.0456911217776454,570,485,51741,22,1,2,2,2,0,161.78557192361347,SUSPICIOUS,SUSPICIOUS_LOGIN
1.4678433683206313,773,1140,54771,5432,1,0,3,0,0,217.85825473160153,NORMAL,NORMAL
1.1719700375585105,1019,2124,64742,53,1,3,0,0,0,127.01868450598265,NORMAL,NORMAL
4.413600275640258,285,1359,52101,443,1,5,5,2,0,187.0048801917315,SUSPICIOUS,SUSPICIOUS_LOGIN
0.1794212405455244,821,3012,54920,443,1,3,2,0,0,209.47980930664454,NORMAL,NORMAL
2.2624748438915216,5902,219,56391,80,1,15,9,0,0,2325.0636588628313,MALICIOUS,WEB_ATTACK
1.843537477494635,290,6733,58961,443,1,0,4,0,0,203.69086368607762,NORMAL,NORMAL
1.8017055641068453,212,2711,63012,443,1,1,3,0,0,130.591657741909,NORMAL,NORMAL
2.27210448482355,566,3494,54012,443,2,1,1,0,0,109.17329080392807,NORMAL,NORMAL
0.06518356644632788,52,0,55315,336,1,64,2,0,0,1146.971585906054,MALICIOUS,PORT_SCAN
0.5808803919298466,322,8846,50994,443,1,5,1,0,0,104.25095170717353,NORMAL,NORMAL
0.5429439695671525,547,3515,52909,3306,1,3,4,0,0,129.08508746504225,NORMAL,NORMAL
0.7015062396751869,936,4123,65073,53,1,3,0,0,0,141.36207015463293,NORMAL,NORMAL
0.20194813993126756,4017,891,58613,443,1,23,8,0,0,1056.6492642455694,MALICIOUS,WEB_ATTACK
0.5443207474895404,5057,378,55023,443,1,8,20,0,0,1370.9448872719186,MALICIOUS,WEB_ATTACK
0.06592576844377146,41,0,51454,122,1,41,2,0,0,620.3125393766278,MALICIOUS,PORT_SCAN
1.0353685442087008,2689,851,57547,80,1,14,16,0,0,1229.4767204681857,MALICIOUS,WEB_ATTACK
0.018436169203993335,50,0,46220,124,1,61,1,0,0,575.1550067736126,MALICIOUS,PORT_SCAN
0.15377592863301504,163,92,59352,3389,1,20,37,5,0,136.73220578687742,MALICIOUS,BRUTE_FORCE
0.16927884757349698,128,5133,51309,53,1,0,1,0,0,155.98740639506985,NORMAL,NORMAL
0.037166298009064,55,0,50350,822,1,58,2,0,0,968.1085519786398,MALICIOUS,PORT_SCAN
1.751357512072211,443,181,52534,22,1,3,6,1,1,262.78435524295185,MALICIOUS,PRIVILEGE_ESCALATION
0.101028917779256,188,3968,61090,443,1,1,3,0,0,125.73476690711449,NORMAL,NORMAL
0.036352613340281274,56,0,45233,357,1,89,1,0,0,887.6405742069627,MALICIOUS,PORT_SCAN
0.9373938231659767,245,1586,61316,8080,1,0,9,0,0,149.73244276596205,NORMAL,NORMAL
0.7207441225879747,1580,703,63035,8080,1,9,14,0,0,665.5895992883435,MALICIOUS,WEB_ATTACK
0.4471507066431155,143,113,55857,3389,1,42,41,5,0,110.3253445617182,MALICIOUS,BRUTE_FORCE
1.303415712940877,4029,673,49297,80,1,13,21,0,0,1269.399981779085,MALICIOUS,WEB_ATTACK
0.04178240105719952,590,2521,56247,80,1,2,1,0,0,170.56781010989204,NORMAL,NORMAL
2.9235431057052828,806,9775,56172,5432,1,1,1,0,0,126.90391231082245,NORMAL,NORMAL
0.7383554199859972,379,2841,60191,80,1,4,5,0,0,93.139846535361,NORMAL,NORMAL
1.857474990342172,265,3053,51999,53,1,2,1,0,0,193.81035364982517,NORMAL,NORMAL
0.0308825768243675,68,0,54275,79,1,57,2,0,0,1164.1338585357234,MALICIOUS,PORT_SCAN
1.1834529686076078,1066,4496,56269,443,1,3,0,0,0,140.70403573998112,NORMAL,NORMAL
1.6773386596502136,237,11651,55621,443,1,2,2,0,0,87.8155050739978,NORMAL,NORMAL
3.0893193526887535,568,1257,53734,3389,1,4,2,3,1,207.39296608992333,SUSPICIOUS,SUSPICIOUS_LOGIN
0.6198872299298755,435,22141,55158,443,1,3,2,0,0,103.8740470160473,NORMAL,NORMAL
9.72734796115083,492,2539,58936,8080,1,1,1,0,0,141.05968994011766,NORMAL,NORMAL
4.521718179880809,560,7746,59347,443,1,4,4,0,0,126.30933876699538,NORMAL,NORMAL
1.1080775747821434,4303,546,55741,80,1,11,9,0,0,1061.728839128286,MALICIOUS,WEB_ATTACK
0.9290810964572088,1800,4335,61484,443,1,0,0,0,0,146.01496331815096,NORMAL,NORMAL
0.04752056748315389,46,0,57235,481,1,74,1,0,0,770.9743268175846,MALICIOUS,PORT_SCAN
1.8545379388558354,108,3791,55956,53,1,1,1,0,0,126.05531369096572,NORMAL,NORMAL
3.350585877861584,148,6216,63114,443,1,2,3,0,0,126.65358170778327,NORMAL,NORMAL
1.8191862188294667,1529,2533,65452,5432,1,1,2,0,0,151.206462901405,NORMAL,NORMAL
4.511924310155984,451,2774,56344,443,1,2,3,0,0,233.69549102741843,NORMAL,NORMAL
2.3141743215258446,2316,879,55999,80,1,18,8,0,0,1941.7589390249218,MALICIOUS,WEB_ATTACK
1.3509743207565335,3419,897,49513,80,1,13,11,0,0,2101.0754337904596,MALICIOUS,WEB_ATTACK
0.37116458378230455,120,41,50201,22,1,54,17,21,0,229.9665783226783,MALICIOUS,BRUTE_FORCE
0.2732644104909326,203,1593,63600,80,1,1,4,0,0,179.44315024179508,NORMAL,NORMAL
0.10149783264034144,1048,5654,59757,443,1,4,3,0,0,122.90550309180604,NORMAL,NORMAL
0.044357647604560194,58,0,63776,557,1,89,2,0,0,691.8418910178241,MALICIOUS,PORT_SCAN
0.6705077290784884,685,8232,50510,80,1,0,2,0,0,160.66333341713676,NORMAL,NORMAL
0.26517971562546216,230,5964,54981,53,1,1,3,0,0,90.19441366064467,NORMAL,NORMAL
0.8488898022436859,362,422,49761,445,1,4,5,0,1,343.71407422307766,MALICIOUS,PRIVILEGE_ESCALATION
0.7096064885638671,734,2806,58969,80,1,3,1,0,0,165.81237849833934,NORMAL,NORMAL
2.4801771990890087,287,4884,52310,443,2,1,0,0,0,131.8191938146319,NORMAL,NORMAL
0.017824178292328498,66,0,64032,671,1,95,1,0,0,566.9436384619264,MALICIOUS,PORT_SCAN
2.8248592393040064,372,1100,56143,22,1,2,2,3,1,265.984268495221,SUSPICIOUS,SUSPICIOUS_LOGIN
0.544401274171314,918,5536,54558,53,1,4,0,0,0,159.35460404036988,NORMAL,NORMAL
0.07851970759695003,66,0,44029,905,2,65,2,0,0,806.1314580385565,MALICIOUS,PORT_SCAN
0.3420265589074942,213,113,54757,22,1,48,33,7,0,241.89172650745425,MALICIOUS,BRUTE_FORCE
0.31225398717124847,437,6112,57841,80,1,2,0,0,0,200.63360525510174,NORMAL,NORMAL
0.8340568773306622,3737,391,57587,80,1,14,20,0,0,2171.3703431208833,MALICIOUS,WEB_ATTACK
1.3731407512041747,506,4163,50512,53,1,2,0,0,0,124.10449371653667,NORMAL,NORMAL
1.1537993636036639,391,3278,60210,443,1,3,1,0,0,178.4549825275037,NORMAL,NORMAL
0.9258982789912307,166,4004,64821,80,1,4,3,0,0,176.2356855115033,NORMAL,NORMAL
0.5246394304496487,387,13311,60750,80,2,1,4,0,0,122.24761683215272,NORMAL,NORMAL
0.11900966014772071,411,2763,60684,443,1,2,2,0,0,202.44524707350547,NORMAL,NORMAL
2.6940164284586996,273,4269,53492,443,2,1,4,0,0,166.42700476569058,NORMAL,NORMAL
0.7710120836848421,228,2550,50416,443,1,3,1,0,0,248.83486548577363,NORMAL,NORMAL
0.20283682070236,1097,2265,49310,443,1,1,0,0,0,151.70607545821292,NORMAL,NORMAL
0.23532551414060157,984,7894,64962,53,2,2,1,0,0,153.15584386394033,NORMAL,NORMAL
0.7191966558937957,1376,4016,57584,5432,1,0,2,0,0,185.2424874952266,NORMAL,NORMAL
0.22423704676861098,5437,733,61199,443,1,8,18,0,0,1594.7833365323002,MALICIOUS,WEB_ATTACK
0.2985410186140224,215,96,62974,3389,1,29,30,19,0,185.9347369515865,MALICIOUS,BRUTE_FORCE
1.0843693410219264,374,3129,54503,5432,1,0,3,0,0,141.2819290618374,NORMAL,NORMAL
1.3374311503239364,6439,882,61550,80,1,13,16,0,0,2214.07740455149,MALICIOUS,WEB_ATTACK
0.05056014764528314,45,0,49521,986,2,116,2,0,0,1156.0148066350519,MALICIOUS,PORT_SCAN
0.0021724031341367237,957,3573,56271,5432,1,4,0,0,0,109.8570713870444,NORMAL,NORMAL
1.9919417955899656,639,4681,54776,80,1,1,0,0,0,155.12917535094172,NORMAL,NORMAL
0.11226706094053177,124,5232,58861,3306,2,2,2,0,0,138.34832251260795,NORMAL,NORMAL
0.14838004446303976,193,140,64533,22,1,22,23,17,0,242.5890351604278,MALICIOUS,BRUTE_FORCE
0.7650846466806732,66,45,54219,22,1,15,43,9,0,222.74526585832163,MALICIOUS,BRUTE_FORCE
0.9079938323154215,297,5002,52380,53,1,3,0,0,0,185.00463826177952,NORMAL,NORMAL
0.7005951555498584,139,119,50125,3389,1,35,55,7,0,105.21515783580587,MALICIOUS,BRUTE_FORCE
1.2875649775707922,3377,854,50000,443,1,13,23,0,0,2472.3903428159747,MALICIOUS,WEB_ATTACK
1.7509149611619192,926,7420,50557,80,1,1,0,0,0,134.51023237882873,NORMAL,NORMAL
0.19283432024002878,124,3974,63276,443,1,3,1,0,0,157.12513703044257,NORMAL,NORMAL
4.201136900503971,118,6030,52496,8080,1,2,1,0,0,239.25985340809865,NORMAL,NORMAL
2.522551211683596,869,1858,58906,5432,1,2,4,0,0,136.77573732823672,NORMAL,NORMAL
0.2633833513733076,922,2536,55055,443,1,0,5,0,0,151.80276859412783,NORMAL,NORMAL
0.3267948465805303,64,125,59920,445,1,17,33,10,0,159.64539615841795,MALICIOUS,BRUTE_FORCE
1.4306654326968036,84,5880,57464,443,2,5,2,0,0,172.46755169464177,NORMAL,NORMAL
0.11877726029236847,191,2687,50743,443,1,4,1,0,0,103.2441493703312,NORMAL,NORMAL
0.018810311165730852,68,0,42944,892,1,50,2,0,0,935.9518397140898,MALICIOUS,PORT_SCAN
97.44278638638448,3078639,4434,64384,9001,1,2,1,0,0,322420.8381170288,MALICIOUS,DATA_EXFILTRATION
0.8841197985509646,241,5841,54676,53,2,2,4,0,0,123.0418297259938,NORMAL,NORMAL
0.6959230222004912,177,66,50799,22,1,39,42,22,0,242.748794292267,MALICIOUS,BRUTE_FORCE
0.0065336646649084805,570,5062,65189,443,1,2,2,0,0,113.51359728978426,NORMAL,NORMAL
0.5294370732295228,196,6056,53963,443,1,3,3,0,0,90.15364747341401,NORMAL,NORMAL
2.3129987463155124,3738,274,55243,443,1,10,14,0,0,1991.871915606441,MALICIOUS,WEB_ATTACK
0.1066320384143304,334,10263,59645,53,1,2,5,0,0,188.7395600315606,NORMAL,NORMAL
1.3839954123500038,1396,1235,56928,3306,1,2,1,0,0,235.21428394111018,NORMAL,NORMAL
0.5016364651076318,91,96,57554,3389,1,48,33,22,0,125.98957064049885,MALICIOUS,BRUTE_FORCE
0.18317131296217284,120,1037,57866,443,1,1,1,0,0,119.19092067559433,NORMAL,NORMAL
3.9918088829514717,575,6378,51535,80,1,1,1,0,0,163.78364113122183,NORMAL,NORMAL
0.9769322780765539,226,279,49809,22,1,4,7,1,1,267.10725513265754,MALICIOUS,PRIVILEGE_ESCALATION
0.6578044369869572,135,91,61456,22,1,17,36,8,0,194.14693604301965,MALICIOUS,BRUTE_FORCE
0.3693281838238615,967,3784,51481,80,2,3,2,0,0,178.1296691528965,NORMAL,NORMAL
0.9986788620619517,217,3037,57254,80,1,4,3,0,0,195.23933892540848,NORMAL,NORMAL
2.951988645114657,96,10814,61421,443,1,2,1,0,0,197.79740660517916,NORMAL,NORMAL
0.08334458584997209,551,7070,52725,53,1,4,0,0,0,155.0354612230663,NORMAL,NORMAL
0.5606110990495085,587,2078,53725,53,1,2,2,0,0,176.7444134157596,NORMAL,NORMAL
0.7756562821264097,214,137,62459,445,1,56,18,12,0,120.96351195382628,MALICIOUS,BRUTE_FORCE
0.5811087415021322,182,70,56673,22,1,50,31,21,0,223.1040024703129,MALICIOUS,BRUTE_FORCE
2.6300113265836838,797,3911,57228,80,1,2,0,0,0,86.17245920729587,NORMAL,NORMAL
4.298341057471157,934,7963,56078,3306,1,2,1,0,0,197.5085353655382,NORMAL,NORMAL
2.5656278375027584,152,220,53344,22,1,7,5,0,1,333.70751583877467,MALICIOUS,PRIVILEGE_ESCALATION
105.19188866242608,1456560,3569,51666,8443,1,2,1,0,0,455099.5904894772,MALICIOUS,DATA_EXFILTRATION
0.22876194978471046,245,7686,52018,443,1,4,3,0,0,138.59640684165134,NORMAL,NORMAL
9.366297049949875,1305,3481,51339,80,1,2,2,0,0,104.74085256756894,NORMAL,NORMAL
0.5122578169662524,79,61,63832,22,1,50,51,18,0,155.77298456598606,MALICIOUS,BRUTE_FORCE
1.041353827015587,428,8594,60134,8080,1,0,1,0,0,127.13791359229567,NORMAL,NORMAL
0.4358934327149959,302,2313,60235,5432,1,2,0,0,0,183.14220914791557,NORMAL,NORMAL
1.0815402179610265,690,3063,51505,443,1,3,2,0,0,131.99219986797868,NORMAL,NORMAL
0.7901679226108034,150,4103,53624,80,1,4,0,0,0,192.04486991031993,NORMAL,NORMAL
2.3287994863993613,439,1257,60172,3389,1,2,5,1,0,304.25007919226834,SUSPICIOUS,SUSPICIOUS_LOGIN
2.302145887454069,336,1455,59709,3389,1,5,2,2,1,131.20768280317048,SUSPICIOUS,SUSPICIOUS_LOGIN
0.022376613076276492,55,0,62229,92,1,40,2,0,0,789.2211994813822,MALICIOUS,PORT_SCAN
1.3969573518866003,1872,6041,57511,80,2,2,2,0,0,180.4912369713632,NORMAL,NORMAL
1.9109255609688283,1215,2821,53878,3306,2,1,2,0,0,133.38976087414733,NORMAL,NORMAL
44.34267191239979,10113116,7610,52806,53,1,1,1,0,0,272532.794303464,MALICIOUS,DATA_EXFILTRATION
0.234833838864249,166,70,65225,22,1,56,22,18,0,234.1277062229436,MALICIOUS,BRUTE_FORCE
0.3883287680829359,194,3035,50527,443,1,1,5,0,0,98.81408606603028,NORMAL,NORMAL
3.713709473711896,303,1288,55510,22,1,3,4,3,0,139.53480303998964,SUSPICIOUS,SUSPICIOUS_LOGIN
0.5569264548967378,373,2780,59797,53,1,2,2,0,0,121.8475024321663,NORMAL,NORMAL
0.6448482974569048,1576,1275,62973,443,1,3,1,0,0,244.38457036400416,NORMAL,NORMAL
62.338358143427,12728466,7374,52309,53,1,2,1,0,0,147067.05522349244,MALICIOUS,DATA_EXFILTRATION
0.8172104449997213,1933,2396,61659,443,1,5,1,0,0,193.79874940774056,NORMAL,NORMAL
0.5763825081925272,117,2469,52940,443,1,3,1,0,0,163.1203887193362,NORMAL,NORMAL
3.9939641154732635,666,683,62215,443,1,2,5,3,0,260.41391367924086,SUSPICIOUS,SUSPICIOUS_LOGIN
0.6892101605798882,78,147,54817,22,1,50,39,5,0,192.76801031725572,MALICIOUS,BRUTE_FORCE
1.3864298611335455,286,808,64861,3389,1,5,5,1,1,194.3301052573184,SUSPICIOUS,SUSPICIOUS_LOGIN
0.5078580588641831,204,6442,52412,5432,1,2,3,0,0,105.10980084828391,NORMAL,NORMAL
2.248642846684628,742,1342,52550,443,1,5,3,2,0,212.95735310561076,SUSPICIOUS,SUSPICIOUS_LOGIN
0.7133306570764635,87,144,56548,22,1,29,50,7,0,148.86781497780674,MALICIOUS,BRUTE_FORCE
1.6375039820064068,453,1968,60913,443,1,3,3,0,0,137.994848526872,NORMAL,NORMAL
0.059028911141966144,50,0,57338,95,2,83,2,0,0,778.7916540572976,MALICIOUS,PORT_SCAN
1.9423638023295908,1111,2958,64696,80,1,1,3,0,0,174.07785667718107,NORMAL,NORMAL
3.508493659480204,681,517,55228,3389,1,5,3,3,0,335.6221864289637,SUSPICIOUS,SUSPICIOUS_LOGIN
1.5514213806775168,175,9066,61456,5432,1,2,2,0,0,173.6479395987861,NORMAL,NORMAL
0.07027994834033476,57,0,56310,692,1,55,2,0,0,779.0249920044218,MALICIOUS,PORT_SCAN
2.9270165903351666,49,6219,49836,443,1,0,1,0,0,203.70680437650407,NORMAL,NORMAL
1.1336653468651452,166,3069,53625,443,1,1,0,0,0,187.48894486139397,NORMAL,NORMAL
104.31601426921682,14445338,2681,54700,443,1,2,1,0,0,60693.908785523396,MALICIOUS,DATA_EXFILTRATION
0.9453719912219445,446,2207,55843,3306,1,3,1,0,0,99.1697418031321,NORMAL,NORMAL
3.9051011519355763,660,627,55034,3389,1,2,3,3,0,222.8709314041471,SUSPICIOUS,SUSPICIOUS_LOGIN
1.0685355824432168,1234,4508,52233,8080,1,3,2,0,0,183.75160103526304,NORMAL,NORMAL
0.2820940833901341,103,70,61711,3389,1,37,43,19,0,142.4246930629972,MALICIOUS,BRUTE_FORCE
0.06098409113546215,50,0,50189,209,2,75,1,0,0,561.6198640034647,MALICIOUS,PORT_SCAN
2.519561873338035,228,465,54014,22,1,7,6,1,1,151.73758249682967,MALICIOUS,PRIVILEGE_ESCALATION
0.3266634680707451,207,125,54538,22,1,41,45,7,0,110.40648240783361,MALICIOUS,BRUTE_FORCE
0.674805767538337,556,1983,51793,80,2,1,2,0,0,109.02297489880894,NORMAL,NORMAL
0.8291649447084486,3847,374,52151,80,1,12,18,0,0,902.1010023528625,MALICIOUS,WEB_ATTACK
0.0926960594477662,870,4986,65034,53,1,2,4,0,0,201.0082294572978,NORMAL,NORMAL
0.31930021516918233,1011,1966,55652,53,1,1,1,0,0,165.4972748633704,NORMAL,NORMAL
1.8337452504513019,187,3130,62115,443,1,3,5,0,0,165.74322601342863,NORMAL,NORMAL
1.0409436174258448,243,6211,62669,443,1,2,2,0,0,174.42350383114902,NORMAL,NORMAL
0.31064112133441985,309,5167,54386,80,1,3,3,0,0,204.6485914082315,NORMAL,NORMAL
1.9635313282646196,1128,5971,58368,80,1,3,2,0,0,128.11232844470035,NORMAL,NORMAL
3.3376771126032594,789,1178,63218,443,1,3,3,1,1,307.170939677031,SUSPICIOUS,SUSPICIOUS_LOGIN
0.43313223646833277,1046,8168,53659,80,1,4,0,0,0,175.86975741674578,NORMAL,NORMAL
0.9665612464414393,1038,10949,57260,443,1,1,1,0,0,189.19329028245454,NORMAL,NORMAL
0.0683809700961132,89,2945,54393,443,1,2,2,0,0,141.97003345788545,NORMAL,NORMAL
1.0713493623691586,998,10603,52789,443,1,3,3,0,0,140.34342358319176,NORMAL,NORMAL
2.6003702284635852,1219,5001,56385,5432,2,3,0,0,0,185.61341259928278,NORMAL,NORMAL
2.7251627058432306,530,1253,63086,3306,2,1,2,0,0,159.5851007295599,NORMAL,NORMAL
0.5014114779523385,279,5301,50873,3306,1,2,3,0,0,180.31489447730976,NORMAL,NORMAL
1.2641899318873322,5663,456,49372,80,1,13,20,0,0,2730.041506233414,MALICIOUS,WEB_ATTACK
1.7736521309622975,177,359,56558,22,1,7,6,1,1,245.07547744743388,MALICIOUS,PRIVILEGE_ESCALATION
0.2436312746559458,834,2237,59772,443,1,2,1,0,0,175.68484015506334,NORMAL,NORMAL
0.4973488433388491,206,149,54994,445,1,43,33,22,0,204.48849145985065,MALICIOUS,BRUTE_FORCE
0.43999705978158876,371,5908,53122,443,1,5,2,0,0,180.40806530502127,NORMAL,NORMAL
2.9300476142028304,729,1248,57502,3389,1,4,3,1,1,284.1872349010986,SUSPICIOUS,SUSPICIOUS_LOGIN
1.4735408869839137,6052,490,52855,80,1,11,22,0,0,1100.110585412769,MALICIOUS,WEB_ATTACK
0.3105416313845317,144,88,63513,22,1,48,42,18,0,114.85153826609357,MALICIOUS,BRUTE_FORCE
3.1437327803117445,389,6788,59251,443,1,2,1,0,0,156.47996674995935,NORMAL,NORMAL
2.1192717020871252,5914,668,53459,8080,1,9,24,0,0,1727.9832663843108,MALICIOUS,WEB_ATTACK
2.711291795074525,648,836,65492,3389,1,2,2,3,0,221.27891830742345,SUSPICIOUS,SUSPICIOUS_LOGIN
0.05975437642619631,59,0,53516,655,1,112,1,0,0,977.729172728473,MALICIOUS,PORT_SCAN
1.7677431431645179,663,1332,53275,22,1,2,2,1,0,300.8601935951902,SUSPICIOUS,SUSPICIOUS_LOGIN
1.642307829005921,5097,609,56016,80,1,22,21,0,0,1393.449001984025,MALICIOUS,WEB_ATTACK
0.5715190859793905,76,110,55694,445,1,23,35,9,0,227.20772767266172,MALICIOUS,BRUTE_FORCE
0.2895307003277373,129,62,50320,22,1,43,44,7,0,181.946527278394,MALICIOUS,BRUTE_FORCE
1.3066657912750461,596,716,59127,3389,1,2,4,2,1,341.00252069120904,SUSPICIOUS,SUSPICIOUS_LOGIN
0.2842705868462033,73,83,64037,3389,1,58,30,6,0,127.42619015238327,MALICIOUS,BRUTE_FORCE
0.04085278138874874,2253,4579,50689,443,1,3,1,0,0,111.3065921230118,NORMAL,NORMAL
0.7359924835909579,367,7316,50568,443,2,2,1,0,0,116.2418871291935,NORMAL,NORMAL
2.8711618965683083,1672,6301,58691,53,1,3,1,0,0,124.34274105183839,NORMAL,NORMAL
2.2448069283399117,441,5977,62754,80,1,3,3,0,0,207.37383206542845,NORMAL,NORMAL
2.3516658026192196,267,5642,64030,80,1,2,3,0,0,166.69679912987897,NORMAL,NORMAL
1.89028493503751,1252,3388,64137,8080,1,2,2,0,0,87.02546570705714,NORMAL,NORMAL
4.403763028422386,681,966,57824,22,1,5,5,1,0,155.42259206373683,SUSPICIOUS,SUSPICIOUS_LOGIN
7.758929319587102,1159,3448,49446,53,2,2,1,0,0,126.59096016866012,NORMAL,NORMAL
2.010156946845706,1191,4604,54715,53,2,2,1,0,0,155.89637929308978,NORMAL,NORMAL
0.2357516865534486,188,71,59551,3389,1,38,58,16,0,213.61427060816146,MALICIOUS,BRUTE_FORCE
2.7414681929593323,204,296,52176,445,1,7,4,1,1,267.13060918119595,MALICIOUS,PRIVILEGE_ESCALATION
0.6562491746124972,170,65,54391,22,1,45,53,13,0,237.20450171941076,MALICIOUS,BRUTE_FORCE
0.9578039951309628,649,1748,55849,443,1,4,1,0,0,147.93147554767816,NORMAL,NORMAL
1.8895709542256482,1718,767,52100,443,1,8,9,0,0,2886.8674084202835,MALICIOUS,WEB_ATTACK
0.0448032606141201,68,0,46879,6,1,109,2,0,0,966.252163348713,MALICIOUS,PORT_SCAN
87.27588734286522,11198838,2162,54650,53,1,1,1,0,0,82975.12535970451,MALICIOUS,DATA_EXFILTRATION
5.811355163800316,806,7144,49729,80,1,2,0,0,0,152.59608472470129,NORMAL,NORMAL
0.49848915583009057,153,122,62347,22,1,27,18,14,0,202.14973739810046,MALICIOUS,BRUTE_FORCE
6.1333328764154835,1398,2171,55225,443,1,4,2,0,0,134.72174849886687,NORMAL,NORMAL
1.6806739263411754,657,4495,61475,80,1,1,2,0,0,204.12633219617356,NORMAL,NORMAL
0.22830434000786184,240,2283,50062,443,1,1,1,0,0,206.379052053854,NORMAL,NORMAL
0.37504294597549725,353,2908,55705,443,1,4,3,0,0,134.57905182225554,NORMAL,NORMAL
0.8341342612494119,491,4360,59654,8080,1,2,4,0,0,159.029916304453,NORMAL,NORMAL
0.04141287265394941,57,0,45212,760,1,107,2,0,0,928.745164526704,MALICIOUS,PORT_SCAN
0.030424213120369498,56,0,44397,950,1,94,1,0,0,724.0878444406306,MALICIOUS,PORT_SCAN
0.7637472651135204,731,7348,62376,80,1,5,0,0,0,126.6879759434801,NORMAL,NORMAL
3.6545876775831356,227,4598,55482,443,1,3,0,0,0,165.2335910856533,NORMAL,NORMAL
0.5979524135429618,196,95,57361,22,1,17,46,17,0,155.72082228922886,MALICIOUS,BRUTE_FORCE
0.5042755668474218,471,4383,52421,53,1,3,2,0,0,174.07777711226652,NORMAL,NORMAL
0.06362868818761036,43,0,55358,484,1,99,1,0,0,791.2884013511323,MALICIOUS,PORT_SCAN
4.2809452868866185,754,1149,58734,3389,1,3,5,2,0,155.17865662509857,SUSPICIOUS,SUSPICIOUS_LOGIN
0.7119470187960851,1025,3545,55244,443,1,1,0,0,0,137.97722437659004,NORMAL,NORMAL
0.43682913437035525,675,4419,58098,443,1,2,0,0,0,224.03094584048063,NORMAL,NORMAL
0.7697194267340088,83,66,50282,3389,1,54,15,11,0,133.34983906070732,MALICIOUS,BRUTE_FORCE
1.1880791686986678,672,1550,60259,80,1,0,3,0,0,104.78484624483539,NORMAL,NORMAL
0.6733378535824396,983,6638,51229,53,1,2,4,0,0,156.3384474047545,NORMAL,NORMAL
0.16435726783324373,634,3621,61866,53,1,5,2,0,0,208.32239106596415,NORMAL,NORMAL
0.379147795938597,451,6245,54552,53,1,0,3,0,0,-17.445900162786984,NORMAL,NORMAL
0.259790025621919,694,3508,49832,80,1,5,3,0,0,187.68952605989446,NORMAL,NORMAL
0.5360928754743475,103,73,50354,22,1,24,26,13,0,186.22334585872954,MALICIOUS,BRUTE_FORCE
0.5735521792585022,77,63,65525,22,1,45,56,5,0,129.66797702447553,MALICIOUS,BRUTE_FORCE
3.1188048088604394,1359,8833,61951,80,1,4,3,0,0,103.13862699119085,NORMAL,NORMAL
1.2758041155827704,1023,4469,57708,3306,1,2,0,0,0,176.91598094254616,NORMAL,NORMAL
0.03412371034985992,689,6509,62336,5432,1,2,0,0,0,105.16412104927363,NORMAL,NORMAL
0.5166122413035225,186,366,55159,445,1,3,7,1,1,397.43032228733506,MALICIOUS,PRIVILEGE_ESCALATION
0.5970241542748931,184,91,51298,22,1,35,30,11,0,215.5553038520542,MALICIOUS,BRUTE_FORCE
0.7525495821788065,104,109,56168,3389,1,44,24,15,0,97.09811985555696,MALICIOUS,BRUTE_FORCE
0.2646703042970525,179,93,50360,445,1,37,41,5,0,136.03034824698952,MALICIOUS,BRUTE_FORCE
2.5689474414989597,492,2999,60666,443,1,1,1,0,0,186.60378958331802,NORMAL,NORMAL
103.22729306458467,13579718,7483,55993,443,1,1,1,0,0,210726.3384786101,MALICIOUS,DATA_EXFILTRATION
5.0730391567710456,349,3834,62672,5432,1,2,2,0,0,147.2146618679957,NORMAL,NORMAL
1.5212122682801708,601,829,62485,443,1,3,3,2,1,296.0170849300299,SUSPICIOUS,SUSPICIOUS_LOGIN
1.9176752141590783,647,3341,57931,443,1,1,1,0,0,164.07278359517449,NORMAL,NORMAL
5.820026792207242,690,4967,55636,443,1,4,1,0,0,174.46696478649508,NORMAL,NORMAL
0.8368607245471067,2174,4346,63135,80,1,3,0,0,0,169.81112975603494,NORMAL,NORMAL
0.5889430740872957,143,57,55552,22,1,26,40,9,0,123.5455751844388,MALICIOUS,BRUTE_FORCE
1.6226340796192764,383,5520,51677,80,1,2,2,0,0,161.10096574537116,NORMAL,NORMAL
0.09772834307507064,325,3386,55384,80,1,2,2,0,0,151.2056264526071,NORMAL,NORMAL
1.7313647112907584,4867,422,55951,443,1,18,24,0,0,2259.6449282400818,MALICIOUS,WEB_ATTACK
2.1288323642177067,4022,536,53431,443,1,10,16,0,0,2362.336945320268,MALICIOUS,WEB_ATTACK
2.0034447494982413,484,3581,52723,443,1,0,3,0,0,192.56333090902146,NORMAL,NORMAL
0.43368271061739316,383,5396,61354,53,1,3,3,0,0,213.70391421361415,NORMAL,NORMAL
0.18005376749421254,113,64,51973,22,1,47,19,6,0,159.25868354540626,MALICIOUS,BRUTE_FORCE
2.2634647774711265,751,4145,59398,443,1,2,3,0,0,98.5963981168323,NORMAL,NORMAL
1.2337533868908754,596,962,60141,3389,1,5,3,1,1,240.2546281671881,SUSPICIOUS,SUSPICIOUS_LOGIN
2.452882321630102,381,7421,51663,443,1,3,1,0,0,133.9684142008204,NORMAL,NORMAL
0.3415810175291366,426,3750,62769,443,1,1,2,0,0,84.1809565185634,NORMAL,NORMAL
1.0328552607096597,1082,1827,56427,80,1,3,0,0,0,156.4795337462484,NORMAL,NORMAL
0.3106683913377647,63,8922,59065,443,1,2,2,0,0,131.97260195467646,NORMAL,NORMAL
1.0541964951764116,722,4709,55721,443,1,0,2,0,0,181.65943709140913,NORMAL,NORMAL
1.8996462142890613,676,9923,50608,443,1,1,0,0,0,162.683325422727,NORMAL,NORMAL
0.7738359220121112,313,2623,64737,53,2,3,4,0,0,161.62177037918983,NORMAL,NORMAL
0.060158975801968724,68,0,54769,218,1,110,2,0,0,802.3574811930055,MALICIOUS,PORT_SCAN
2.0066320515878564,326,4464,59871,443,1,2,4,0,0,198.87202210075253,NORMAL,NORMAL
0.5948547135363752,181,3398,65137,443,1,6,1,0,0,186.59693920471324,NORMAL,NORMAL
0.6870323040412727,212,104,50458,3389,1,50,57,22,0,177.23849249836923,MALICIOUS,BRUTE_FORCE
3.5444673478504756,1075,3967,62575,443,1,1,4,0,0,151.35482197740976,NORMAL,NORMAL
0.9765427171915857,281,16230,61552,443,1,2,1,0,0,161.325232892781,NORMAL,NORMAL
3.2086339739908976,507,4491,63773,443,1,3,3,0,0,124.37367909588947,NORMAL,NORMAL
1.5177680729693381,447,411,61442,445,1,4,4,0,1,203.8058813770188,MALICIOUS,PRIVILEGE_ESCALATION
2.2376493619977342,161,6198,54190,443,1,1,4,0,0,196.031011964038,NORMAL,NORMAL
0.018332655175738843,64,0,43723,202,1,61,2,0,0,1072.4275113261467,MALICIOUS,PORT_SCAN
1.0499074326896922,555,4366,49988,443,1,0,1,0,0,207.78647606551496,NORMAL,NORMAL
0.9593569343469077,789,5542,51533,443,1,6,1,0,0,172.4929816468303,NORMAL,NORMAL
2.15934897693351,863,9220,56094,80,1,1,1,0,0,162.0299606872318,NORMAL,NORMAL
1.9029226260545116,307,5082,64622,80,1,3,3,0,0,94.4874595682119,NORMAL,NORMAL
1.2117532731104779,745,3407,61396,443,1,2,3,0,0,171.07749650527163,NORMAL,NORMAL
1.2134668934155861,692,7446,58934,80,2,1,0,0,0,133.63533545378993,NORMAL,NORMAL
4.418414444318986,428,3026,57560,53,2,2,3,0,0,70.4562757089465,NORMAL,NORMAL
2.8832908742681806,242,347,64673,445,1,3,4,1,1,314.7767284537982,MALICIOUS,PRIVILEGE_ESCALATION
0.0879913831396579,1142,1368,59574,443,1,2,3,0,0,152.6963234024328,NORMAL,NORMAL
0.07054159836221724,44,0,50097,442,1,62,1,0,0,650.72900130836,MALICIOUS,PORT_SCAN
44.299749190943174,4910554,1950,52087,53,1,2,1,0,0,198941.739406987,MALICIOUS,DATA_EXFILTRATION
1.4910077221482625,1216,4927,60361,443,1,3,3,0,0,115.71310504433177,NORMAL,NORMAL
1.8410260750072005,248,1018,51814,443,2,3,0,0,0,146.89995244849138,NORMAL,NORMAL
0.266779303150961,941,3950,60890,53,1,1,5,0,0,152.4358642846864,NORMAL,NORMAL
71.07242581597174,7507228,4806,54978,443,2,3,1,0,0,475378.3139053211,MALICIOUS,DATA_EXFILTRATION
1.6744449940314752,4923,553,64566,80,1,14,15,0,0,1884.1252898153796,MALICIOUS,WEB_ATTACK
0.8433560032164829,2986,527,61537,80,1,8,13,0,0,2152.918583211357,MALICIOUS,WEB_ATTACK
0.11379746961950479,69,3631,54467,443,2,1,5,0,0,89.07310143304609,NORMAL,NORMAL
0.6143867854549151,1114,3287,63815,5432,1,3,1,0,0,255.29544818709994,NORMAL,NORMAL
2.848051418062649,286,315,53336,445,1,5,7,0,1,232.37941826800449,MALICIOUS,PRIVILEGE_ESCALATION
0.4648093600267974,1427,2857,65435,443,2,1,0,0,0,131.00261511115008,NORMAL,NORMAL
0.27308656278731464,326,6223,51935,443,1,1,1,0,0,184.0491681668509,NORMAL,NORMAL
0.024764970668048166,55,0,61014,265,1,78,2,0,0,921.990034602908,MALICIOUS,PORT_SCAN
0.8174558564171084,1171,5706,59605,80,1,3,2,0,0,156.0043545499054,NORMAL,NORMAL
3.108553140523412,471,643,52882,22,1,5,3,3,0,313.22491113747463,SUSPICIOUS,SUSPICIOUS_LOGIN
22.58515950847787,3640959,2069,50501,443,1,1,1,0,0,177093.44353239774,MALICIOUS,DATA_EXFILTRATION
0.6763590844299903,5178,491,62647,80,1,10,20,0,0,896.0889620294121,MALICIOUS,WEB_ATTACK
2.778418023575182,564,1469,60812,3389,1,5,3,3,0,173.0429179768683,SUSPICIOUS,SUSPICIOUS_LOGIN
1.5480566952226775,363,1505,57885,443,1,5,0,0,0,152.23455759377987,NORMAL,NORMAL
0.014743128823324812,51,0,63148,349,2,58,2,0,0,1005.3989643051364,MALICIOUS,PORT_SCAN
1.406721314181762,2900,686,56731,80,1,20,24,0,0,1341.9958158286668,MALICIOUS,WEB_ATTACK
1.2764640519859096,329,805,60515,443,1,2,2,2,0,212.13283148210613,SUSPICIOUS,SUSPICIOUS_LOGIN
1.4869463624901114,607,2050,57772,443,1,0,3,0,0,186.92052947577997,NORMAL,NORMAL
2.289663159739696,225,3567,59566,80,1,2,1,0,0,157.10281670392143,NORMAL,NORMAL
1.1098101922454413,666,822,54912,3389,1,3,3,3,0,331.7020949189923,SUSPICIOUS,SUSPICIOUS_LOGIN
0.05070570348373477,55,0,45577,742,1,54,1,0,0,1114.3739315656421,MALICIOUS,PORT_SCAN
8.12756507402316,617,4539,49766,443,1,3,0,0,0,204.6224148172871,NORMAL,NORMAL
0.03826128897356583,43,0,57251,172,1,112,1,0,0,775.6659615185595,MALICIOUS,PORT_SCAN
1.5528643007440501,274,309,62903,22,1,3,7,1,1,398.06849029718677,MALICIOUS,PRIVILEGE_ESCALATION
0.6593302864631658,284,3708,49807,53,1,1,0,0,0,190.26258551985947,NORMAL,NORMAL
0.01840678037125182,58,0,48865,509,1,61,1,0,0,706.5424696985235,MALICIOUS,PORT_SCAN
0.7015409703239931,1191,1926,56456,443,2,2,2,0,0,211.63143247978996,NORMAL,NORMAL
0.16348827577597239,88,41,63850,22,1,26,38,11,0,219.1486913168026,MALICIOUS,BRUTE_FORCE
0.9253375697180156,395,7874,54106,3306,1,0,3,0,0,135.89111086881798,NORMAL,NORMAL
0.5756413634354793,148,132,63843,22,1,51,49,18,0,215.36697767424633,MALICIOUS,BRUTE_FORCE
0.054067847433083384,68,0,59145,606,1,73,1,0,0,830.9129553806949,MALICIOUS,PORT_SCAN
2.816856813932832,653,2473,52245,8080,1,2,0,0,0,221.827049056423,NORMAL,NORMAL
2.298070656794446,5064,750,57667,80,1,17,20,0,0,601.8354391739955,MALICIOUS,WEB_ATTACK
0.4814750386720712,365,2199,51626,53,1,1,3,0,0,95.9151471769458,NORMAL,NORMAL
3.964218438589013,376,1299,64460,22,1,4,3,3,1,205.113716072008,SUSPICIOUS,SUSPICIOUS_LOGIN
0.9457054274604859,427,2973,49158,53,1,1,0,0,0,112.8407176471882,NORMAL,NORMAL
0.46614010846616893,159,49,54126,3389,1,52,35,7,0,168.56319347263207,MALICIOUS,BRUTE_FORCE
1.1950191834069304,1342,5128,52047,53,1,5,4,0,0,131.33433179421743,NORMAL,NORMAL
0.0341612242352533,346,2476,61842,443,1,0,2,0,0,161.80178268994598,NORMAL,NORMAL
0.6806363329294391,123,132,59546,22,1,27,54,7,0,135.28826959944342,MALICIOUS,BRUTE_FORCE
0.740170434918268,124,94,54383,3389,1,38,52,7,0,95.02879796421148,MALICIOUS,BRUTE_FORCE
2.925964939820743,943,3090,57167,80,1,0,2,0,0,82.05237464587667,NORMAL,NORMAL
3.7553747797284855,99,5348,53623,443,1,2,3,0,0,178.65800368138417,NORMAL,NORMAL
0.029334880365796054,41,0,44686,556,1,65,2,0,0,1184.6643536948773,MALICIOUS,PORT_SCAN
0.6040984894893134,124,54,56804,3389,1,52,59,19,0,180.8797594390547,MALICIOUS,BRUTE_FORCE
0.1762571331205815,135,126,56836,3389,1,45,30,5,0,205.29310618839924,MALICIOUS,BRUTE_FORCE
0.0472148176086501,63,0,60493,431,1,30,2,0,0,985.3713861076554,MALICIOUS,PORT_SCAN
0.7466677430045559,201,97,59448,22,1,20,38,20,0,189.75368195432543,MALICIOUS,BRUTE_FORCE
1.536040001646689,706,2267,62587,443,2,5,1,0,0,174.56794205697403,NORMAL,NORMAL
0.46305109327756555,141,102,53814,22,1,50,59,20,0,81.09538961676179,MALICIOUS,BRUTE_FORCE
1.3116586133007466,395,1285,53982,3389,1,4,5,1,0,106.3963627483661,SUSPICIOUS,SUSPICIOUS_LOGIN
1.3011929506322164,1622,10314,49745,443,1,2,3,0,0,153.26252139937463,NORMAL,NORMAL
0.05612680540478558,40,0,56964,192,1,40,2,0,0,758.4995651705801,MALICIOUS,PORT_SCAN
0.3034290112257604,646,5647,61069,443,1,1,2,0,0,141.66280261635026,NORMAL,NORMAL
0.03233971193714483,48,0,54282,743,1,94,2,0,0,835.7161117525304,MALICIOUS,PORT_SCAN
0.1967144131746862,199,1720,55090,443,1,2,3,0,0,157.27615766524713,NORMAL,NORMAL
1.301880875979298,344,2546,56502,443,1,2,2,0,0,184.58691722374272,NORMAL,NORMAL
1.5535603573516465,1072,6815,60678,3306,1,2,1,0,0,151.59962589856428,NORMAL,NORMAL
1.2010828297441039,686,3927,57952,53,1,5,2,0,0,107.31881581623682,NORMAL,NORMAL
0.5569507662364274,113,145,59808,22,1,54,51,17,0,242.36696520541395,MALICIOUS,BRUTE_FORCE
33.83794546052805,8971886,4426,54619,443,1,2,1,0,0,319731.0993469136,MALICIOUS,DATA_EXFILTRATION
5.7453611014143595,548,3229,54808,443,2,1,1,0,0,173.79364084929034,NORMAL,NORMAL
1.7182332692262494,586,797,62302,3389,1,2,3,1,1,289.3550949637571,SUSPICIOUS,SUSPICIOUS_LOGIN
3.908452240909588,814,1475,50692,53,2,2,0,0,0,157.20520399589992,NORMAL,NORMAL
1.498377490691099,287,4463,54337,3306,1,1,2,0,0,100.64908633777777,NORMAL,NORMAL
0.2192867173998524,1572,3620,56758,443,1,1,1,0,0,215.48168857281098,NORMAL,NORMAL
0.44440431458338614,97,5102,60782,5432,1,5,2,0,0,135.57250122090164,NORMAL,NORMAL
2.665341024845979,218,2513,61463,443,1,3,1,0,0,175.14574831060764,NORMAL,NORMAL
0.12459720219756296,147,87,56222,22,1,55,38,12,0,127.83655119815907,MALICIOUS,BRUTE_FORCE
0.8454249216781251,4328,725,61778,443,1,19,9,0,0,925.3359409708667,MALICIOUS,WEB_ATTACK
2.8278402568977565,156,395,54289,22,1,4,6,1,1,331.55836668919596,MALICIOUS,PRIVILEGE_ESCALATION
0.5300135356617143,93,89,61611,22,1,39,18,22,0,112.90921687634416,MALICIOUS,BRUTE_FORCE
1.578038604823119,3640,282,62577,443,1,12,21,0,0,2446.7518554469416,MALICIOUS,WEB_ATTACK
0.1763589026906735,369,4800,55433,80,1,3,0,0,0,70.15732431933125,NORMAL,NORMAL
2.6132096830643112,95,2488,65173,80,1,3,2,0,0,197.36625917289308,NORMAL,NORMAL
2.8956735013554002,278,4186,49610,443,1,1,2,0,0,188.126144875167,NORMAL,NORMAL
88.68572190201179,12483382,4601,52989,8443,1,3,1,0,0,129785.86288042637,MALICIOUS,DATA_EXFILTRATION
2.25027102683993,1597,5367,58176,3306,2,0,1,0,0,127.5579682672091,NORMAL,NORMAL
1.6786776139979684,295,10426,61217,443,2,1,3,0,0,157.9315750948746,NORMAL,NORMAL
0.0336364458563223,46,0,57269,419,1,70,2,0,0,1142.4437224404169,MALICIOUS,PORT_SCAN
2.0623243236602904,483,5248,51816,443,2,0,0,0,0,184.74839326077216,NORMAL,NORMAL
1.8294719681073404,1292,2891,62182,443,1,3,3,0,0,230.43763538240216,NORMAL,NORMAL
1.9916137635108608,5261,896,55741,80,1,14,24,0,0,1792.9774212484733,MALICIOUS,WEB_ATTACK
1.481092687928403,430,548,50513,3389,1,2,2,1,0,219.52284176590007,SUSPICIOUS,SUSPICIOUS_LOGIN
0.23298352358466892,85,146,64362,445,1,44,15,19,0,181.94858659331848,MALICIOUS,BRUTE_FORCE
0.9845343340018109,625,1960,58968,5432,2,5,1,0,0,122.79954079840181,NORMAL,NORMAL
1.0900584468294483,589,2259,56948,443,1,4,2,0,0,119.53931313980587,NORMAL,NORMAL
0.7961110974102263,483,8418,62566,443,1,2,2,0,0,160.45462968454294,NORMAL,NORMAL
3.0620447370568638,1181,8332,59252,443,1,2,3,0,0,78.91567914449774,NORMAL,NORMAL
0.43680809860529246,283,4608,61541,80,1,0,2,0,0,121.76901394526371,NORMAL,NORMAL
0.06456171317948876,2122,2663,51526,53,1,1,1,0,0,132.73029370785986,NORMAL,NORMAL
0.6651972940931907,1375,3662,59841,443,1,1,1,0,0,153.0146896016105,NORMAL,NORMAL
2.240946849913731,626,8172,63596,443,2,0,1,0,0,146.8667660427937,NORMAL,NORMAL
0.3473462356759605,192,48,49539,22,1,41,36,15,0,240.9335271837404,MALICIOUS,BRUTE_FORCE
1.3827407856543117,700,7944,65158,443,1,3,2,0,0,277.4629964724422,NORMAL,NORMAL
1.0467299744623295,1775,4665,53169,53,1,2,2,0,0,131.34306559542495,NORMAL,NORMAL
0.2001415808771222,328,4486,61126,443,1,5,1,0,0,267.1871074504116,NORMAL,NORMAL
10.976475238974365,944,3771,57800,443,2,1,1,0,0,209.63747308806919,NORMAL,NORMAL
0.06154347900270285,111,3918,49863,443,2,1,1,0,0,116.2396326195145,NORMAL,NORMAL
0.7260694908219228,2080,1752,54004,53,1,0,0,0,0,98.04684727604742,NORMAL,NORMAL
0.26972769869684965,251,4549,64676,80,1,2,4,0,0,137.73622554040801,NORMAL,NORMAL
10.092446351738252,441,2366,51901,80,2,1,1,0,0,135.93180213804783,NORMAL,NORMAL
2.914203816835258,232,4024,52948,80,1,2,1,0,0,155.99980359630956,NORMAL,NORMAL
0.1438218799134175,268,7121,49383,80,1,0,1,0,0,212.50739802283744,NORMAL,NORMAL
2.455887244422096,399,277,63847,445,1,7,6,1,1,185.1738054356022,MALICIOUS,PRIVILEGE_ESCALATION
1.6261188116061702,315,6636,60543,443,1,1,2,0,0,123.47116569133068,NORMAL,NORMAL
0.37057272562699495,196,50,64538,3389,1,27,15,11,0,242.84932681295078,MALICIOUS,BRUTE_FORCE
0.7756550590209181,2486,861,56598,443,1,8,11,0,0,2388.8170601202423,MALICIOUS,WEB_ATTACK
0.8532997245854446,311,5967,62255,53,1,4,1,0,0,150.16911134234667,NORMAL,NORMAL
0.050974734525840955,52,0,54323,754,1,69,2,0,0,843.5722781853825,MALICIOUS,PORT_SCAN
2.3939077547444336,400,5432,52167,443,2,1,0,0,0,153.17469578490073,NORMAL,NORMAL
0.9897788781326844,2503,326,56627,443,1,18,16,0,0,2859.3416388099854,MALICIOUS,WEB_ATTACK
0.2692091397178832,67,47,52036,445,1,35,18,16,0,161.2092541133964,MALICIOUS,BRUTE_FORCE
0.1651873674693592,578,6792,57083,80,1,2,4,0,0,100.05028186233213,NORMAL,NORMAL
1.8538501658588435,1065,2206,56246,443,1,2,1,0,0,207.7851378652196,NORMAL,NORMAL
1.8241076946027506,1414,7477,61068,443,1,4,2,0,0,118.06119154603738,NORMAL,NORMAL
3.1536863915665565,762,2540,52870,443,1,2,3,0,0,104.2152934049362,NORMAL,NORMAL
3.434340712090372,1136,5465,59288,443,2,2,0,0,0,132.9181107867261,NORMAL,NORMAL
0.045157991963977774,47,0,56994,437,1,92,1,0,0,828.7521308009428,MALICIOUS,PORT_SCAN
0.05398645109227639,62,0,44614,964,1,100,2,0,0,883.6080327213319,MALICIOUS,PORT_SCAN
0.5572698726540164,159,3320,53560,443,2,7,2,0,0,185.99317984531828,NORMAL,NORMAL
1.6918166223456188,265,6754,52468,80,1,1,4,0,0,129.07425014233894,NORMAL,NORMAL
0.030792480570077725,425,3043,64579,80,1,4,0,0,0,165.4165168845427,NORMAL,NORMAL
2.652649828651023,88,3869,52084,443,1,3,2,0,0,181.01092046641213,NORMAL,NORMAL
0.19136344544403483,592,5882,57482,443,1,2,3,0,0,224.85905150293812,NORMAL,NORMAL
0.10432289036407784,316,4860,56159,80,1,2,3,0,0,94.30213893987248,NORMAL,NORMAL
34.15789436108731,12343956,1346,60853,443,1,2,1,0,0,291954.825908709,MALICIOUS,DATA_EXFILTRATION
1.086218661529286,741,6470,59770,443,1,1,5,0,0,59.3780883344116,NORMAL,NORMAL
0.4997367942046028,577,7727,51534,3306,1,2,2,0,0,140.54588664302563,NORMAL,NORMAL
0.8401273759435381,1488,4904,49921,443,1,5,2,0,0,186.5279099254369,NORMAL,NORMAL
1.7887127028878593,1240,6322,62887,80,1,1,3,0,0,124.20764254426066,NORMAL,NORMAL
0.42837342569459524,2069,576,64990,80,1,24,9,0,0,2004.280220835037,MALICIOUS,WEB_ATTACK
0.54881501265277,104,4411,64874,80,2,1,2,0,0,72.90070289863624,NORMAL,NORMAL
0.04901213343981602,40,0,53979,809,1,98,2,0,0,545.6488722083433,MALICIOUS,PORT_SCAN
1.688039146730489,204,439,49278,22,1,5,5,1,1,323.0261932027746,MALICIOUS,PRIVILEGE_ESCALATION
4.46042345161027,1463,6980,53156,80,1,2,6,0,0,163.20539251740132,NORMAL,NORMAL
0.6553553660969955,152,56,63503,22,1,59,18,14,0,130.43399252874678,MALICIOUS,BRUTE_FORCE
1.446943985963888,461,2011,61035,53,1,1,1,0,0,186.6385123440843,NORMAL,NORMAL
70.81527287962714,5132264,1642,63445,53,1,1,1,0,0,144797.84095134833,MALICIOUS,DATA_EXFILTRATION
2.5922690617832647,781,6868,55249,443,1,2,0,0,0,103.06530767334483,NORMAL,NORMAL
0.011904572600797131,69,0,52870,604,1,36,1,0,0,852.0959344900184,MALICIOUS,PORT_SCAN
6.196289405840723,441,7950,51360,80,1,3,3,0,0,127.0664064313622,NORMAL,NORMAL
0.5349528001499388,485,3006,61558,443,1,2,1,0,0,124.56581832920543,NORMAL,NORMAL
1.5510695745122545,1803,532,58615,80,1,16,15,0,0,1535.1696968924175,MALICIOUS,WEB_ATTACK
1.5961707881292422,5531,842,54158,80,1,8,18,0,0,1883.5926472841543,MALICIOUS,WEB_ATTACK
2.319159353873014,1601,371,61623,443,1,17,14,0,0,1714.6809407031512,MALICIOUS,WEB_ATTACK
0.47396103553075775,164,1140,61428,443,1,2,0,0,0,88.14330709703162,NORMAL,NORMAL
0.42361444677385307,683,7033,54001,80,1,5,5,0,0,136.0051838670825,NORMAL,NORMAL
0.03108778854246331,46,0,48931,815,1,84,1,0,0,527.8055501436589,MALICIOUS,PORT_SCAN
0.27693883618290416,84,109,49796,445,1,53,34,15,0,102.8326994003658,MALICIOUS,BRUTE_FORCE
16.39044315635249,10140425,6778,54586,443,1,3,1,0,0,330393.7755733417,MALICIOUS,DATA_EXFILTRATION
0.28665203123519667,369,7981,65449,443,1,1,5,0,0,199.07275579511162,NORMAL,NORMAL
2.5275506647302155,281,9308,64518,443,1,4,1,0,0,160.36797613470915,NORMAL,NORMAL
65.25616596889589,1599416,4027,55704,8443,2,1,1,0,0,384118.79320498597,MALICIOUS,DATA_EXFILTRATION
1.9779287392014329,2312,302,51028,443,1,24,14,0,0,2359.571445595344,MALICIOUS,WEB_ATTACK
2.7871599951677384,189,7239,49696,3306,1,4,0,0,0,109.88364636879074,NORMAL,NORMAL
3.629921973183352,498,5667,61486,443,1,1,3,0,0,111.44333337576414,NORMAL,NORMAL
1.481957558193115,366,3682,59906,53,1,6,2,0,0,168.41762030318944,NORMAL,NORMAL
2.846833077992468,209,6824,62860,53,1,1,1,0,0,184.89480077476594,NORMAL,NORMAL
0.06927823942148294,60,0,43710,772,1,94,1,0,0,1086.1271240749904,MALICIOUS,PORT_SCAN
0.0068978801109354,175,3635,56623,443,1,0,2,0,0,162.2413312945404,NORMAL,NORMAL
2.356084519569823,1281,2686,61030,80,1,1,4,0,0,65.13930682840703,NORMAL,NORMAL
0.13489345802563463,470,5601,59131,443,1,3,1,0,0,143.06053637144188,NORMAL,NORMAL
0.8969154353673344,902,3604,50121,443,2,4,1,0,0,171.1014863472006,NORMAL,NORMAL
3.0972785459558296,734,984,49933,3389,1,5,4,3,0,181.9020515519489,SUSPICIOUS,SUSPICIOUS_LOGIN
1.1193384871791623,946,6191,65249,8080,2,1,0,0,0,198.1804715112258,NORMAL,NORMAL
3.293505955263151,963,5353,59026,443,1,1,0,0,0,143.4976153009972,NORMAL,NORMAL
0.024431140138004737,57,0,60658,49,1,51,1,0,0,1137.2981185591088,MALICIOUS,PORT_SCAN
1.1704465286613586,909,4310,55197,5432,1,4,2,0,0,182.10594969050814,NORMAL,NORMAL
4.320353150133805,1171,1651,63487,80,1,1,3,0,0,64.23336115217593,NORMAL,NORMAL
0.3035890218366267,338,9728,49243,53,1,3,6,0,0,108.63740015435357,NORMAL,NORMAL
3.6649546529417254,1806,8007,61030,443,1,2,2,0,0,170.8224318337548,NORMAL,NORMAL
0.4644659469900854,5038,455,61689,443,1,17,11,0,0,1623.0664998864022,MALICIOUS,WEB_ATTACK
0.7664242917883857,4387,479,61989,443,1,17,14,0,0,2387.8908998903935,MALICIOUS,WEB_ATTACK
0.9098057681856778,1116,7676,59668,443,1,2,4,0,0,153.72319490157787,NORMAL,NORMAL
1.6555610292651697,374,9376,52123,53,1,2,3,0,0,87.20516364399359,NORMAL,NORMAL
2.0901302612610295,742,510,63480,443,1,5,5,3,1,132.39980278769423,SUSPICIOUS,SUSPICIOUS_LOGIN
0.49260948607447047,116,5710,51572,443,1,1,0,0,0,196.08854652274675,NORMAL,NORMAL
0.6073621144249355,131,6974,60268,53,1,4,1,0,0,209.56660253438002,NORMAL,NORMAL
0.7577776555536375,573,4406,55859,443,1,1,1,0,0,115.78069216297675,NORMAL,NORMAL
0.5154043463005528,760,5235,54363,80,1,2,2,0,0,186.72499347893213,NORMAL,NORMAL
0.6882579631743757,94,2096,53196,443,1,3,2,0,0,99.50305593518276,NORMAL,NORMAL
3.211457726030697,981,4331,52423,80,1,0,0,0,0,160.3687207337304,NORMAL,NORMAL
0.12451138942059746,579,3156,57736,5432,2,2,3,0,0,109.3246405780862,NORMAL,NORMAL
0.0477210518949331,131,2410,60686,80,1,0,1,0,0,180.94801667334727,NORMAL,NORMAL
1.7847811187893148,4531,312,61134,443,1,23,9,0,0,2098.4857371848693,MALICIOUS,WEB_ATTACK
0.9244573217865728,113,4597,64213,443,1,0,2,0,0,132.45541915094998,NORMAL,NORMAL
0.3325464034702682,953,6148,64505,80,2,2,1,0,0,182.50103289576793,NORMAL,NORMAL
0.05498015019171047,636,7704,59302,443,1,3,4,0,0,200.62847683145213,NORMAL,NORMAL
1.4071375397847457,428,5181,50850,8080,2,1,0,0,0,145.17821328597276,NORMAL,NORMAL
0.4041189346771471,551,6418,51081,443,1,2,2,0,0,140.9911064655623,NORMAL,NORMAL
2.8070624526596797,2047,4205,52255,80,1,1,2,0,0,129.2444911856085,NORMAL,NORMAL
0.14536205493058202,636,2254,57880,3306,1,0,0,0,0,160.57191287901733,NORMAL,NORMAL
0.9027349610548756,511,5249,49613,80,2,1,3,0,0,95.3783257811687,NORMAL,NORMAL
0.03439841710141489,1381,4458,51224,80,1,3,1,0,0,186.5965600763861,NORMAL,NORMAL
0.03692411903129467,61,0,46198,293,1,113,1,0,0,696.9183715502879,MALICIOUS,PORT_SCAN
1.4409654667533804,231,7177,64142,443,1,2,0,0,0,195.51436629724122,NORMAL,NORMAL
0.02116814922508551,64,0,45004,425,1,69,1,0,0,731.7083921393463,MALICIOUS,PORT_SCAN
0.4126415727075857,86,64,50268,22,1,30,42,24,0,105.98067650348275,MALICIOUS,BRUTE_FORCE
0.5535277490026718,1528,4204,65503,443,1,3,2,0,0,200.23345701903813,NORMAL,NORMAL
0.9531916701720589,141,1461,52653,443,1,1,3,0,0,121.18665878688577,NORMAL,NORMAL
2.1242726608720894,411,404,54282,445,1,4,4,0,1,211.122798876693,MALICIOUS,PRIVILEGE_ESCALATION
0.12300334940301574,96,2630,63809,443,1,4,1,0,0,89.1722290673313,NORMAL,NORMAL
0.7933701715572438,538,5782,50179,443,2,2,2,0,0,94.52623445857115,NORMAL,NORMAL
1.4404829914564106,1410,657,56890,80,1,8,18,0,0,603.3509006414021,MALICIOUS,WEB_ATTACK
1.853597378217095,259,2493,58947,443,1,8,1,0,0,125.73344236997733,NORMAL,NORMAL
0.1799122025474249,80,40,63741,22,1,25,57,14,0,216.92165114184644,MALICIOUS,BRUTE_FORCE
0.02554177609695491,62,0,58661,706,1,67,1,0,0,959.8948158826679,MALICIOUS,PORT_SCAN
3.264790289792024,407,770,62231,22,1,3,4,1,1,301.76482195443816,SUSPICIOUS,SUSPICIOUS_LOGIN
0.7223207085404484,600,1110,50608,443,2,4,1,0,0,155.4959482701152,NORMAL,NORMAL
0.014465809329477582,201,2676,61476,53,1,2,3,0,0,168.19516017297764,NORMAL,NORMAL
0.05631763881834469,56,0,48035,641,1,93,2,0,0,987.7435182958575,MALICIOUS,PORT_SCAN
0.39808969057144417,1326,10335,57543,80,1,1,0,0,0,128.2365764098522,NORMAL,NORMAL
0.36179937742814866,1009,3246,57180,443,1,1,1,0,0,156.3587095334078,NORMAL,NORMAL
1.9846302789975967,339,411,56297,22,1,5,7,0,1,189.52634805899027,MALICIOUS,PRIVILEGE_ESCALATION
1.2996541646930344,374,5556,58238,443,1,1,1,0,0,146.49404734833468,NORMAL,NORMAL
2.4146233938574757,1273,618,53141,80,1,13,14,0,0,1757.4734219265813,MALICIOUS,WEB_ATTACK
1.4587939337375513,597,3489,49864,443,1,7,0,0,0,93.64530660693303,NORMAL,NORMAL
0.5704483805997185,5732,848,59117,80,1,22,14,0,0,952.4042674061895,MALICIOUS,WEB_ATTACK
0.7563757210230266,1504,2392,50014,443,1,3,1,0,0,132.89402045458868,NORMAL,NORMAL
0.3070508793139462,1187,2847,63097,5432,1,3,1,0,0,135.8197404790007,NORMAL,NORMAL
4.773425080067898,590,1199,55009,443,1,5,4,3,1,275.3731202069441,SUSPICIOUS,SUSPICIOUS_LOGIN
1.0082312384099634,479,9592,62790,80,1,0,3,0,0,219.16459072278136,NORMAL,NORMAL
6.593337626107994,685,4894,61689,443,1,2,3,0,0,204.26533528733816,NORMAL,NORMAL
0.29229486049046516,1335,3296,50638,443,1,2,3,0,0,249.77478830212925,NORMAL,NORMAL
0.2184132916818191,129,132,54301,22,1,44,26,14,0,204.04498412632654,MALICIOUS,BRUTE_FORCE
0.025070043064703038,51,0,46558,62,1,96,1,0,0,587.1516648717056,MALICIOUS,PORT_SCAN
2.2739198249722503,155,5368,54118,80,1,2,3,0,0,114.9989836937502,NORMAL,NORMAL
0.02668826286499391,866,1541,57279,443,1,1,4,0,0,222.42139365406234,NORMAL,NORMAL
0.7723687634984333,381,7931,59575,80,1,2,1,0,0,38.486285232986575,NORMAL,NORMAL
4.939692656287486,797,711,58312,22,1,4,4,1,1,177.29651000394443,SUSPICIOUS,SUSPICIOUS_LOGIN
2.00590452770606,574,1169,58251,443,1,2,2,3,0,240.65396034737654,SUSPICIOUS,SUSPICIOUS_LOGIN
0.0015249412751233166,76,2390,49588,443,1,0,4,0,0,85.98213596268843,NORMAL,NORMAL
0.2835728187214953,138,43,50450,22,1,22,51,8,0,136.69701942299778,MALICIOUS,BRUTE_FORCE
1.224117591473394,5624,317,53616,80,1,10,17,0,0,2173.760392701831,MALICIOUS,WEB_ATTACK
0.7831268974901788,180,125,52965,22,1,55,16,7,0,148.622151700683,MALICIOUS,BRUTE_FORCE
1.8980579234526571,586,496,52004,443,1,5,5,3,1,198.1063566511702,SUSPICIOUS,SUSPICIOUS_LOGIN
1.2320074701893229,908,12316,61439,443,1,0,2,0,0,197.77007698583796,NORMAL,NORMAL
2.130760680320984,207,5986,53909,80,1,1,1,0,0,143.0835955003808,NORMAL,NORMAL
2.114451349453233,252,6146,49256,53,1,1,1,0,0,149.37250160966153,NORMAL,NORMAL
1.5281623405321627,453,2797,53929,443,2,1,3,0,0,166.6788829620183,NORMAL,NORMAL
0.28875565386809754,196,118,62202,445,1,33,45,22,0,152.83314970775254,MALICIOUS,BRUTE_FORCE
0.504001652201382,661,7379,59930,443,1,2,1,0,0,222.86358954223763,NORMAL,NORMAL
1.1087533627280566,2526,776,55651,80,1,9,17,0,0,2201.5239272730487,MALICIOUS,WEB_ATTACK
1.7728154311046298,755,5646,52038,80,1,2,2,0,0,186.4086313465898,NORMAL,NORMAL
3.658457342708119,705,1737,62624,443,1,1,1,0,0,118.0355771669894,NORMAL,NORMAL
1.2406651621344666,109,5740,64532,443,2,2,0,0,0,104.23414091889909,NORMAL,NORMAL
0.3321517947765318,543,4576,64438,53,1,2,4,0,0,135.6204483918552,NORMAL,NORMAL
0.7274681908167107,874,2733,62243,443,2,1,5,0,0,157.51843506065248,NORMAL,NORMAL
0.03707592838128759,372,3914,53426,443,1,4,3,0,0,220.77855314944372,NORMAL,NORMAL
1.0926299844428302,480,2245,51844,80,2,1,2,0,0,131.9832445372938,NORMAL,NORMAL
0.024843905172457853,62,0,46142,209,1,61,1,0,0,545.2645901557391,MALICIOUS,PORT_SCAN
0.5032003674446036,1737,361,57079,443,1,8,11,0,0,1676.193923631281,MALICIOUS,WEB_ATTACK
0.5202190384926954,162,3745,54604,443,1,2,1,0,0,173.40601602937423,NORMAL,NORMAL
2.0629872770697872,5995,784,60202,80,1,11,15,0,0,1218.6888431550453,MALICIOUS,WEB_ATTACK
0.10141255517300635,292,1459,55290,443,1,1,1,0,0,131.47517315978288,NORMAL,NORMAL
3.988676305586298,1060,5458,49354,443,1,1,2,0,0,100.72672235488938,NORMAL,NORMAL
0.10010572477800832,664,7445,60480,443,1,1,1,0,0,154.88881106690283,NORMAL,NORMAL
0.3911458199392014,817,5880,59610,80,2,4,1,0,0,141.83709314260946,NORMAL,NORMAL
1.4452640489369262,126,12456,62000,443,1,0,3,0,0,215.13619159453694,NORMAL,NORMAL
2.0174443538469142,1751,864,60803,80,1,9,21,0,0,1613.0533830750464,MALICIOUS,WEB_ATTACK
0.7205295928931803,77,49,64550,22,1,58,19,15,0,130.22670674070616,MALICIOUS,BRUTE_FORCE
1.7803921675862444,413,5389,49482,443,1,2,1,0,0,108.58655591961175,NORMAL,NORMAL
0.5697063992382814,1015,1856,52903,80,1,3,0,0,0,255.515270090408,NORMAL,NORMAL
0.053611779623792745,67,0,55263,977,1,46,2,0,0,595.5032606671989,MALICIOUS,PORT_SCAN
0.7211804831795108,170,66,58617,22,1,48,33,23,0,248.81092757385397,MALICIOUS,BRUTE_FORCE
1.2099402982504142,1990,369,56075,443,1,11,22,0,0,723.7463668263471,MALICIOUS,WEB_ATTACK
0.652436265570943,447,11846,49389,53,2,4,2,0,0,97.54931001421629,NORMAL,NORMAL
0.9114567666477813,701,5485,52983,80,1,2,1,0,0,84.99514964469901,NORMAL,NORMAL
0.9217842772190483,2549,748,52239,80,1,11,8,0,0,1111.6309115785114,MALICIOUS,WEB_ATTACK
0.6978101523959664,342,3533,60176,443,1,3,1,0,0,195.3121878869923,NORMAL,NORMAL
1.0649444585325896,5784,631,55483,443,1,16,9,0,0,1888.1236761304901,MALICIOUS,WEB_ATTACK
1.2083249687490087,1500,3317,60281,443,1,3,4,0,0,140.35610204048436,NORMAL,NORMAL
0.21858173255700475,218,138,58583,22,1,33,18,16,0,152.15237264471605,MALICIOUS,BRUTE_FORCE
0.7570482103930678,555,4232,63747,443,1,2,1,0,0,146.9733758269668,NORMAL,NORMAL
0.0017765922559582464,359,1984,61576,80,1,3,1,0,0,118.32987371317722,NORMAL,NORMAL
0.3683310030068241,424,3223,64000,53,1,3,4,0,0,180.54837760503227,NORMAL,NORMAL
1.7484973690397205,1394,7899,50511,443,1,2,2,0,0,213.1337070998914,NORMAL,NORMAL
103.67878149447922,521815,6695,57403,9001,1,1,1,0,0,240862.05527199554,MALICIOUS,DATA_EXFILTRATION
0.2869391627167916,1128,3378,52217,443,1,1,2,0,0,157.95551821422748,NORMAL,NORMAL
0.08235939487664626,470,2418,59724,443,1,2,1,0,0,127.55427335124566,NORMAL,NORMAL
1.8925190947872619,2971,586,64383,80,1,17,16,0,0,2168.3171264911434,MALICIOUS,WEB_ATTACK
0.04143470980394039,69,0,58034,72,1,109,2,0,0,953.5481227665761,MALICIOUS,PORT_SCAN
1.0129772028011124,1835,889,54502,80,1,8,16,0,0,2325.275833021572,MALICIOUS,WEB_ATTACK
0.05641173766146941,59,0,63284,983,1,68,1,0,0,1021.1421468626761,MALICIOUS,PORT_SCAN
2.2224721670383243,2761,286,61184,80,1,15,17,0,0,1668.6735929525776,MALICIOUS,WEB_ATTACK
2.244256777808735,685,3361,65302,443,1,1,1,0,0,163.83285264834365,NORMAL,NORMAL
0.9291732336408216,2358,820,60564,80,1,21,10,0,0,973.4589340401362,MALICIOUS,WEB_ATTACK
0.5466364762690116,159,122,62829,445,1,22,40,23,0,167.5687931084093,MALICIOUS,BRUTE_FORCE
0.04787204799640606,65,0,43239,616,1,118,2,0,0,933.9028870103714,MALICIOUS,PORT_SCAN
0.38503527195776827,835,5894,55141,443,1,0,2,0,0,113.04127957463085,NORMAL,NORMAL
0.48025451852396595,69,89,63099,3389,1,41,41,9,0,197.83473085124177,MALICIOUS,BRUTE_FORCE
0.6616484719963172,247,6914,57230,3306,1,1,4,0,0,128.13970421964981,NORMAL,NORMAL
2.3393789496231747,322,2308,57113,443,1,2,1,0,0,200.4425146077796,NORMAL,NORMAL
0.3692675577421421,875,6541,63924,443,1,3,1,0,0,166.60029991192857,NORMAL,NORMAL
0.7736893813928,194,72,53160,22,1,34,21,22,0,218.9855829889412,MALICIOUS,BRUTE_FORCE
2.0918126485862194,4239,563,63477,443,1,14,16,0,0,1643.966742267944,MALICIOUS,WEB_ATTACK
0.7130152815880504,3324,741,52937,80,1,16,9,0,0,1114.9641167699688,MALICIOUS,WEB_ATTACK
1.399376535781845,5229,695,59229,80,1,12,8,0,0,675.2106633767831,MALICIOUS,WEB_ATTACK
1.2445474063463948,1125,5517,60081,443,1,3,3,0,0,121.57619628464434,NORMAL,NORMAL
7.297504116468585,13,5499,62534,443,1,2,1,0,0,89.37041069008814,NORMAL,NORMAL
5.687912603516175,815,6497,59075,80,1,3,2,0,0,182.629599570139,NORMAL,NORMAL
1.289935734899054,77,7991,50999,443,1,5,0,0,0,159.0844198209692,NORMAL,NORMAL
1.1019438461600133,603,6574,63323,443,1,1,2,0,0,120.86910695924634,NORMAL,NORMAL
1.5517381889980166,274,3684,51007,443,2,3,4,0,0,126.71255598504037,NORMAL,NORMAL
3.2957934522200603,484,2400,64644,80,1,2,1,0,0,253.60118043390293,NORMAL,NORMAL
0.040920020048405246,50,0,62590,849,1,113,2,0,0,566.111583097844,MALICIOUS,PORT_SCAN
0.36391374375897123,514,4895,51825,53,1,1,2,0,0,176.01958559953744,NORMAL,NORMAL
0.29789795880518605,69,99,49797,22,1,29,59,16,0,196.7400358016896,MALICIOUS,BRUTE_FORCE
0.537237915476817,206,127,62343,3389,1,34,28,12,0,247.87426073758246,MALICIOUS,BRUTE_FORCE
2.599974440847179,579,5527,61750,8080,1,3,2,0,0,184.9614616399994,NORMAL,NORMAL
1.5318093765438046,769,5035,59368,80,1,3,1,0,0,244.7357387294149,NORMAL,NORMAL
0.5086718699053174,118,143,52457,22,1,50,16,10,0,152.26483996401288,MALICIOUS,BRUTE_FORCE
1.016994944058997,1423,1632,63637,443,1,4,2,0,0,140.8247067257813,NORMAL,NORMAL
1.1070693483617744,92,6126,57264,443,1,1,1,0,0,204.63271010248195,NORMAL,NORMAL
0.6347273938825659,903,2437,58133,443,2,1,2,0,0,156.8166167037245,NORMAL,NORMAL
2.304543507933257,810,3015,57956,443,2,2,4,0,0,223.10225196966107,NORMAL,NORMAL
2.487215891993303,1706,343,61366,80,1,8,20,0,0,2790.3523765007576,MALICIOUS,WEB_ATTACK
0.07460565170873557,52,0,45745,364,1,77,2,0,0,1039.997701476886,MALICIOUS,PORT_SCAN
2.5216095331330375,835,7420,56962,80,1,1,1,0,0,106.53653965055841,NORMAL,NORMAL
0.6955531685871982,268,2505,61025,80,1,2,4,0,0,136.30330540465042,NORMAL,NORMAL
0.15230256085353355,485,3870,49216,80,2,3,1,0,0,98.27510998380119,NORMAL,NORMAL
0.25446782367597287,293,6203,56845,443,1,3,1,0,0,140.43334479723848,NORMAL,NORMAL
0.5309797417198239,484,5099,56785,80,1,3,0,0,0,93.06652820474454,NORMAL,NORMAL
0.5033635309403666,105,121,55676,22,1,16,18,22,0,229.7775876966434,MALICIOUS,BRUTE_FORCE
1.4519186011047203,319,8635,64800,443,1,2,3,0,0,152.6157501555065,NORMAL,NORMAL
0.2780705336331193,1244,2013,49307,443,1,1,4,0,0,148.38673825608694,NORMAL,NORMAL
2.5454997597561544,1616,5853,62769,80,1,3,2,0,0,103.59972999517763,NORMAL,NORMAL
2.925569628818178,468,680,59831,443,1,5,4,1,0,201.1849891076233,SUSPICIOUS,SUSPICIOUS_LOGIN
1.7470459467393653,1033,4568,58230,80,1,3,2,0,0,157.64602998325404,NORMAL,NORMAL
1.247979171775909,6312,282,56402,80,1,14,20,0,0,2779.6635670267365,MALICIOUS,WEB_ATTACK
1.2007196633086141,249,9343,61599,443,1,1,1,0,0,158.96914710676552,NORMAL,NORMAL
2.4145056445617445,388,897,60232,3389,1,5,4,2,0,265.91939866692707,SUSPICIOUS,SUSPICIOUS_LOGIN
3.044139809735669,897,5713,49198,5432,1,4,2,0,0,135.92471303438194,NORMAL,NORMAL
1.7580299737292626,635,2273,51848,8080,1,2,1,0,0,161.46865058224074,NORMAL,NORMAL
0.14049504353561587,788,2902,61368,80,2,1,1,0,0,246.75069439376693,NORMAL,NORMAL
0.2909502443467701,240,2783,53746,8080,1,0,5,0,0,167.9876983247753,NORMAL,NORMAL
0.7073381894592621,602,9200,61710,443,1,0,5,0,0,136.0726971614952,NORMAL,NORMAL
8.36883091873001,42,3792,55993,8080,1,3,1,0,0,201.65095356063517,NORMAL,NORMAL
1.8121889047417805,324,478,50898,443,1,2,2,2,1,293.12460764100337,SUSPICIOUS,SUSPICIOUS_LOGIN
3.671595188145282,584,3458,58896,53,1,1,0,0,0,143.95715062263227,NORMAL,NORMAL
0.6337981702664258,1022,2187,64209,8080,1,2,1,0,0,79.39515659123079,NORMAL,NORMAL
3.2317916369216646,617,1448,63620,22,1,4,5,2,0,268.64744223031397,SUSPICIOUS,SUSPICIOUS_LOGIN
0.06163067906373568,59,0,54796,54,1,63,2,0,0,856.7913317533774,MALICIOUS,PORT_SCAN
1.1465799137406885,5680,770,55203,443,1,22,8,0,0,1312.7131624200942,MALICIOUS,WEB_ATTACK
1.6910983015478693,877,9390,49802,3306,1,1,6,0,0,224.95669684120142,NORMAL,NORMAL
3.0249916754749835,736,3963,59898,80,1,3,0,0,0,110.34617009229845,NORMAL,NORMAL
0.6273788607500531,135,124,49550,22,1,16,20,20,0,213.58179217229707,MALICIOUS,BRUTE_FORCE
0.5558989480248406,487,7784,49238,443,1,2,0,0,0,74.12050758003922,NORMAL,NORMAL
2.077001017533128,425,694,63101,443,1,3,5,1,0,170.1364228627963,SUSPICIOUS,SUSPICIOUS_LOGIN
1.1906809842203407,1611,7741,55553,53,1,0,1,0,0,179.2450662004445,NORMAL,NORMAL
0.8498082470166592,250,3250,62158,53,1,1,1,0,0,111.77631585442933,NORMAL,NORMAL
1.5648662269265163,233,3335,64736,80,1,3,3,0,0,73.24915138803834,NORMAL,NORMAL
0.9322357691993544,402,5810,65066,443,1,5,6,0,0,119.0259605176277,NORMAL,NORMAL
0.8436888709338344,106,3841,60258,53,2,0,4,0,0,158.29832054393643,NORMAL,NORMAL
0.8712647658376198,626,8782,64489,80,1,2,2,0,0,91.2665375386362,NORMAL,NORMAL
4.225788254439188,282,1087,52774,22,1,5,5,1,0,138.50250225556064,SUSPICIOUS,SUSPICIOUS_LOGIN
0.567287084593898,568,7315,58691,80,1,1,1,0,0,162.4083254498065,NORMAL,NORMAL
1.8672533896567864,1024,4833,60983,443,1,2,1,0,0,108.47195614973539,NORMAL,NORMAL
0.33785254577582513,111,6685,63468,3306,1,2,1,0,0,175.7523612781357,NORMAL,NORMAL
2.297493827017012,598,753,50719,443,1,3,5,1,0,142.84423185710048,SUSPICIOUS,SUSPICIOUS_LOGIN
2.74147311162547,938,6500,61776,80,1,2,3,0,0,132.97770565401123,NORMAL,NORMAL
0.04859025815089567,67,0,64201,847,1,53,2,0,0,764.2856500649709,MALICIOUS,PORT_SCAN
0.3573311253811124,3747,259,52312,443,1,24,19,0,0,681.0989246950278,MALICIOUS,WEB_ATTACK
1.0962804428694586,224,7691,60116,53,1,3,4,0,0,191.36045017471312,NORMAL,NORMAL
2.4575648824079597,1359,7816,61046,443,1,2,0,0,0,119.35819190398401,NORMAL,NORMAL
8.531519119378173,769,4119,64762,80,1,4,0,0,0,139.88064228810552,NORMAL,NORMAL
4.873142884075277,337,1370,49204,443,1,4,4,1,0,246.1581904289394,SUSPICIOUS,SUSPICIOUS_LOGIN
3.6846291726977336,582,1446,50172,22,1,2,5,2,0,236.86531744109993,SUSPICIOUS,SUSPICIOUS_LOGIN
0.6440919429929829,433,4539,60604,443,1,1,3,0,0,183.08899227494993,NORMAL,NORMAL
0.6257814296358422,1713,5562,62380,80,1,1,1,0,0,118.05841941764956,NORMAL,NORMAL
0.3016122248466161,97,79,60814,22,1,26,27,7,0,147.0625379077417,MALICIOUS,BRUTE_FORCE
2.26686944784784,1407,7780,64296,53,1,0,1,0,0,173.6816094680253,NORMAL,NORMAL
0.32220921231109306,83,5140,54196,53,1,1,3,0,0,210.340221200492,NORMAL,NORMAL
0.41490235085228255,133,4290,53646,443,1,4,1,0,0,134.061737187078,NORMAL,NORMAL
0.10057729093293138,1496,1888,49223,443,1,2,2,0,0,125.8662348035543,NORMAL,NORMAL
0.1095992518385912,217,2201,65113,443,1,1,3,0,0,176.8558948536514,NORMAL,NORMAL
0.34745680007324936,989,2582,58795,80,2,0,2,0,0,155.60175424627025,NORMAL,NORMAL
0.27292884602612477,117,140,65214,445,1,48,46,8,0,196.6590032387415,MALICIOUS,BRUTE_FORCE
0.03834726429289116,43,0,60761,50,1,36,1,0,0,1080.0956100452695,MALICIOUS,PORT_SCAN
1.5318249558076689,583,7804,54284,53,1,1,1,0,0,151.39987224034758,NORMAL,NORMAL
0.058378227285593116,62,0,58912,1012,1,44,2,0,0,1173.9139060229688,MALICIOUS,PORT_SCAN
4.41739093768278,508,480,61309,3389,1,4,5,2,0,179.10437969461168,SUSPICIOUS,SUSPICIOUS_LOGIN
0.3718057672802707,191,139,64505,22,1,52,41,22,0,138.9568423541395,MALICIOUS,BRUTE_FORCE
0.07847557287114876,860,7033,49937,5432,1,4,4,0,0,196.07942263389825,NORMAL,NORMAL
0.038491128455159264,46,0,41242,579,1,92,2,0,0,958.0253095031044,MALICIOUS,PORT_SCAN
5.271636254613524,490,6183,58832,443,1,0,0,0,0,152.86186828132003,NORMAL,NORMAL
2.8689469971652395,422,302,50557,445,1,7,7,0,1,361.02595211491695,MALICIOUS,PRIVILEGE_ESCALATION
2.4037521072192436,3472,889,63862,443,1,20,23,0,0,1171.0414547278765,MALICIOUS,WEB_ATTACK
0.3684442208633216,65,95,53767,22,1,55,30,6,0,182.47892252833907,MALICIOUS,BRUTE_FORCE
2.50794612263277,187,6779,54691,443,1,3,4,0,0,170.45385558214065,NORMAL,NORMAL
1.5349527018981737,3296,308,63967,443,1,17,19,0,0,1339.2245891090765,MALICIOUS,WEB_ATTACK
3.7841863296237865,1639,1776,62116,443,1,2,2,0,0,124.3092603475655,NORMAL,NORMAL
81.45713313433606,2719381,4052,54112,443,1,2,1,0,0,459279.84320959914,MALICIOUS,DATA_EXFILTRATION
0.5240642000048609,478,5729,52390,443,1,3,2,0,0,123.88891770755168,NORMAL,NORMAL
1.726852831629704,659,4481,51242,80,1,1,2,0,0,132.0647912378447,NORMAL,NORMAL
1.1971125493207297,974,2631,55744,80,1,1,2,0,0,127.2484463620475,NORMAL,NORMAL
0.4763547578046303,155,5046,59683,443,1,4,2,0,0,160.0380408284817,NORMAL,NORMAL
2.951003605361243,537,408,50653,3389,1,5,5,2,1,262.29247878575603,SUSPICIOUS,SUSPICIOUS_LOGIN
0.16047019335874413,1186,1536,55929,53,1,3,2,0,0,138.0682880615852,NORMAL,NORMAL
0.7583876921177832,600,9329,53164,80,1,3,1,0,0,143.9291794821901,NORMAL,NORMAL
0.03626106475928704,59,3184,61756,53,1,0,3,0,0,156.72833624921995,NORMAL,NORMAL
2.0806102319064297,5801,832,63723,8080,1,11,11,0,0,696.167145122108,MALICIOUS,WEB_ATTACK
3.624878307329404,224,2913,49986,80,1,4,3,0,0,173.85502042595326,NORMAL,NORMAL
0.3290935925983465,163,66,64204,22,1,58,48,5,0,217.67258599063194,MALICIOUS,BRUTE_FORCE
2.5726793025840755,152,7051,55880,443,1,3,2,0,0,116.29319026759659,NORMAL,NORMAL
0.21988811868283065,398,3391,59585,8080,1,1,2,0,0,71.52916739298337,NORMAL,NORMAL
1.826878152132493,389,5096,58523,443,1,2,2,0,0,107.95403850986933,NORMAL,NORMAL
0.4804797979059356,331,7822,55263,80,1,1,3,0,0,162.79860764580653,NORMAL,NORMAL
24.70971791548839,3193446,3539,51908,9001,1,2,1,0,0,268735.3932151018,MALICIOUS,DATA_EXFILTRATION
0.04573374427802652,60,0,63440,92,1,51,2,0,0,583.2370713125117,MALICIOUS,PORT_SCAN
1.757876598137361,359,613,65263,22,1,2,4,2,0,324.4405859037032,SUSPICIOUS,SUSPICIOUS_LOGIN
0.8588422155484849,3967,840,52933,443,1,8,12,0,0,2659.5782275093216,MALICIOUS,WEB_ATTACK
0.012460383742107247,64,0,41962,156,1,95,1,0,0,1025.2666686115285,MALICIOUS,PORT_SCAN
2.4184945390241928,2455,600,63154,80,1,15,16,0,0,2365.1423991228626,MALICIOUS,WEB_ATTACK
0.02562062346272683,49,0,43065,452,1,44,1,0,0,962.3942763899645,MALICIOUS,PORT_SCAN
0.842508477040461,279,4378,53839,443,1,1,0,0,0,206.29173214119768,NORMAL,NORMAL
2.2848676914458927,3476,497,51817,80,1,18,16,0,0,2083.681970821389,MALICIOUS,WEB_ATTACK
0.6757008135114768,189,4511,56872,80,1,3,2,0,0,230.28744867943766,NORMAL,NORMAL
1.1012345561537717,298,8902,60098,80,1,1,3,0,0,218.06148117750715,NORMAL,NORMAL
0.3468673652797305,72,6469,62001,3306,1,0,0,0,0,150.67656868706416,NORMAL,NORMAL
0.18804668069535496,217,100,58113,22,1,27,22,13,0,141.00022976276352,MALICIOUS,BRUTE_FORCE
0.23440132243030923,149,133,50360,22,1,27,49,22,0,208.8515374784707,MALICIOUS,BRUTE_FORCE
0.1977505595704541,488,2405,64205,443,1,1,2,0,0,148.84283838540955,NORMAL,NORMAL
4.835396558504315,1177,8977,49987,80,2,0,4,0,0,111.90763111297417,NORMAL,NORMAL
2.0093555236127925,507,5698,59353,53,2,3,1,0,0,175.16952721180962,NORMAL,NORMAL
1.5962269291517535,1958,337,55617,443,1,20,16,0,0,2199.8642841693327,MALICIOUS,WEB_ATTACK
0.15159771719901927,824,4124,55107,5432,1,3,2,0,0,116.99141306559387,NORMAL,NORMAL
0.07713958484678357,282,2345,58242,80,1,3,3,0,0,158.52362299475885,NORMAL,NORMAL
1.9816198576911876,864,4718,52815,80,1,5,0,0,0,169.96195341931895,NORMAL,NORMAL
3.643300544086032,308,1172,50677,22,1,4,5,2,0,170.22589997737578,SUSPICIOUS,SUSPICIOUS_LOGIN
0.23502013184944903,507,10310,54910,3306,1,2,3,0,0,76.52067355099418,NORMAL,NORMAL
2.856755223562379,242,2369,52728,443,1,0,5,0,0,144.30857230219408,NORMAL,NORMAL
0.057627371692201224,43,0,49577,572,1,93,1,0,0,960.6767636297332,MALICIOUS,PORT_SCAN
2.3358502469850038,217,4133,61962,443,1,3,2,0,0,180.61539701044202,NORMAL,NORMAL
0.48849347189748304,151,118,51847,22,1,49,47,20,0,195.80913807658385,MALICIOUS,BRUTE_FORCE
0.15068446400493757,303,2258,64413,80,1,2,1,0,0,126.20973665087672,NORMAL,NORMAL
4.072867721873914,189,5245,52471,53,1,3,3,0,0,164.97682606068093,NORMAL,NORMAL
1.0410169930588895,105,2820,63787,443,1,2,1,0,0,136.16294305312772,NORMAL,NORMAL
0.0736682523797777,822,6479,51209,443,1,0,3,0,0,127.33851353267924,NORMAL,NORMAL
1.1004393731890088,369,3890,60677,53,1,2,3,0,0,198.59511673994137,NORMAL,NORMAL
1.5012850367603472,168,4711,54175,80,1,7,0,0,0,167.55503994254173,NORMAL,NORMAL
0.5917642275537478,176,109,53759,22,1,49,31,16,0,154.09634630816188,MALICIOUS,BRUTE_FORCE
0.26753355385999783,91,78,61120,3389,1,43,39,15,0,140.20766779797668,MALICIOUS,BRUTE_FORCE
0.4831461364160825,2338,6341,59538,53,1,5,0,0,0,115.7121998034503,NORMAL,NORMAL
1.9067811815780018,795,2052,62220,80,1,1,4,0,0,200.14939144878937,NORMAL,NORMAL
1.5910582823426487,5795,234,56962,8080,1,23,20,0,0,2928.087978158617,MALICIOUS,WEB_ATTACK
0.28391245649209707,367,7880,61303,53,1,2,3,0,0,166.60980937293576,NORMAL,NORMAL
0.1225776604784126,615,5063,61518,443,1,0,2,0,0,130.55210629090854,NORMAL,NORMAL
0.1822603686323332,135,108,61700,22,1,24,30,18,0,140.32530797994735,MALICIOUS,BRUTE_FORCE
0.5858807827817083,662,1851,53615,443,1,1,1,0,0,148.92550120882132,NORMAL,NORMAL
1.433401002102641,521,5511,64171,80,1,1,3,0,0,123.92681763331255,NORMAL,NORMAL
2.833614510254071,1625,6963,58274,443,2,4,2,0,0,192.46492588799518,NORMAL,NORMAL
1.8061865966210027,251,5667,57026,53,1,0,2,0,0,148.80474778127376,NORMAL,NORMAL
0.6087968387122837,260,1569,55277,80,2,3,4,0,0,48.97615102207659,NORMAL,NORMAL
0.5070885229581023,100,98,63756,3389,1,41,27,12,0,139.31366979634032,MALICIOUS,BRUTE_FORCE
0.03987564662887865,42,0,59241,825,1,117,2,0,0,1180.7588924474053,MALICIOUS,PORT_SCAN
0.9058549591094551,330,3177,63923,3306,2,1,2,0,0,158.96932683131945,NORMAL,NORMAL
4.14565565955802,662,679,55346,3389,1,2,4,2,0,209.7610065123709,SUSPICIOUS,SUSPICIOUS_LOGIN
0.2045463441034376,87,70,49379,22,1,15,23,16,0,201.33965734941165,MALICIOUS,BRUTE_FORCE
2.470678753390251,912,5244,50529,443,1,4,1,0,0,163.27921322276057,NORMAL,NORMAL
0.05307530552350093,51,0,42617,100,1,106,2,0,0,726.2114424035035,MALICIOUS,PORT_SCAN
3.2069501078755014,282,4053,61368,80,1,1,2,0,0,137.1697767793892,NORMAL,NORMAL
4.035942945002533,275,3936,64983,443,1,2,1,0,0,184.44339224815246,NORMAL,NORMAL
0.47280379276005846,1019,4067,63653,443,1,1,1,0,0,201.4662056219139,NORMAL,NORMAL
3.5601760128394275,407,5874,65514,80,1,1,3,0,0,170.72008703272706,NORMAL,NORMAL
1.663455378546784,5315,414,58087,443,1,24,9,0,0,2872.5252046466767,MALICIOUS,WEB_ATTACK
1.2078685033330494,4866,780,65435,443,1,9,19,0,0,631.1988616769776,MALICIOUS,WEB_ATTACK
2.5658296127397047,1078,4669,54072,5432,1,0,2,0,0,26.013179088669162,NORMAL,NORMAL
2.1073843699790773,368,383,57561,445,1,5,3,0,1,166.6176292133144,MALICIOUS,PRIVILEGE_ESCALATION
1.6911568182669137,559,570,51925,443,1,5,4,3,0,349.7767679153993,SUSPICIOUS,SUSPICIOUS_LOGIN
0.4134520736953722,474,2330,57731,443,1,2,2,0,0,177.8190200959386,NORMAL,NORMAL
3.5421679575172895,719,786,62979,443,1,3,2,2,0,245.01341477601517,SUSPICIOUS,SUSPICIOUS_LOGIN
1.2326712197216783,245,855,58005,53,1,1,2,0,0,168.37190261643755,NORMAL,NORMAL
0.06597572924619499,48,0,64414,278,1,95,1,0,0,597.1974297182444,MALICIOUS,PORT_SCAN
0.5558576158130764,735,5460,65446,443,1,4,2,0,0,177.23534339510897,NORMAL,NORMAL
1.2745799082193046,184,4471,54504,443,2,3,1,0,0,145.03829897970496,NORMAL,NORMAL
0.05806605612780419,48,0,46061,145,1,62,1,0,0,777.5766371242062,MALICIOUS,PORT_SCAN
0.3441676185370406,93,118,61058,3389,1,25,46,20,0,213.4997225690769,MALICIOUS,BRUTE_FORCE
0.0664539025726925,65,0,57100,268,1,85,2,0,0,1189.5008515205625,MALICIOUS,PORT_SCAN
0.8339249919286109,2409,317,57104,80,1,11,8,0,0,2129.4534628840165,MALICIOUS,WEB_ATTACK
3.2199211009635724,545,657,60121,443,1,4,5,3,0,341.205824922347,SUSPICIOUS,SUSPICIOUS_LOGIN
0.8914278653020639,706,6999,52923,443,1,4,0,0,0,147.81485162416956,NORMAL,NORMAL
0.1223431957935716,274,9003,63682,80,1,2,1,0,0,146.1300237867858,NORMAL,NORMAL
1.8339472788818503,3327,652,51247,80,1,12,12,0,0,2584.865517988095,MALICIOUS,WEB_ATTACK
1.2541459466297533,328,4545,54699,80,1,5,2,0,0,89.78883295354237,NORMAL,NORMAL
1.4786429724101966,1071,4100,57222,53,1,0,3,0,0,145.7189205031948,NORMAL,NORMAL
0.39579857705682625,189,5917,63779,80,1,2,1,0,0,92.64986404141673,NORMAL,NORMAL
1.5598289376039551,190,7387,56291,443,1,0,1,0,0,183.66201126093918,NORMAL,NORMAL
0.5864758120981575,141,64,64872,22,1,51,34,17,0,102.55546599214702,MALICIOUS,BRUTE_FORCE
0.517072376755285,213,2818,51060,443,1,2,3,0,0,164.36220373921466,NORMAL,NORMAL
0.02449010209936885,1090,5968,63734,5432,1,4,1,0,0,212.88562528408687,NORMAL,NORMAL
0.29387106682823505,83,69,51216,3389,1,31,58,16,0,220.9589792728848,MALICIOUS,BRUTE_FORCE
0.27657906651943753,479,5018,58863,5432,1,2,2,0,0,215.31104987144326,NORMAL,NORMAL
2.394934714742019,345,4971,58703,443,1,1,5,0,0,143.30434643178234,NORMAL,NORMAL
0.45571302891922105,87,100,53353,22,1,43,45,15,0,247.0026902596043,MALICIOUS,BRUTE_FORCE
1.5347861339676903,497,1390,58866,80,1,0,3,0,0,113.95586852062573,NORMAL,NORMAL
1.6422507210262691,488,5331,56989,443,1,3,4,0,0,137.54131220403193,NORMAL,NORMAL
0.13844779618147607,181,98,64195,3389,1,18,25,21,0,110.88940588139259,MALICIOUS,BRUTE_FORCE
0.031124596488981526,62,0,59995,275,1,101,2,0,0,637.2822418830485,MALICIOUS,PORT_SCAN
9.676667552203156,756,5376,57711,443,1,3,1,0,0,118.191409159014,NORMAL,NORMAL
0.807177039661463,363,4365,57145,80,1,3,0,0,0,145.1061238943558,NORMAL,NORMAL
0.669412885561285,1007,1657,57576,443,1,0,0,0,0,68.4361794702512,NORMAL,NORMAL
0.5041888484625865,182,149,49572,22,1,34,18,6,0,169.14918103813017,MALICIOUS,BRUTE_FORCE
2.5881356755170524,715,3060,58268,80,1,0,2,0,0,158.17728439485322,NORMAL,NORMAL
18.135006632118166,10664191,6780,65063,443,1,1,1,0,0,198566.38457361583,MALICIOUS,DATA_EXFILTRATION
0.8909293224791748,2422,283,58055,80,1,20,20,0,0,1047.6559333879488,MALICIOUS,WEB_ATTACK
2.4717163441914303,602,4446,55889,80,1,5,4,0,0,93.87090677865766,NORMAL,NORMAL
3.5181343670756804,685,1070,61533,22,1,5,2,2,0,321.217892762645,SUSPICIOUS,SUSPICIOUS_LOGIN
0.1583783695364438,561,4798,65159,80,2,1,1,0,0,152.6827800005445,NORMAL,NORMAL
0.15599059420156836,446,5566,64889,443,1,2,1,0,0,141.43424511642144,NORMAL,NORMAL
0.8775285762516853,541,5970,62819,443,1,1,4,0,0,134.6573774237557,NORMAL,NORMAL
0.030263146345704622,66,0,43543,111,2,78,2,0,0,641.0503248650894,MALICIOUS,PORT_SCAN
0.6939388912171388,108,118,56632,445,1,37,24,8,0,187.53779113194307,MALICIOUS,BRUTE_FORCE
1.417920275869668,5077,646,56459,80,1,9,13,0,0,1425.7508024260765,MALICIOUS,WEB_ATTACK
1.698415792863094,2051,2196,63365,53,1,3,1,0,0,109.69802515794288,NORMAL,NORMAL
1.5579228207186697,6109,572,57519,443,1,8,8,0,0,2198.474075726399,MALICIOUS,WEB_ATTACK
0.4662920062954555,763,3324,55919,443,1,1,2,0,0,166.8787528573383,NORMAL,NORMAL
0.058557668172819766,42,0,52308,10,1,32,1,0,0,678.2943313773334,MALICIOUS,PORT_SCAN
0.17525544770603407,88,149,64225,3389,1,58,23,16,0,200.78737490578052,MALICIOUS,BRUTE_FORCE
0.3732309199585958,638,3877,62133,80,1,1,3,0,0,69.70868815225825,NORMAL,NORMAL
1.9800193115885074,6473,378,63786,443,1,14,16,0,0,708.2172913111611,MALICIOUS,WEB_ATTACK
1.1466037994959626,1499,3930,64980,80,1,1,1,0,0,138.78641170629678,NORMAL,NORMAL
0.9436554570711064,218,6785,53529,443,1,5,3,0,0,112.98657314547698,NORMAL,NORMAL
0.0461770048662768,69,0,64962,281,1,117,2,0,0,975.9633381009824,MALICIOUS,PORT_SCAN
2.634456296243839,377,1342,64855,22,1,3,4,2,0,312.83776767640285,SUSPICIOUS,SUSPICIOUS_LOGIN
0.7456980928902013,331,2112,51604,3306,1,3,2,0,0,267.78318496213853,NORMAL,NORMAL
0.6222845044756422,599,4172,54729,443,1,2,2,0,0,106.76054336903769,NORMAL,NORMAL
0.05548407381841823,57,0,41234,594,1,78,2,0,0,1146.3383525807328,MALICIOUS,PORT_SCAN
0.9128853379671125,518,6355,62714,80,2,3,3,0,0,162.55822747082493,NORMAL,NORMAL
4.346735206601868,528,794,49623,3389,1,3,4,1,1,202.6794494400196,SUSPICIOUS,SUSPICIOUS_LOGIN
4.317673680716975,1530,3902,53682,443,1,1,0,0,0,116.30516777090625,NORMAL,NORMAL
1.1712404206365106,591,4811,54942,80,1,3,0,0,0,146.7508866738937,NORMAL,NORMAL
0.5376127817370271,208,120,52679,3389,1,33,25,18,0,125.16137424864996,MALICIOUS,BRUTE_FORCE
0.23700784257569651,701,7270,58705,53,2,2,2,0,0,139.45954484166515,NORMAL,NORMAL
1.4625858625926977,584,3936,61600,443,2,1,1,0,0,153.0772242082154,NORMAL,NORMAL
3.1856800079901966,1384,5475,49726,53,1,2,2,0,0,197.05226325811856,NORMAL,NORMAL
0.9829218019761046,426,1549,61039,443,1,2,2,0,0,197.73873714188832,NORMAL,NORMAL
1.2967734657756582,876,2010,51252,443,1,1,3,0,0,191.65275670371378,NORMAL,NORMAL
0.035714857241935904,41,0,63017,539,1,80,1,0,0,937.4366771823501,MALICIOUS,PORT_SCAN
0.7897957436712616,195,119,63708,3389,1,46,59,16,0,104.50050401276786,MALICIOUS,BRUTE_FORCE
2.0102199255518927,331,1195,55401,22,1,5,4,2,0,277.26967683657443,SUSPICIOUS,SUSPICIOUS_LOGIN
0.9713159802556546,225,7031,55453,80,1,3,4,0,0,143.14725281758726,NORMAL,NORMAL
3.5221183243378382,556,1300,54445,22,1,4,5,1,0,341.7107275740556,SUSPICIOUS,SUSPICIOUS_LOGIN
117.0148910658926,5765964,5783,58282,443,1,1,1,0,0,152201.70341500168,MALICIOUS,DATA_EXFILTRATION
4.572272619523962,95,3688,50652,80,1,1,1,0,0,172.563643975256,NORMAL,NORMAL
0.41769403577211717,616,7454,58340,443,1,0,2,0,0,137.30303569658764,NORMAL,NORMAL
0.5363677092924102,924,2692,57211,443,1,2,0,0,0,138.61983581394364,NORMAL,NORMAL
0.7346752640050628,1407,1123,56312,80,1,4,2,0,0,194.20117821400652,NORMAL,NORMAL
2.5880506999871837,419,415,64577,22,1,3,3,1,1,187.18336082356913,MALICIOUS,PRIVILEGE_ESCALATION
0.46517191854642004,150,69,50472,22,1,20,33,9,0,151.59133043015152,MALICIOUS,BRUTE_FORCE
1.6497024372349374,409,4000,57605,80,1,1,2,0,0,179.63268237353503,NORMAL,NORMAL
0.2517512133450178,78,60,56555,3389,1,57,15,8,0,248.1477455607321,MALICIOUS,BRUTE_FORCE
2.807105152864305,370,443,60451,445,1,3,4,1,1,218.74298920743408,MALICIOUS,PRIVILEGE_ESCALATION
1.234876612150492,2064,249,53705,443,1,10,21,0,0,2792.8937821479285,MALICIOUS,WEB_ATTACK
0.38478754819030825,89,138,53393,3389,1,40,29,7,0,129.2909734866759,MALICIOUS,BRUTE_FORCE
0.4073558408212089,172,6841,54576,53,1,1,2,0,0,175.0000240302733,NORMAL,NORMAL
0.06740973741568104,46,0,44619,123,1,116,1,0,0,965.6711853037132,MALICIOUS,PORT_SCAN
0.24300906596640293,488,4507,63325,80,1,1,2,0,0,190.973848079433,NORMAL,NORMAL
1.224500351211628,6260,368,61762,443,1,9,17,0,0,880.7325283018836,MALICIOUS,WEB_ATTACK
0.7715659347195173,168,70,55009,22,1,53,56,16,0,142.25336242411913,MALICIOUS,BRUTE_FORCE
0.19199286956795442,430,11449,51743,443,1,5,2,0,0,108.83967264220232,NORMAL,NORMAL
0.3404837661220813,1062,3718,57131,80,1,2,3,0,0,140.307586640521,NORMAL,NORMAL
1.4154322691195522,550,2717,52476,443,1,3,3,0,0,198.34632433505737,NORMAL,NORMAL
1.3600445595847819,3989,276,60477,80,1,22,14,0,0,1796.5537010278022,MALICIOUS,WEB_ATTACK
0.1827096801527217,91,143,56482,22,1,20,36,19,0,240.5025320927868,MALICIOUS,BRUTE_FORCE
2.257635936415808,645,818,65369,3389,1,2,5,1,0,143.97122340067733,SUSPICIOUS,SUSPICIOUS_LOGIN
0.016507716800868034,69,0,58590,924,1,95,2,0,0,672.4216661540001,MALICIOUS,PORT_SCAN
0.054345929350814975,664,3290,60579,53,1,2,3,0,0,120.81747937049535,NORMAL,NORMAL
0.11331416019379459,521,10490,61579,5432,2,1,2,0,0,168.07288630131177,NORMAL,NORMAL
0.8310081359598852,890,2743,54341,443,1,0,7,0,0,134.5408344850296,NORMAL,NORMAL
1.0284686019460092,294,7552,63754,443,1,6,1,0,0,97.00667777189462,NORMAL,NORMAL
4.094118295694879,812,916,65047,443,1,2,0,0,0,93.18659468938107,NORMAL,NORMAL
0.24751788046711554,478,2778,59893,443,2,4,2,0,0,234.85752288182073,NORMAL,NORMAL
0.1725933199851213,533,8298,54597,5432,1,4,0,0,0,90.05823785610251,NORMAL,NORMAL
3.105113159549105,504,8163,50149,3306,1,1,2,0,0,137.85791381225326,NORMAL,NORMAL
0.8057873471744301,475,7310,53028,443,1,2,2,0,0,155.77524335936772,NORMAL,NORMAL
4.662837094533449,283,7248,55324,443,2,3,2,0,0,145.0484164875632,NORMAL,NORMAL
1.6076364323555312,587,7857,61311,8080,1,1,2,0,0,172.66163948326624,NORMAL,NORMAL
2.5231257938930343,290,264,50290,22,1,6,4,0,1,368.4158478620553,MALICIOUS,PRIVILEGE_ESCALATION
0.03486074178210758,42,0,41561,328,1,85,2,0,0,968.5642255387866,MALICIOUS,PORT_SCAN
0.2621456425502864,422,2909,55538,443,1,5,1,0,0,219.87149546407807,NORMAL,NORMAL
2.2882306777585164,513,3932,61558,80,2,4,3,0,0,145.3039656338016,NORMAL,NORMAL
39.951153018937475,13607938,5814,53473,9001,1,1,1,0,0,220555.02918719774,MALICIOUS,DATA_EXFILTRATION
1.7534865673343574,206,270,50985,445,1,7,4,1,1,257.5389142954592,MALICIOUS,PRIVILEGE_ESCALATION
0.41925884293845445,513,4324,52598,80,2,4,1,0,0,207.8777658554792,NORMAL,NORMAL
2.3258686880565,659,504,57522,443,1,3,3,2,0,258.30806516730325,SUSPICIOUS,SUSPICIOUS_LOGIN
1.6190749865421892,4868,761,59889,443,1,10,23,0,0,999.1095615788216,MALICIOUS,WEB_ATTACK
0.41258437538510584,1368,376,50320,80,1,19,22,0,0,2725.6505982968865,MALICIOUS,WEB_ATTACK
1.593681064876394,822,8531,59234,53,1,2,0,0,0,97.82845350789022,NORMAL,NORMAL
0.05251404923905109,146,3614,49765,5432,1,3,1,0,0,212.70714148858616,NORMAL,NORMAL
0.6618404992948053,319,2279,49216,80,1,1,0,0,0,155.37715530512088,NORMAL,NORMAL
0.6498100539769374,208,131,54802,22,1,33,19,6,0,119.23116255888831,MALICIOUS,BRUTE_FORCE
0.3900915872144408,136,57,52793,22,1,31,37,5,0,202.1880693158019,MALICIOUS,BRUTE_FORCE
1.2785168532226203,686,3164,56616,5432,2,2,1,0,0,169.2232797711788,NORMAL,NORMAL
0.7201274787210514,447,8446,53441,5432,1,0,0,0,0,110.22270016799219,NORMAL,NORMAL
0.07294569812735258,59,0,56351,605,1,82,2,0,0,716.4505370868912,MALICIOUS,PORT_SCAN
1.5459244835832984,112,4620,57887,80,1,0,3,0,0,129.94465162427366,NORMAL,NORMAL
1.1290081292492125,1222,3594,51352,443,1,1,2,0,0,242.30752910941806,NORMAL,NORMAL
0.13592083940279506,189,43,53142,22,1,55,52,16,0,159.25419877698147,MALICIOUS,BRUTE_FORCE
2.798679653782929,433,6220,62288,443,1,5,2,0,0,164.04209923818715,NORMAL,NORMAL
0.015588339202096926,47,0,58399,918,1,110,1,0,0,854.8165832811736,MALICIOUS,PORT_SCAN
0.02792639241689201,67,0,51859,710,1,108,2,0,0,798.9681542380445,MALICIOUS,PORT_SCAN
2.3212712561372264,5727,487,63516,443,1,15,12,0,0,2967.7500722045975,MALICIOUS,WEB_ATTACK
0.08638894132645313,1053,4443,53697,80,1,1,0,0,0,177.64637593288285,NORMAL,NORMAL
0.16541087458889214,282,2955,50248,443,1,0,2,0,0,173.62067681356385,NORMAL,NORMAL
0.14551246809838764,845,1571,50968,443,1,3,1,0,0,196.09411032287136,NORMAL,NORMAL
0.6239283235889066,431,5364,64939,443,1,1,3,0,0,188.96702675967228,NORMAL,NORMAL
1.1994040081140263,454,2315,55327,5432,1,2,2,0,0,154.06623046264116,NORMAL,NORMAL
1.0761551899336883,358,1669,57723,443,1,1,2,0,0,195.176112299046,NORMAL,NORMAL
1.4324003393381974,602,889,64212,443,1,2,2,3,1,289.1740016300587,SUSPICIOUS,SUSPICIOUS_LOGIN
0.01448021763992181,53,0,40470,357,1,94,1,0,0,1198.6814202201967,MALICIOUS,PORT_SCAN
0.7542688200076573,660,4426,63150,53,1,3,1,0,0,132.41523729103238,NORMAL,NORMAL
0.49608155688261807,5700,353,64861,443,1,24,14,0,0,2836.7262726856948,MALICIOUS,WEB_ATTACK
0.36703335792991837,2268,486,56859,80,1,18,10,0,0,1035.4392880207863,MALICIOUS,WEB_ATTACK
0.9582083628032072,181,5054,56790,443,2,2,2,0,0,144.0901551696625,NORMAL,NORMAL
0.6678822124627601,626,8428,60848,80,2,5,0,0,0,96.1916131676559,NORMAL,NORMAL
2.9176006943409325,500,10872,54039,80,1,4,2,0,0,211.69395813450586,NORMAL,NORMAL
0.04358835214204421,203,2859,57169,5432,1,2,1,0,0,185.01125706540705,NORMAL,NORMAL
2.345284708574595,359,2841,50586,443,1,4,2,0,0,159.11068005619487,NORMAL,NORMAL
1.47090006347223,524,1928,57781,8080,1,2,2,0,0,144.98166557825252,NORMAL,NORMAL
0.5771763895663451,6274,345,54402,443,1,9,8,0,0,2652.7964468560103,MALICIOUS,WEB_ATTACK
0.2695123950240199,112,46,56267,22,1,35,26,9,0,234.34128371775944,MALICIOUS,BRUTE_FORCE
1.805908380110814,495,3945,49312,80,1,3,0,0,0,65.31313248019535,NORMAL,NORMAL
0.24295391393360308,3476,351,53038,80,1,10,17,0,0,2810.4177970516494,MALICIOUS,WEB_ATTACK
2.205072643601193,353,2547,56028,443,1,1,1,0,0,178.6786190892556,NORMAL,NORMAL
1.9256097347819496,227,4639,58591,443,1,2,2,0,0,152.20849414401545,NORMAL,NORMAL
0.01766350892172304,543,4111,64473,3306,1,1,1,0,0,74.72603818009443,NORMAL,NORMAL
0.3718187503331035,165,69,53764,22,1,37,27,13,0,129.02327577046896,MALICIOUS,BRUTE_FORCE
0.46921603193286004,1400,6060,56853,5432,2,1,2,0,0,235.52220846536017,NORMAL,NORMAL
0.5529784755159795,308,3774,60188,443,1,3,1,0,0,165.49302481590976,NORMAL,NORMAL
97.71551734767577,14206802,5495,58859,443,2,2,1,0,0,101856.79002642997,MALICIOUS,DATA_EXFILTRATION
0.06852939519590633,40,0,62943,1023,1,65,1,0,0,1077.708813510674,MALICIOUS,PORT_SCAN
0.8451728422829873,366,12949,65330,80,1,3,1,0,0,148.50348364052027,NORMAL,NORMAL
2.586598312780127,451,2887,60299,80,1,3,2,0,0,143.64397527992494,NORMAL,NORMAL
0.7137727359964064,1176,994,54391,443,1,2,1,0,0,77.18407807712657,NORMAL,NORMAL
0.8558719467536839,2068,853,56318,8080,2,3,1,0,0,153.26570937684636,NORMAL,NORMAL
0.6226743702621366,273,5845,55185,443,2,0,2,0,0,81.21411439638591,NORMAL,NORMAL
0.7013202053186331,1195,2675,50288,443,1,5,0,0,0,181.29973978802485,NORMAL,NORMAL
0.1939061301900457,119,130,59574,22,1,35,52,10,0,136.63809038326056,MALICIOUS,BRUTE_FORCE
0.48896569553019975,167,61,58926,22,1,16,20,15,0,137.95241096409435,MALICIOUS,BRUTE_FORCE
43.663095887150085,6220188,1520,54560,53,1,2,1,0,0,57874.05296041543,MALICIOUS,DATA_EXFILTRATION
2.736359724432509,786,2251,53256,80,2,1,5,0,0,262.92248122518095,NORMAL,NORMAL
1.5566919076393229,364,1948,61095,443,1,2,2,0,0,97.59184633845078,NORMAL,NORMAL
2.2373357232386777,869,4417,57343,443,1,0,1,0,0,214.14545623342076,NORMAL,NORMAL
0.08427535373474537,266,2442,54962,80,1,3,4,0,0,125.33579783818013,NORMAL,NORMAL
1.052218157296406,533,1541,60529,443,1,2,2,0,0,164.69277551396786,NORMAL,NORMAL
1.2444932991865134,155,2215,58718,8080,1,3,2,0,0,142.62843992669153,NORMAL,NORMAL
2.848920053030429,216,429,62869,445,1,7,3,0,1,254.09516935119177,MALICIOUS,PRIVILEGE_ESCALATION
2.0135771537783187,533,4914,54214,80,2,2,3,0,0,205.99646240925574,NORMAL,NORMAL
1.80067603912191,6294,334,59903,80,1,22,22,0,0,1987.5513112280116,MALICIOUS,WEB_ATTACK
0.5974917956535389,436,10476,61122,443,1,2,1,0,0,108.08711783489231,NORMAL,NORMAL
0.3602412511015304,139,112,55257,3389,1,21,23,20,0,109.43381685394777,MALICIOUS,BRUTE_FORCE
0.6127442322802588,354,221,64692,445,1,4,4,0,1,306.3736844567105,MALICIOUS,PRIVILEGE_ESCALATION
0.6493921819730349,618,2352,50595,443,1,4,4,0,0,222.0589445836872,NORMAL,NORMAL
0.9372121691088302,368,3963,51755,443,1,4,3,0,0,89.54796513609513,NORMAL,NORMAL
113.75640641966623,6623770,2985,65277,443,1,2,1,0,0,267868.5865577965,MALICIOUS,DATA_EXFILTRATION
1.8916743351840895,649,5304,50384,80,1,2,5,0,0,162.50368920614125,NORMAL,NORMAL
1.5467299126340222,165,4793,60738,80,1,2,2,0,0,137.72939696971736,NORMAL,NORMAL
0.5553903680661246,285,3797,60840,443,2,2,0,0,0,113.25093459978217,NORMAL,NORMAL
0.33303306515558007,504,2456,53061,80,2,3,4,0,0,167.24588033953046,NORMAL,NORMAL
0.292400355337234,448,4120,52322,5432,1,1,1,0,0,179.61363271790955,NORMAL,NORMAL
0.4566005441532661,75,126,57963,22,1,23,26,9,0,156.6961999944234,MALICIOUS,BRUTE_FORCE
4.037970331637656,694,957,62692,22,1,2,3,1,0,194.23173872013444,SUSPICIOUS,SUSPICIOUS_LOGIN
0.32360758147493296,949,5400,65222,443,1,4,1,0,0,149.79589448709643,NORMAL,NORMAL
0.45550398385155577,91,146,55428,22,1,52,49,10,0,93.86743462805413,MALICIOUS,BRUTE_FORCE
1.4091738929519941,327,196,53187,22,1,3,6,1,1,215.67302514150234,MALICIOUS,PRIVILEGE_ESCALATION
3.030673832256926,766,6998,63023,53,1,3,6,0,0,83.0766394997704,NORMAL,NORMAL
0.9047158688506575,320,4800,56378,443,1,4,1,0,0,133.97162770067706,NORMAL,NORMAL
0.4596063336271311,127,97,60183,22,1,31,17,11,0,100.00754751576636,MALICIOUS,BRUTE_FORCE
1.2643525720166306,302,6283,65282,80,1,6,0,0,0,123.71482567872243,NORMAL,NORMAL
1.1691540258984492,618,7275,56004,80,2,3,1,0,0,146.7573157825833,NORMAL,NORMAL
0.7070912537964349,192,77,53783,3389,1,46,21,10,0,85.83335926617904,MALICIOUS,BRUTE_FORCE
1.192520649068253,418,1524,51799,80,1,0,2,0,0,111.86706173053817,NORMAL,NORMAL
0.8809096904217143,725,2450,57155,80,1,2,3,0,0,150.2314064403488,NORMAL,NORMAL
0.38454759790713877,194,143,52127,22,1,20,33,13,0,92.37938055691903,MALICIOUS,BRUTE_FORCE
4.574754679249864,762,890,65391,3389,1,4,2,2,0,188.85162466311948,SUSPICIOUS,SUSPICIOUS_LOGIN
1.0498890163337897,189,5519,64499,80,1,4,0,0,0,174.20532063035796,NORMAL,NORMAL
83.93327435990453,4506975,6571,61111,8443,2,2,1,0,0,71786.66355005474,MALICIOUS,DATA_EXFILTRATION
1.5557083819154216,653,1075,49888,443,2,3,3,0,0,186.3888395036405,NORMAL,NORMAL
95.74326592514119,8809472,4834,55138,9001,1,1,1,0,0,345950.97525931284,MALICIOUS,DATA_EXFILTRATION
0.6468628406445713,320,499,57933,22,1,7,7,0,1,386.7994256864847,MALICIOUS,PRIVILEGE_ESCALATION
2.0604233028851535,266,234,51171,445,1,6,4,0,1,220.42954886875924,MALICIOUS,PRIVILEGE_ESCALATION
0.07720656027302701,587,2598,60044,53,1,4,4,0,0,133.4592098896609,NORMAL,NORMAL
1.5706081891841959,770,4155,63561,53,1,1,2,0,0,177.00657603953175,NORMAL,NORMAL
0.0736358685754686,49,0,51599,383,1,54,1,0,0,1126.5868158504131,MALICIOUS,PORT_SCAN
0.1001790041883,306,6687,55873,443,1,0,5,0,0,123.65471676179878,NORMAL,NORMAL
55.76046877543866,8636473,4572,65183,8443,2,1,1,0,0,488111.2751234512,MALICIOUS,DATA_EXFILTRATION
5.090620173644491,234,6999,55778,80,1,2,1,0,0,77.01103812397044,NORMAL,NORMAL
1.539588461242741,4316,607,51126,80,1,20,9,0,0,1482.5196483322588,MALICIOUS,WEB_ATTACK
0.410550596604206,327,2315,50010,53,1,2,3,0,0,129.3824283425617,NORMAL,NORMAL
0.07005158209443779,53,0,48956,511,1,92,1,0,0,1186.7561323220316,MALICIOUS,PORT_SCAN
0.22571669697973393,140,91,61572,22,1,31,45,20,0,227.70591452851426,MALICIOUS,BRUTE_FORCE
1.0889017170863664,750,4632,65183,53,1,1,1,0,0,120.97944632337149,NORMAL,NORMAL
0.04234232490403281,51,0,46275,860,1,60,1,0,0,1054.437218711725,MALICIOUS,PORT_SCAN
4.214018802558543,687,431,65149,22,1,3,4,3,0,238.5219998804354,SUSPICIOUS,SUSPICIOUS_LOGIN
3.092727286281277,295,3988,52912,80,1,0,1,0,0,88.24291082511922,NORMAL,NORMAL
0.3672976558100839,2209,8949,56044,53,1,1,2,0,0,192.3190812827254,NORMAL,NORMAL
0.6261118221161965,131,1598,60174,443,1,4,1,0,0,155.1722790066536,NORMAL,NORMAL
4.17541473037187,603,6665,52916,443,1,3,1,0,0,138.39142353492167,NORMAL,NORMAL
0.4227572378973973,141,56,59871,445,1,37,42,18,0,167.25921946102574,MALICIOUS,BRUTE_FORCE
0.5709833484529664,284,3804,65396,443,1,1,4,0,0,126.00684493828409,NORMAL,NORMAL
0.05767085882044765,41,0,61936,1015,1,37,2,0,0,1194.3413107750234,MALICIOUS,PORT_SCAN
2.353799339863085,2460,417,58067,80,1,20,21,0,0,1258.1104060775615,MALICIOUS,WEB_ATTACK
0.015471053511433581,974,7117,58534,5432,1,3,3,0,0,171.47298735822704,NORMAL,NORMAL
0.41635299798649805,431,1724,56721,443,2,2,4,0,0,159.2971441520105,NORMAL,NORMAL
4.836518179142162,718,481,58434,22,1,4,4,3,0,179.65949519781844,SUSPICIOUS,SUSPICIOUS_LOGIN
1.8617326774642051,239,283,61791,22,1,6,7,0,1,188.09865930518026,MALICIOUS,PRIVILEGE_ESCALATION
0.0596517314145113,51,0,45515,753,1,114,1,0,0,909.4433207513898,MALICIOUS,PORT_SCAN
4.457460479033493,1262,3194,62926,80,1,0,2,0,0,183.88078308581822,NORMAL,NORMAL
0.2461452510293942,84,121,59498,22,1,48,16,17,0,144.5845187330512,MALICIOUS,BRUTE_FORCE
1.8281376168713774,301,801,54994,3389,1,4,5,1,0,307.9730423961032,SUSPICIOUS,SUSPICIOUS_LOGIN
1.0117351066327185,566,2236,61790,443,1,2,1,0,0,91.86622140759957,NORMAL,NORMAL
1.0745245160010986,337,5923,60065,443,1,1,2,0,0,156.31085245014674,NORMAL,NORMAL
0.29053360947173723,536,2338,53288,443,1,1,3,0,0,208.58450734585682,NORMAL,NORMAL
0.1750715244841473,184,75,50826,3389,1,44,19,9,0,153.2291220077388,MALICIOUS,BRUTE_FORCE
0.5199875687976674,561,6381,59741,80,2,0,1,0,0,100.06448751491791,NORMAL,NORMAL
2.430600516200062,1424,503,60461,443,1,21,17,0,0,2840.1739912205708,MALICIOUS,WEB_ATTACK
0.2426100863694595,194,117,60929,22,1,16,42,16,0,212.2507413544302,MALICIOUS,BRUTE_FORCE
1.7451698779718452,734,1428,53001,22,1,2,2,3,0,133.95591923167063,SUSPICIOUS,SUSPICIOUS_LOGIN
0.028507438413926382,61,0,57210,264,1,85,1,0,0,1122.7945567188112,MALICIOUS,PORT_SCAN
0.01664614277789249,565,4706,56872,443,1,1,2,0,0,152.10321413609594,NORMAL,NORMAL
0.04538812108623961,46,0,54865,137,1,74,2,0,0,568.0766515865068,MALICIOUS,PORT_SCAN
71.80279181519181,3948914,4096,61892,53,2,2,1,0,0,251991.74153405166,MALICIOUS,DATA_EXFILTRATION
0.731182587430883,170,4482,64241,443,1,2,2,0,0,143.13923554284108,NORMAL,NORMAL
0.5292105173816685,339,1866,63928,80,1,0,0,0,0,168.71306900943833,NORMAL,NORMAL
0.39728467292198355,218,46,62412,22,1,32,54,23,0,150.94519070991586,MALICIOUS,BRUTE_FORCE
1.2824251275191152,3726,335,49158,80,1,9,12,0,0,731.835169019131,MALICIOUS,WEB_ATTACK
0.05557311103682913,747,2014,61716,5432,1,1,2,0,0,152.35930886229502,NORMAL,NORMAL
1.1024764527239344,352,361,61592,445,1,5,5,0,1,253.60282998537932,MALICIOUS,PRIVILEGE_ESCALATION
79.47805407669998,7523144,5808,59198,443,1,3,1,0,0,165796.20748240102,MALICIOUS,DATA_EXFILTRATION
1.7818788696434744,1165,4328,58677,443,1,4,2,0,0,177.26956550943592,NORMAL,NORMAL
0.0346147775190076,671,2580,51818,80,1,0,2,0,0,131.82628323266346,NORMAL,NORMAL
0.034124613788514155,694,4058,51959,443,1,5,0,0,0,209.8039085806236,NORMAL,NORMAL
0.3665781234373498,652,2183,52171,443,1,3,0,0,0,109.51690229080916,NORMAL,NORMAL
0.03306426810933262,266,1975,53711,80,1,2,0,0,0,121.93090613616451,NORMAL,NORMAL
0.041544910666313536,1056,9409,49861,443,1,3,0,0,0,150.0842100549269,NORMAL,NORMAL
0.9984849235120719,916,4238,54631,80,2,1,0,0,0,158.31565831376093,NORMAL,NORMAL
0.1210983624343116,149,96,55017,3389,1,40,57,22,0,113.56366876486692,MALICIOUS,BRUTE_FORCE
3.342643335664584,1498,4164,59037,443,1,3,1,0,0,143.24713107239958,NORMAL,NORMAL
1.9568432169225856,248,6316,56072,443,1,2,2,0,0,132.0707960946346,NORMAL,NORMAL
1.6490690372825176,378,5002,57048,80,1,1,0,0,0,175.2731247107884,NORMAL,NORMAL
0.2763984119669716,756,3709,56016,80,1,6,4,0,0,181.95670432876943,NORMAL,NORMAL
1.2994454484517939,272,10435,58018,443,1,0,2,0,0,203.21729377515265,NORMAL,NORMAL
1.6979350780521338,436,3427,51657,443,2,4,6,0,0,126.2688659538432,NORMAL,NORMAL
1.7074072674476914,1448,4363,60632,3306,2,1,1,0,0,129.11151093951418,NORMAL,NORMAL
0.43007639697750866,66,144,60058,22,1,32,49,21,0,206.4485120668673,MALICIOUS,BRUTE_FORCE
2.0662892028631177,3615,490,64469,80,1,24,13,0,0,2126.6634616411257,MALICIOUS,WEB_ATTACK
1.1477374172977226,461,3623,62435,443,1,0,0,0,0,140.0917120626201,NORMAL,NORMAL
0.6626745989421094,210,84,57768,445,1,20,15,22,0,177.84275694698297,MALICIOUS,BRUTE_FORCE
3.445696260074826,440,6234,50984,80,1,2,1,0,0,90.17854969282448,NORMAL,NORMAL
0.057677714974592426,56,0,58800,1003,1,30,2,0,0,843.3010949916329,MALICIOUS,PORT_SCAN
0.18317047428889807,126,1942,59646,443,1,6,1,0,0,149.0023118630428,NORMAL,NORMAL
0.11226489835568687,171,4789,51590,443,1,2,1,0,0,148.37926599856831,NORMAL,NORMAL
1.8893985774225528,418,4235,62814,53,2,1,1,0,0,158.85154456029125,NORMAL,NORMAL
1.753446889138678,965,4073,51455,53,1,0,2,0,0,151.23983078623627,NORMAL,NORMAL
0.8151403625332374,3064,596,59407,80,1,14,8,0,0,1624.6463961208992,MALICIOUS,WEB_ATTACK
0.13773537755255744,580,4845,65439,80,1,1,1,0,0,81.63094403189616,NORMAL,NORMAL
3.451853686827195,485,449,57526,3389,1,2,2,2,0,168.37052056966544,SUSPICIOUS,SUSPICIOUS_LOGIN
2.3041984848001724,5236,649,49629,443,1,20,14,0,0,2857.1044645353386,MALICIOUS,WEB_ATTACK
0.159820664874602,180,46,64531,22,1,58,55,12,0,84.00203591686518,MALICIOUS,BRUTE_FORCE
0.012532119187867286,234,4084,65435,8080,1,3,3,0,0,192.37922120693355,NORMAL,NORMAL
0.045732156844474896,65,0,51833,332,2,83,2,0,0,1005.1785614384473,MALICIOUS,PORT_SCAN
0.6051956120940808,1367,9736,56483,80,1,2,4,0,0,193.08358137036265,NORMAL,NORMAL
1.0215847670708211,859,3862,50866,443,1,2,5,0,0,213.61951045151113,NORMAL,NORMAL
0.42722948735832084,871,4744,58743,53,1,2,0,0,0,238.7098142619392,NORMAL,NORMAL
0.7596286207539568,143,146,54790,3389,1,25,51,16,0,132.4904522205641,MALICIOUS,BRUTE_FORCE
3.1989442292603307,70,2850,56887,443,1,1,2,0,0,153.8746214250471,NORMAL,NORMAL
1.3894665590292459,252,487,58920,445,1,6,4,1,1,294.8778112934989,MALICIOUS,PRIVILEGE_ESCALATION
1.6610521483476557,1516,348,49656,80,1,22,19,0,0,1099.4341464795434,MALICIOUS,WEB_ATTACK
0.40998862929242647,645,7849,62719,443,1,1,1,0,0,109.25164879217716,NORMAL,NORMAL
0.22540917885940204,538,2084,61317,80,1,1,0,0,0,220.15300979398992,NORMAL,NORMAL
107.57532956947868,10919965,4879,52914,53,1,3,1,0,0,354036.4361275034,MALICIOUS,DATA_EXFILTRATION
2.3299994638220083,901,6557,53253,5432,1,0,2,0,0,240.17529576143755,NORMAL,NORMAL
0.06275315261130368,64,0,41127,44,1,47,1,0,0,706.8148657095442,MALICIOUS,PORT_SCAN
1.3594020388309613,1901,4710,51660,53,1,4,1,0,0,71.3097734479676,NORMAL,NORMAL
0.5963629847506658,76,116,58996,3389,1,27,20,5,0,102.22987806386863,MALICIOUS,BRUTE_FORCE
0.04236606479376173,50,0,56402,499,1,89,1,0,0,813.7318631456474,MALICIOUS,PORT_SCAN
1.1647313989375747,165,3536,58509,443,1,0,1,0,0,114.64040404311994,NORMAL,NORMAL
1.5368187600466632,386,1303,59036,443,1,4,3,1,0,205.1079546105394,SUSPICIOUS,SUSPICIOUS_LOGIN
5.199014535818783,74,4603,59027,5432,1,0,3,0,0,78.5889692086944,NORMAL,NORMAL
0.044890399786827365,54,0,51388,497,1,48,2,0,0,696.9270999929289,MALICIOUS,PORT_SCAN
0.7367354110317126,105,145,61520,22,1,39,49,20,0,226.00935577030342,MALICIOUS,BRUTE_FORCE
84.22948075581577,3845889,1676,59248,443,1,2,1,0,0,178512.77199277288,MALICIOUS,DATA_EXFILTRATION
0.06423934748306394,48,0,46300,202,1,102,2,0,0,851.8393791396642,MALICIOUS,PORT_SCAN
0.5248466023765745,206,103,60250,445,1,55,24,14,0,174.8601048798428,MALICIOUS,BRUTE_FORCE
0.5234688463785446,999,9208,58865,80,2,0,1,0,0,70.71933609339841,NORMAL,NORMAL
0.18597080668980193,414,4251,56396,443,2,2,3,0,0,92.24297811704972,NORMAL,NORMAL
0.5402035050105563,221,374,50223,445,1,7,3,0,1,183.94766458509633,MALICIOUS,PRIVILEGE_ESCALATION
0.027168564986861522,53,0,43644,129,2,103,1,0,0,1100.6037318652388,MALICIOUS,PORT_SCAN
1.336154984843271,667,452,52226,22,1,4,4,1,0,253.48292151073804,SUSPICIOUS,SUSPICIOUS_LOGIN
2.810060653192162,304,422,51265,445,1,4,7,1,1,329.35803439085805,MALICIOUS,PRIVILEGE_ESCALATION
1.8562707696694274,457,3243,61074,443,1,0,3,0,0,137.01468582556492,NORMAL,NORMAL
0.10771558495045867,248,7829,60953,53,1,1,4,0,0,111.00529296772042,NORMAL,NORMAL
0.3135965642296124,888,4806,58958,80,2,1,2,0,0,159.54976382399352,NORMAL,NORMAL
1.7456440294946656,2062,287,56339,443,1,17,24,0,0,2478.1552012211832,MALICIOUS,WEB_ATTACK
0.9869050876825796,327,5998,56548,443,1,4,1,0,0,151.21134546211854,NORMAL,NORMAL
0.1177780012694536,628,2203,52495,53,1,4,1,0,0,112.45648507667262,NORMAL,NORMAL
0.6322716717639273,166,140,51963,22,1,52,55,21,0,107.69834741861564,MALICIOUS,BRUTE_FORCE
0.15612454676075177,66,5634,64491,53,1,4,1,0,0,117.46260876316109,NORMAL,NORMAL
7.60093308979293,1039,1973,64390,80,1,0,2,0,0,143.5652497067281,NORMAL,NORMAL
1.6862221702769777,807,3676,50499,80,1,0,0,0,0,109.58664599054245,NORMAL,NORMAL
85.47880821558623,5570829,6718,56457,443,1,3,1,0,0,156095.57424436935,MALICIOUS,DATA_EXFILTRATION
88.91031692542234,8422442,2940,63218,8443,1,3,1,0,0,412422.44061289256,MALICIOUS,DATA_EXFILTRATION
0.07633613069012724,54,0,57638,638,1,69,2,0,0,1085.8279490118111,MALICIOUS,PORT_SCAN
1.9367166325589873,578,9013,62446,443,1,7,0,0,0,117.02922987574959,NORMAL,NORMAL
0.2794945145594221,85,126,53904,22,1,41,25,8,0,129.05078803901318,MALICIOUS,BRUTE_FORCE
4.235339576728201,773,6952,60915,443,1,3,4,0,0,173.84224836184416,NORMAL,NORMAL
2.3781836931264877,117,4864,50068,443,1,4,7,0,0,167.78733478867,NORMAL,NORMAL
0.34396713600664647,565,4446,54706,53,1,1,3,0,0,155.06979464603262,NORMAL,NORMAL
0.6964062255005706,207,48,52318,22,1,21,47,5,0,182.01407698353592,MALICIOUS,BRUTE_FORCE
0.5304089054291737,115,69,50795,22,1,36,58,14,0,172.9466489304129,MALICIOUS,BRUTE_FORCE
0.7882134400949111,623,4214,62077,80,1,4,2,0,0,154.52082841195315,NORMAL,NORMAL
0.6755767083698894,449,4250,51397,443,1,1,0,0,0,185.8934698281975,NORMAL,NORMAL
2.3533626424489764,498,1164,61014,22,1,5,2,2,0,126.93613473790413,SUSPICIOUS,SUSPICIOUS_LOGIN
0.4566088026723465,137,66,54702,3389,1,20,55,18,0,182.0096773610918,MALICIOUS,BRUTE_FORCE
1.034783438069991,374,1434,56178,5432,1,1,4,0,0,151.15790083917116,NORMAL,NORMAL
0.37609218631181185,967,3819,62351,443,1,2,1,0,0,102.1755200034396,NORMAL,NORMAL
1.429357307219626,2594,294,51588,80,1,22,22,0,0,1382.2493101993966,MALICIOUS,WEB_ATTACK
5.228234351935051,456,5315,59689,443,1,3,5,0,0,145.23102574936382,NORMAL,NORMAL
0.1103130965681412,328,12648,50738,53,2,3,3,0,0,145.47625469769335,NORMAL,NORMAL
2.5793254228870386,917,3057,55167,5432,1,1,2,0,0,191.02909715833744,NORMAL,NORMAL
0.0014885350390441325,663,6572,60267,443,1,1,4,0,0,239.16265089558667,NORMAL,NORMAL
2.168689067608202,1529,2450,54255,443,1,6,3,0,0,139.14074129572262,NORMAL,NORMAL
1.6516871224959169,517,880,58523,22,1,5,5,3,1,259.2558780705603,SUSPICIOUS,SUSPICIOUS_LOGIN
2.34299252150769,247,1755,59204,443,1,0,0,0,0,150.73120343035285,NORMAL,NORMAL
4.5805824224731975,401,475,49887,22,1,3,5,1,0,141.22475788653213,SUSPICIOUS,SUSPICIOUS_LOGIN
3.482898186054549,124,3198,49808,3306,2,1,0,0,0,115.80572789817695,NORMAL,NORMAL
0.20376527205634803,1663,10330,50098,5432,1,2,4,0,0,183.6137260160164,NORMAL,NORMAL
0.010043973502484415,64,0,56515,375,1,86,2,0,0,1155.0686354547197,MALICIOUS,PORT_SCAN
0.4521817991176637,817,2295,52828,443,1,0,3,0,0,137.755670462281,NORMAL,NORMAL
1.0659996079321785,231,2943,53258,53,1,3,3,0,0,152.82788086659357,NORMAL,NORMAL
0.5545714114945179,514,5058,56822,8080,1,1,5,0,0,151.82590966821832,NORMAL,NORMAL
0.13328219195937416,392,1785,50533,80,1,2,5,0,0,103.64530502443169,NORMAL,NORMAL
2.812596645048982,1221,2136,61568,53,1,2,2,0,0,231.54165581155303,NORMAL,NORMAL
0.053269450820979454,59,0,53762,41,1,107,2,0,0,586.2315162706835,MALICIOUS,PORT_SCAN
2.0685241261002734,1179,4576,54765,53,1,1,3,0,0,176.38154102365687,NORMAL,NORMAL
3.632639949636389,395,968,62169,3389,1,5,5,3,0,176.27506014728382,SUSPICIOUS,SUSPICIOUS_LOGIN
0.5124651951745905,207,40,50027,22,1,22,31,24,0,101.78555019477922,MALICIOUS,BRUTE_FORCE
118.25549751097824,6565505,1676,54846,53,1,3,1,0,0,217248.83943138426,MALICIOUS,DATA_EXFILTRATION
0.02283902082733667,1116,7164,53347,80,1,1,2,0,0,173.90926832454497,NORMAL,NORMAL
0.25733573072871657,147,77,61073,22,1,52,35,11,0,177.74061106166468,MALICIOUS,BRUTE_FORCE
2.041344245516473,197,4341,55515,443,1,2,1,0,0,186.16772424640936,NORMAL,NORMAL
0.06278920330564444,57,0,49222,825,1,115,2,0,0,1128.4567246613715,MALICIOUS,PORT_SCAN
2.1908810405435624,485,828,55222,22,1,2,5,2,0,162.39298505065415,SUSPICIOUS,SUSPICIOUS_LOGIN
4.857719953300629,279,897,52810,443,1,5,4,2,1,288.52733402583027,SUSPICIOUS,SUSPICIOUS_LOGIN
1.1431298166922037,670,7173,51176,80,2,2,0,0,0,188.05224977197935,NORMAL,NORMAL
7.733570202067067,523,3616,64069,443,2,1,2,0,0,135.9173874113532,NORMAL,NORMAL
5.810069111652706,401,8062,58318,443,1,1,0,0,0,131.26625736375792,NORMAL,NORMAL
0.5805296205277197,13,3982,56589,53,1,5,3,0,0,154.12877246715055,NORMAL,NORMAL
0.6773824540575649,373,1724,51076,443,1,2,1,0,0,183.22122417673714,NORMAL,NORMAL
0.04751951823638677,774,1750,61804,80,1,2,3,0,0,189.42890867294255,NORMAL,NORMAL
0.039858213676294045,56,0,51452,185,1,118,1,0,0,780.0614274077852,MALICIOUS,PORT_SCAN
0.18775558400454118,246,5723,61548,80,1,1,1,0,0,125.7732647296595,NORMAL,NORMAL
3.0695577029178183,22,5159,55369,443,1,0,0,0,0,134.29753226680694,NORMAL,NORMAL
1.4677017452325936,1034,4233,56433,53,1,1,2,0,0,128.49416968880735,NORMAL,NORMAL
101.03922496152886,2819975,1173,65248,443,1,2,1,0,0,424357.1137561403,MALICIOUS,DATA_EXFILTRATION
0.05048303236795805,41,0,57932,760,1,62,2,0,0,937.0163732144686,MALICIOUS,PORT_SCAN
39.40268669280429,9138311,3061,57219,443,1,2,1,0,0,234607.21652402382,MALICIOUS,DATA_EXFILTRATION
6.097634361375082,1164,3231,61588,3306,1,5,2,0,0,183.10630038940795,NORMAL,NORMAL
0.09668808037464148,810,5001,54313,80,1,1,6,0,0,134.3331756198387,NORMAL,NORMAL
0.28295478534462815,426,2380,64185,443,1,0,3,0,0,122.22068496551128,NORMAL,NORMAL
0.03145073446822347,296,3601,55849,443,1,2,3,0,0,145.04731627266378,NORMAL,NORMAL
0.3780873794197692,349,4360,51333,443,1,2,0,0,0,189.13821617250323,NORMAL,NORMAL
0.07771984444408078,42,0,41521,631,1,54,1,0,0,791.6926199566127,MALICIOUS,PORT_SCAN
2.743364469201369,621,974,64069,3389,1,5,3,3,0,246.75552242009195,SUSPICIOUS,SUSPICIOUS_LOGIN
0.7353160090976739,192,140,59820,3389,1,48,26,15,0,210.20310692761055,MALICIOUS,BRUTE_FORCE
10.279363958505357,4356521,7955,57234,8443,2,1,1,0,0,54340.94773824224,MALICIOUS,DATA_EXFILTRATION
2.4714788047191547,410,1524,62498,80,1,1,4,0,0,191.4868589012802,NORMAL,NORMAL
4.671094075348437,487,3345,51413,80,2,5,6,0,0,139.39275921671594,NORMAL,NORMAL
1.4773002738136787,5032,273,64919,443,1,18,14,0,0,690.8143097016547,MALICIOUS,WEB_ATTACK
2.3590905576346732,1504,3772,51812,443,1,5,1,0,0,123.38058341239139,NORMAL,NORMAL
2.955934387777678,333,413,53428,22,1,7,6,0,1,390.3937335443577,MALICIOUS,PRIVILEGE_ESCALATION
0.3179012253448653,1100,7796,51902,3306,1,3,3,0,0,155.4336699243245,NORMAL,NORMAL
0.07124164132114777,42,0,40486,667,1,108,2,0,0,853.3578835346241,MALICIOUS,PORT_SCAN
0.759304731208428,593,6214,62746,443,2,2,2,0,0,90.18374999851879,NORMAL,NORMAL
0.2701252982617562,123,100,61522,3389,1,56,55,11,0,204.1580783321159,MALICIOUS,BRUTE_FORCE
0.31733382280924516,43,7876,56670,443,1,2,0,0,0,187.58515387710924,NORMAL,NORMAL
0.5400164492101034,131,119,51140,22,1,41,50,8,0,236.5098259803442,MALICIOUS,BRUTE_FORCE
0.06874391007491111,68,0,57737,9,1,32,1,0,0,856.6044225497537,MALICIOUS,PORT_SCAN
2.4566968958591757,1166,4283,60571,443,1,2,2,0,0,130.55454132604672,NORMAL,NORMAL
3.9252904489212,500,7409,62485,80,1,2,3,0,0,105.25166692452358,NORMAL,NORMAL
0.42941190050229316,125,123,58394,3389,1,33,30,18,0,153.4888078405146,MALICIOUS,BRUTE_FORCE
3.627451637998691,845,8740,56561,443,1,4,4,0,0,163.69827672030058,NORMAL,NORMAL
0.5614919524138193,3619,364,55692,80,1,18,16,0,0,2098.567218186251,MALICIOUS,WEB_ATTACK
0.5836495833703479,306,4603,59779,53,1,3,2,0,0,109.68862912329263,NORMAL,NORMAL
0.013785960861319207,833,3719,60437,80,1,1,3,0,0,131.01026180812812,NORMAL,NORMAL
0.35199450063452853,271,3645,59902,443,1,3,2,0,0,185.70449843377185,NORMAL,NORMAL
0.5994311245259916,1062,3454,63009,443,1,6,1,0,0,185.06087221044538,NORMAL,NORMAL
3.4744517522631386,769,2796,62885,53,1,1,2,0,0,76.25327910177253,NORMAL,NORMAL
0.2650015136246523,1206,660,64954,443,1,1,2,0,0,96.466132755879,NORMAL,NORMAL
0.14910003611614991,458,2791,49215,80,1,1,1,0,0,163.88419542342115,NORMAL,NORMAL
0.8581071323585381,759,2970,54043,443,1,3,1,0,0,132.50962378489203,NORMAL,NORMAL
0.2633679331578796,769,2753,57277,80,1,3,0,0,0,136.61194128094544,NORMAL,NORMAL
4.623445729826967,108,6782,61192,443,1,3,1,0,0,232.2520404077008,NORMAL,NORMAL
2.500843341465327,839,2588,55910,80,1,3,2,0,0,189.79021141057694,NORMAL,NORMAL
0.07220595520074442,645,10281,49772,443,1,3,1,0,0,182.08119741083829,NORMAL,NORMAL
0.20913679408373786,1689,8711,57157,80,2,1,2,0,0,137.5691463822691,NORMAL,NORMAL
0.8206560517652013,328,1158,59258,80,2,0,1,0,0,160.9562400192729,NORMAL,NORMAL
0.021246188648002783,57,0,62742,244,1,119,1,0,0,592.3424231951215,MALICIOUS,PORT_SCAN
0.06866611160836521,68,0,48635,184,1,54,2,0,0,1139.789843152138,MALICIOUS,PORT_SCAN
0.27682652526375395,168,96,61524,22,1,24,41,24,0,171.60606022051365,MALICIOUS,BRUTE_FORCE
1.1379980611891884,105,4636,55146,443,1,2,2,0,0,191.5180892650471,NORMAL,NORMAL
0.2063979323720872,1085,4955,55380,443,1,1,6,0,0,122.10565312032168,NORMAL,NORMAL
0.35647667161434526,292,7067,56046,53,2,2,2,0,0,140.58197303682095,NORMAL,NORMAL
1.946905771595234,497,720,54795,22,1,3,4,3,0,218.4936748347775,SUSPICIOUS,SUSPICIOUS_LOGIN
0.2169235665529821,145,41,49624,22,1,17,57,11,0,90.96246950542604,MALICIOUS,BRUTE_FORCE
0.23550823357220035,289,2756,56973,80,1,2,4,0,0,169.50206880753572,NORMAL,NORMAL
1.9460479689822763,287,7818,59824,443,1,1,0,0,0,177.60947201521088,NORMAL,NORMAL
0.11459896492117319,748,1530,50199,443,1,1,2,0,0,124.55138406593782,NORMAL,NORMAL
1.0829595463493737,1056,2657,57658,3306,2,3,4,0,0,186.109754220752,NORMAL,NORMAL
0.9927810638186326,903,4451,51752,443,1,0,2,0,0,243.22318717459808,NORMAL,NORMAL
0.7167584847574364,137,3647,58796,53,1,0,0,0,0,184.2076475732617,NORMAL,NORMAL
0.05152686211527534,1511,4308,65174,443,1,5,0,0,0,132.40556847784416,NORMAL,NORMAL
3.343588955193483,1122,4702,52337,53,1,3,2,0,0,123.14704769372088,NORMAL,NORMAL
1.3935748782044288,290,14603,50022,8080,1,1,2,0,0,140.20880568378146,NORMAL,NORMAL
1.3852221920608394,182,4166,59831,443,1,2,3,0,0,190.46077455899416,NORMAL,NORMAL
2.769524492248776,388,220,62345,22,1,5,5,0,1,265.5566970481544,MALICIOUS,PRIVILEGE_ESCALATION
0.622348373655544,1915,493,65282,80,1,20,15,0,0,820.8877369358713,MALICIOUS,WEB_ATTACK
0.6254323235274148,146,121,62625,3389,1,58,29,17,0,248.02736233300587,MALICIOUS,BRUTE_FORCE
3.562558282053742,559,561,56607,22,1,3,2,2,1,211.5749193656314,SUSPICIOUS,SUSPICIOUS_LOGIN
0.006544041330764657,2290,3962,59332,3306,1,1,3,0,0,170.62253468292917,NORMAL,NORMAL
2.124273751372933,475,1803,63515,8080,1,3,3,0,0,113.09368767993794,NORMAL,NORMAL
2.8501934968787923,516,3583,59344,80,1,1,0,0,0,135.54725270838415,NORMAL,NORMAL
0.02501308388718535,87,7288,55169,53,1,0,1,0,0,76.28252375009298,NORMAL,NORMAL
1.519273386569691,258,2939,50003,80,1,4,3,0,0,162.14770375684787,NORMAL,NORMAL
1.604841150923916,309,2516,52443,53,2,2,1,0,0,114.30176642572386,NORMAL,NORMAL
1.6882214510446152,212,4290,56669,443,1,2,1,0,0,190.09565464286544,NORMAL,NORMAL
0.18389919917579,101,69,52317,3389,1,52,52,11,0,161.1405974168812,MALICIOUS,BRUTE_FORCE
0.48392606945574745,66,78,51585,3389,1,42,58,23,0,241.24532063645688,MALICIOUS,BRUTE_FORCE
4.919393020963426,438,1084,64076,443,1,4,5,3,1,283.2497216124609,SUSPICIOUS,SUSPICIOUS_LOGIN
1.032436735392448,378,3594,64067,5432,1,1,3,0,0,126.73619107719477,NORMAL,NORMAL
0.31804962796958824,68,42,51644,22,1,53,27,13,0,198.48954454944743,MALICIOUS,BRUTE_FORCE
0.060945605933811875,45,0,46338,1019,1,59,1,0,0,849.1683823356586,MALICIOUS,PORT_SCAN
0.8035297564674145,354,7483,57429,443,2,5,0,0,0,119.84843637615093,NORMAL,NORMAL
